company_name,city,state,funding_stage,last_funding_date,estimated_revenue,operating_status,website,full_description,employee_range,contact_email,founder_name,industries
Bluesky,Seattle,Washington,Series B,"Apr 1, 2025",,Active,bsky.social,"Bluesky develops an open social media and a microblogging platform designed to facilitate decentralized communication and user identity. The organization provides an ecosystem where individuals can choose their own algorithms, subscribe to custom feeds, and manage their experience through personalized moderation tools. Its infrastructure allows for a shared identity across the social internet, enabling developers to build independent applications on a common foundation.",11-50,support@bsky.app,Jay Graber,"Media and Entertainment, Messaging and Telecommunications, Software, Apps, Messaging, Social Media, Social Network"
Function Health,Austin,Texas,Series B,"Nov 19, 2025",$10M to $50M,Active,www.functionhealth.com,Function Health is a health platform offering lab tests to help individuals monitor their health.,11-50,hello@functionhealth.com,Daniel Swerdlin,"Health Care, Health Diagnostics, Medical, Personal Health, Software"
Writer,San Francisco,California,Series C,"Nov 12, 2024",$50M to $100M,Active,writer.com,"Writer is a full-stack generative AI platform that helps businesses use large language models to generate writing and content that can be used across different departments, including operations, products, sales, human resources, marketing, and more. Its platform provides an integrated system of LLMs, graph-based RAG, AI guardrails, and development tools for organizations to deploy AI apps and workflows that deliver impactful return on investment.",251-500,marketing@writer.com,May Habib,"Science and Engineering, Software, Agentic AI, Content, Foundational AI, Generative AI, Natural Language Processing"
Sage,Brooklyn,New York,Series C,"Mar 5, 2026",,Active,www.sagehealth.com,"Sage develops software and connected hardware used by senior living communities to manage resident care and facility operations. The company provides a unified care platform that integrates nurse call systems, fall detection tools, communication features, and data analytics into a single environment used by caregivers and facility staff. Its platform includes products such as Sage Core, Sage Detect, and Sage Insight, which support care coordination, safety monitoring, and operational visibility across assisted living and long-term care environments. The system collects real-time information from devices and care workflows to help staff track resident needs, respond to alerts, and document care activities. Facilities use the platform to manage tasks such as call response, fall management, and communication between caregivers and administrators. The software also integrates with electronic health records and other facility systems to create a centralized source of information about resident care and operational activities.",101-250,bd@hellosage.com,Ellen Johnston,"Elder Care, Medical, Nursing and Residential Care, Software"
Parallel,Palo Alto,California,Series B,"Apr 28, 2026",,Active,www.parallel.ai,"Parallel develops web-based infrastructure and APIs designed to enable artificial intelligence systems to access, process, and act on information from the open web. Its platform provides tools such as search, extraction, task execution, and monitoring APIs that allow AI agents to perform complex, multi-step research and data retrieval workflows. The company focuses on building systems that combine data retrieval, computation, and reasoning into unified outputs, emphasizing verifiable results and traceable sources. Its technology supports use cases such as structured data generation, continuous web monitoring, and automated dataset enrichment using real-time web data. Overall, Parallel Web Systems is oriented toward creating infrastructure that enables AI agents to interact with the web programmatically rather than through traditional human browsing patterns.",11-50,hello@parallel.ai.,Parag Agrawal,"Science and Engineering, Software, Artificial Intelligence (AI), Developer APIs, Information Technology"
Clay,New York,New York,Series C,"Jun 13, 2025",,Active,clay.com,"Clay provides a platform for go-to-market teams to use unique data and AI. The platform offers access to over 100 data providers for contact information, firmographics, and other data points. It also includes an AI research agent to automate manual research and create flexible workflows.",101-250,friends@clay.com,Kareem Amin,"Sales and Marketing, Science and Engineering, Software, Artificial Intelligence (AI), Developer Tools, Lead Generation, Productivity Tools, Sales Automation"
Kashable,New York,New York,Series C,"Apr 27, 2026",,Active,kashable.com,"Kashable is a financial technology company that provides employer-sponsored lending and financial wellness solutions to employees. The platform offers access to personal loans as a voluntary workplace benefit, with repayment typically managed through payroll deductions and integrated with employer HR and payroll systems. It focuses on delivering financing options intended for workers who may need funds for unexpected expenses, with loan amounts, terms, and rates determined based on eligibility and financial history. In addition to lending, Kashable provides tools such as budgeting support, credit monitoring, and financial education resources to help users manage their finances. The company operates through partnerships with employers and benefits platforms to extend these services to a broad employee base across various industries.",101-250,info@kashable.com,Einat Steklov,"Other, Consumer, Employee Benefits, Finance, Financial Services, FinTech"
AcuityMD,Boston,Massachusetts,Series C,"Apr 21, 2026",,Active,acuitymd.com,"AcuityMD provides a software platform designed for the medical technology sector that integrates healthcare data with internal sales information to support commercial decision-making. Its system enables users to identify target markets, evaluate opportunities, and manage sales processes such as pipeline tracking, territory alignment, and contract performance within a unified workflow. The platform combines real-world healthcare data with analytics to help organizations understand how and where medical devices are used, translating complex data into actionable insights for sales and marketing teams. It is used by a range of medical device companies, from early-stage firms to large enterprises, to guide commercialization strategies and monitor market performance.",251-500,info@acuitymd.com,Lee Smith,"Health Care, Information Technology, Medical Device, mHealth"
eMed,Miami,Florida,Series A,"Mar 26, 2026",$10M to $50M,Active,www.emed.com,"eMed provides digital healthcare services that combine telehealth consultations, diagnostic testing, and treatment support through an integrated platform. The eMed Population Health app, funded by employers, is a personalized tool for weight management, helping users take control of their health. eMed facilitates easier connections with patients through features like live video consultations and real-time scheduling.",101-250,,Dr. Patrice A. Harris,"Internet Services, Mobile, Software, Agentic AI, Communications Infrastructure, Health Care, Internet, mHealth"
Wealth.com,Tempe,Arizona,Series B,"Apr 16, 2026",$50M to $100M,Active,wealth.com,"Wealth.com provides an artificial intelligence-powered estate and tax planning platform designed for financial advisors, enabling them to deliver structured, ongoing wealth planning services to clients. The company’s software integrates estate planning, tax analysis, and financial data into a single system that supports the creation, management, and continuous optimization of wealth strategies. Its core platform allows advisors to generate legal estate planning documents such as wills, trusts, and powers of attorney, while also offering tools to visualize wealth transfer scenarios and model long-term outcomes. The system includes a client portal where individuals can upload documents, track assets, and collaborate with advisors and other professionals involved in their financial planning.",51-100,info@wealth.com,Danny Lohrfink,"Science and Engineering, Software, Artificial Intelligence (AI), Financial Services, FinTech, Machine Learning, Wealth Management"
Cowbell,Pleasanton,California,Series C,"Jul 26, 2024",$100M to $500M,Active,cowbell.insure,"Cowbell is a pioneer of Adaptive Cyber Insurance, leading the way in providing small and medium-sized enterprises (SMEs) with coverage adaptable to today's and tomorrow's threats and the advanced warning of cyber risk exposures. With its unique AI-based approach to risk selection and pricing, Cowbell's continuous underwriting platform, powered by Cowbell Factors, compresses the insurance process from submission to issue in less than 5 minutes. Backed by 25 prominent global (re)insurance partners, Cowbell serves SMEs across 50 U.S. states, the District of Columbia, and the United Kingdom, assessing businesses with revenues up to $1B globally. Founded in 2019, Cowbell is based in the San Francisco Bay Area and has employees across the U.S., Canada, India, and the U.K.",101-250,webrequest@cowbellcyber.ai,Jack Kudale,"Professional Services, Science and Engineering, Software, Artificial Intelligence (AI), FinTech, Insurance, InsurTech, Risk Management"
Factory,San Francisco,California,Series C,"Apr 16, 2026",,Active,www.factory.ai,"Factory functions within integrated development environments, command line interfaces, and continuous integration pipelines. The technology allows for the delegation of technical tasks, including code refactors, system migrations, and incident responses. These digital agents also perform automated code reviews and facilitate the maintenance of builds during the development process. Integration extends to communication platforms and project management software, allowing users to trigger actions from various interfaces. The system supports the parallelization of agents to manage software updates and maintenance across multiple operating systems.",101-250,support@factory.ai,Eno Reyes,"Software, Agentic AI, Artificial Intelligence (AI), Developer Tools, Software Engineering"
Mercor,San Francisco,California,Series C,"Oct 27, 2025",$100M to $500M,Active,mercor.com,"Mercor presents an AI-powered platform that helps connect domain experts with roles in AI and other tech disciplines. It supports sourcing, vetting, and payment for talent, offering remote, expert-level assignments across fields like software engineering, consulting, data and legal. Additionally, the platform includes an interview preparation section where candidates can access hundreds of expert-reviewed mock interviews in areas such as software, design, security and analytics. Mercor uses machine-driven interview tools to assess candidate performance, aiming to streamline how expertise is matched to project work.",251-500,support@mercor.com,Adarsh Hiremath,"Science and Engineering, Software, Artificial Intelligence (AI), Employment, Machine Learning, Recruiting"
Kailera Therapeutics,Waltham,Massachusetts,Series B,"Oct 14, 2025",,Active,www.kailera.com,"Kailera Therapeutics is a clinical-stage biopharmaceutical company developing therapeutic pipelines for obesity and type 2 diabetes. The pipeline includes injectable and oral peptides, such as GLP-1/GIP and GLP-1/GIP/Glucagon receptor agonists. Kailera Therapeutics licenses its therapies and conducts clinical trials focused on delivering treatment options for chronic weight management.",101-250,Johrenk7@gmail.com,,"Biotechnology, Pharmaceutical, Therapeutics"
Suno,Cambridge,Massachusetts,Series C,"Nov 19, 2025",$100M to $500M,Active,www.suno.com,"Suno is a music-technology company that provides an AI-powered platform for generating original songs from simple text prompts. It combines composition, lyrics, vocals, and instrumentation into fully produced tracks, making song-writing accessible even without musical training. Through Suno Studio, the company offers a browser-based generative audio workstation (GAW) that lets users layer and edit stems (vocals, drums, synths, etc.), adjust tempo and volume, and export as audio or MIDI. The platform also supports uploading of audio clips to remix or build around, giving creators both AI-assisted inspiration and hands-on control.",101-250,support@suno.com,Georg Kucsko,"Media and Entertainment, Music and Audio, Science and Engineering, Apps, Artificial Intelligence (AI), Music, Software"
Cala Health,San Mateo,California,Series C,"Apr 20, 2026",$10M to $50M,Active,calahealth.com/,"Cala Health is a bioelectronic medicine company focused on developing wearable neuromodulation therapies for chronic diseases. The company integrates neuroscience and technology to provide individualized peripheral nerve stimulation. Its primary product, Cala Trio therapy, is a non-invasive prescription treatment for essential tremor. Cala Health is also working on therapies for Parkinson's disease and other neurological conditions and areas in psychiatry, cardiology, and autoimmune disorders.",101-250,info@calahealth.com,Kate Rosenbluth,"Health Care, Science and Engineering, Medical, Medical Device, Neuroscience, Wearables"
Cognition,San Francisco,California,Series C,"Sep 8, 2025",,Active,www.cognition.ai,Cognition AI is an applied AI lab focused on building end-to-end software agents that act as collaborative AI teammates. Their aim is to support engineering teams in being more efficient and innovative in their projects.,101-250,,Russell Kaplan,"Internet Services, Science and Engineering, Software, Artificial Intelligence (AI), Foundational AI, Generative AI, Information Technology, Internet"
Resolve.ai,San Francisco,California,Series A,"Apr 16, 2026",,Active,resolveai.one,"Resolve.ai provides an artificial intelligence platform that automates software production operations and incident management for engineering teams. Its system autonomously analyzes alerts, investigates issues across infrastructure, code, and telemetry, and helps determine root causes with supporting evidence. Resolve.ai also suggests or generates remediation actions, such as code changes or scripts, to address production problems. The platform integrates with tools like GitHub, observability systems, and infrastructure services to support cost optimization and contextual development workflows. Resolve.ai processes metadata securely without storing raw customer data and offers controls to manage data access and compliance.",101-250,spiros@resolveai.one,Mayank Agarwal,"Internet Services, Other, Science and Engineering, Application Performance Management, Artificial Intelligence (AI), Cloud Computing, Collaboration, Developer Platform"
TENEX.AI,Sarasota,Florida,Series B,"Mar 31, 2026",,Active,tenex.ai,"TENEX.AI is a leading AI-native cybersecurity company that combines human expertise with artificial intelligence to protect digital assets through advanced Managed Detection and Response (MDR) services. The company employs a human-led Security Operations Center (SOC) that triages alerts and investigates threats, allowing teams to focus on strategic initiatives.",101-250,PR@tenex.ai,Edwin Solis,"Privacy and Security, Science and Engineering, Software, Artificial Intelligence (AI), Cyber Security, Network Security, SaaS"
Zócalo Health,Seattle,Washington,Series A,"Apr 23, 2026",$1M to $10M,Active,zocalo.health,"Zócalo Health is a primary care provider that delivers integrated medical, behavioral, and social care services, with a focus on improving access for underserved communities, particularly Latino populations. The company combines virtual clinical services with in-person community engagement, using outreach teams to connect with patients in local settings such as schools, churches, and community organizations. Each patient is supported by a coordinated care team that may include a community health worker, a physician, and a behavioral health specialist, who collaborate to develop personalized care plans addressing medical, social, and mental health needs. The organization also provides care coordination services, assisting patients with appointments, access to community resources, and ongoing health management. Its model emphasizes continuous engagement through both digital tools and community-based interactions to manage complex health conditions and improve care outcomes.",101-250,hello@zocalo.health,Erik Cardenas,"Health Care, Hospital, Wellness"
Pepper,New York,New York,Series C,"Feb 20, 2026",$10M to $50M,Active,www.usepepper.com,"Pepper provides an AI-powered sales platform designed for food distributors and suppliers to manage customer engagement and order workflows. The platform centralizes product catalogs, pricing, promotions, and inventory data, allowing sales representatives and customers to place and manage orders digitally. Pepper integrates with existing ERP and accounting systems to synchronize order processing, invoicing, and reporting functions. Its tools support mobile sales, real-time communication, and data tracking to streamline interactions between distributors and their buyers. The system also includes analytics features that help teams monitor purchasing patterns, manage accounts, and coordinate sales activities across channels.",101-250,info@usepepper.com,Bowie Cheung,"Science and Engineering, Software, Artificial Intelligence (AI), E-Commerce, Wholesale"
Slash,San Francisco,California,Series C,"Apr 16, 2026",$100M to $500M,Active,www.slash.com,"Slash provides a financial technology platform that enables businesses to manage banking, payments, and financial operations through a unified digital system. The company offers services such as business accounts, corporate cards, treasury management, and payment processing, allowing organizations to handle spending, transfers, and cash flow within a single interface. Its platform integrates core financial functions including checking accounts, ACH and wire transfers, and multi-entity account management, enabling businesses to operate across multiple entities or accounts with centralized visibility. The system also supports virtual and physical corporate cards with configurable spending controls, allowing companies to manage expenses and enforce financial policies at scale.",11-50,support@joinslash.com,Kevin Bai,"Banking, Financial Services, FinTech, Payments"
Firestorm,San Diego,California,Series B,"Apr 29, 2026",$10M to $50M,Active,www.launchfirestorm.com,"Firestorm is a defense technology company that develops modular, mission-adaptable unmanned aerial systems (UAS) designed for military applications. Its platform focuses on open-system architectures that allow operators to reconfigure hardware, software, propulsion, and payloads based on mission requirements. Firestorm also builds distributed manufacturing solutions such as containerized production units that enable on-site or remote fabrication of drones and components using additive manufacturing and automated workflows. The company offers multiple aerial systems, including larger modular drones, tube-launched systems, and lightweight hand-launched units, each designed for different operational roles such as surveillance, electronic warfare, or strike missions. In addition, it develops supporting technologies like onboard computing systems and software tools that enable autonomous operation, sensor integration, and third-party interoperability. Firestorm also provides simulation and mission-planning capabilities that allow users to test scenarios, train operators, and evaluate payload performance in virtual environments.",101-250,,Chad Mccoy,"Data and Analytics, Hardware, Science and Engineering, Aerospace, Artificial Intelligence (AI), Drones"
NoTraffic,Overland Park,Kansas,Series C,"Mar 24, 2026",$10M to $50M,Active,notraffic.com,"NoTraffic develops traffic management technology that coordinates signalized intersections using connected vehicle data and AI-based control systems. Its platform integrates with existing traffic infrastructure to analyze real-time road conditions, detect vehicles, and adjust signal timing to improve traffic flow. The company provides software and hardware components that enable communication between vehicles, sensors, and traffic signals. Its system supports applications such as congestion reduction, emergency-vehicle prioritization, and pedestrian-safety management. NoTraffic also offers data insights and monitoring tools that allow municipalities and transportation agencies to manage and evaluate intersection performance.",101-250,contact@notraffic.tech,Or Sela,"Hardware, Science and Engineering, Software, Artificial Intelligence (AI), Autonomous Vehicles, Computer Vision, Machine Learning, Public Safety"
TRM Labs,San Francisco,California,Series C,"Feb 4, 2026",$10M to $50M,Active,trmlabs.com,"TRM Labs is a blockchain intelligence company that helps financial institutions, crypto businesses, and government agencies detect and investigate crypto-related financial crime and fraud. Our products are trusted by leading companies including PayPal, Visa, FTX, Uniswap, Anchorage, and federal agencies such as the FBI and IRS. Every day, we tackle challenges in data engineering, data science, and threat intelligence to advance our mission to build a safer financial system for billions of people. To accomplish our mission, we have raised over $79M from JPMorgan Chase, Visa, Citi, PayPal, Block, Tiger Global, and Bessemer. Our team is made up of world class experts from the FBI, U.S. Secret Service, US Treasury Department, McKinsey, Coinbase, and top-tier tech companies. TRM is a remote-first workplace, with hubs in San Francisco, Washington, DC, and London.",251-500,contact@trmlabs.com,Esteban Castano,"Other, Payments, Professional Services, Big Data, Blockchain, Compliance, Cryptocurrency"
Skild AI,Pittsburgh,Pennsylvania,Series C,"Jan 14, 2026",$10M to $50M,Active,www.skild.ai,"Skild AI develops artificial intelligence systems that enable robots to understand and act in the physical world using a shared foundational model called the Skild Brain. The company’s technology allows robots of different types to navigate environments, perform tasks, and adapt to new situations without extensive task-specific programming. It offers tools and frameworks that help robotics teams integrate AI for manipulation, locomotion, inspection, and data collection tasks through scalable model architecture. Skild AI works with developers and enterprise partners to apply its AI model across multiple robotics use cases and hardware platforms, aiming to bridge digital intelligence with embodied robotic action.",11-50,admin@skild.tech,Abhinav Gupta,"Information Technology, Science and Engineering, Software, Artificial Intelligence (AI), Robotics"
Avoca,New York,New York,Series B,"Apr 27, 2026",,Active,www.avoca.ai,"Avoca AI is a software company that develops an AI-powered communication platform designed for home service industries such as HVAC, plumbing, and electrical services. Its system uses AI agents to handle inbound and outbound interactions, including answering calls, responding to messages, booking appointments, and following up with customers across multiple channels. The platform functions as a front-office solution that automates routine customer service tasks while integrating with existing workflows and customer management systems. It also includes tools for analytics and performance tracking, allowing businesses to monitor call handling, booking rates, and customer interactions in a centralized dashboard. Additionally, the company’s technology supports lead capture, job scheduling, and operational coordination, aiming to ensure that customer inquiries are consistently addressed without reliance on manual processes.",101-250,hello@avoca.ai,Apurva Shrivastava,"Software, Artificial Intelligence (AI), Business Process Automation (BPA)"
Anaconda,Austin,Texas,Series C,"Jul 31, 2025",$100M to $500M,Active,www.anaconda.com,"Anaconda helps organizations simplify, safeguard, and accelerate AI with open source at scale. The Anaconda Platform bridges the gap between experimentation and production, giving teams the speed they need to innovate alongside the security and governance enterprises require. Over 50 million users and 95% of the Fortune 500 trust Anaconda for data science and AI development. With 21+ billion downloads across a decade of growth, Anaconda operates across hybrid AI environments and cloud platforms including AWS, Databricks, and Snowflake. Learn more at anaconda.com.",251-500,info@anaconda.com,Hugo Shi,"Internet Services, Science and Engineering, Software, Analytics, Artificial Intelligence (AI), Big Data, Cloud Infrastructure, Enterprise Software"
XBOW,Seattle,Washington,Series C,"Mar 18, 2026",,Active,xbow.com,"XBOW develops autonomous security testing software that identifies and validates vulnerabilities in web applications and digital systems. Its platform uses artificial intelligence to simulate real-world attack scenarios, enabling continuous testing without manual intervention. The system prioritizes findings based on exploitability and potential impact, helping teams focus on remediation efforts. XBOW integrates with development workflows and security tools to support ongoing monitoring throughout the software lifecycle. It serves organizations that require automated application security testing and risk assessment across their digital environments.",101-250,web@xbow.com.,Oege de Moor,"Hardware, Information Technology, Privacy and Security, Artificial Intelligence (AI), Computer, Network Security"
Fireworks AI,Redwood City,California,Series C,"Oct 28, 2025",$100M to $500M,Active,fireworks.ai,"Fireworks AI provides a cloud-based platform that enables developers and enterprises to run, fine-tune and deploy open-source large language, vision and multimodal models through a low-latency inference engine. The company offers serverless infrastructure that handles model lifecycle management from development to production, and gives users access to a library of pre-optimised models alongside the ability to customise models for their own data and use cases. Through partnerships with leading GPU and cloud hardware providers, Fireworks AI supports high throughput, reduced latency and scalable deployments without requiring customers to provision or manage their own infrastructure. The platform addresses the challenge of converting prototype AI models into operational applications by combining infrastructure optimisation, developer tools and enterprise-grade compliance.",101-250,help@fireworks.ai,Chenyu Zhao,"Science and Engineering, Software, Artificial Intelligence (AI), Data Management, Infrastructure, SaaS"
Delve,San Francisco,California,Series A,"Jul 22, 2025",,Active,www.delve.co,"Delve collects evidence, tracks controls, and manages requirements for frameworks such as SOC 2, ISO 27001, HIPAA, and GDPR within a centralized system. It integrates with business tools and infrastructure to continuously monitor compliance status and identify gaps in security practices. Delve also supports tasks such as completing security questionnaires, generating reports, and managing audit preparation activities. Its system combines automation, analytics, and expert support to help organizations maintain compliance and manage security-related operations.",11-50,founders@getdelve.com,Karun Kaushik,"Science and Engineering, Software, Artificial Intelligence (AI), Compliance, SaaS"
Luma AI,Palo Alto,California,Series C,"Nov 19, 2025",,Active,lumalabs.ai,"Luma AI develops tools that let users generate photorealistic images and videos from text, image, or video prompts via its Dream Machine platform. Its models learn from multimodal data, including video, audio, and language to build “world models” that can reason about motion, context, and physics. It provides access through a web app, iOS app, and API, enabling creative professionals to scale visuals for storytelling, advertising, animation, gaming, and more. For enterprises, Luma offers a secure full-stack solution with data ownership, legal clarity, and customizable AI models.",101-250,hello@lumalabs.ai,Alberto Taiuti,"Media and Entertainment, Science and Engineering, Software, Artificial Intelligence (AI), Foundational AI, Generative AI, Video, Video Editing"
Expo,Palo Alto,California,Series B,"Apr 16, 2026",Less than $1M,Active,expo.dev,"Expo is a software development platform that provides an open-source framework for building native applications across Android, iOS, and the web using JavaScript and React. It offers a full-stack environment that includes development tools, libraries, and cloud-based services to support the entire application lifecycle, from coding to deployment and updates. The platform includes a software development kit (SDK) with pre-built modules that enable access to device features such as cameras, notifications, and deep linking. It also provides building services, submitting, hosting, and updating applications, along with workflows that automate testing and release processes. Additionally, Expo includes monitoring and analytics capabilities that allow developers to track application performance, usage, and errors after deployment.",11-50,support@expo.dev,Charlie Cheever,"Apps, Information Services, Information Technology, Software"
Saviynt,El Segundo,California,Series B,"Dec 9, 2025",$100M to $500M,Active,saviynt.com,"Saviynt provides an identity-security and access-management platform that helps organizations govern and protect all types of identities including human, machine, and AI agents, across their entire digital environment. The company offers modules for identity governance and administration (IGA), privileged access management (PAM), application access governance, non-human and external identity management, and identity security posture management (ISPM). Its AI-powered system supports on-premises, cloud, and hybrid environments and integrates with a wide array of applications and services. Saviynt aims to simplify lifecycle tasks such as onboarding and offboarding, access reviews, policy enforcement, and compliance reporting through automation and intelligent workflows. The platform gives visibility over all identities and access rights, helping enterprises manage risks, streamline access, and maintain consistent identity governance.",1001-5000,sales@saviynt.com,Amit Saha,"Internet Services, Privacy and Security, Science and Engineering, Artificial Intelligence (AI), Cloud Data Services, Cyber Security, Enterprise Software"
Together AI,San Francisco,California,Series B,"Feb 20, 2025",$100M to $500M,Active,www.together.ai,"Together AI is a cloud-based platform designed for constructing open-source generative AI and infrastructure for developing AI models. The company contributes cutting-edge open-source research, models, and datasets to push the boundaries of AI forward. Through its decentralized cloud services, developers and researchers at organizations of various scales are empowered to train, refine, and deploy generative AI models.",101-250,privacy@together.ai,Ce Zhang,"Information Technology, Internet Services, Science and Engineering, AI Infrastructure, Artificial Intelligence (AI), Generative AI, Internet, IT Infrastructure"
Anything,San Francisco,California,Series A,"Sep 29, 2025",$1M to $10M,Active,www.createanything.com,"Anything is an AI app builder that offers a platform that converts prompts into fully functional mobile and web applications. It offers comprehensive solutions, encompassing backend infrastructure, authentication, databases, and payments powered by Stripe. The platform supports seamless deployment and offers a user interface that adapts to varied workflows. It caters to teams and individuals who wish to prototype or launch digital solutions rapidly.",1-10,founders@createanything.com,Dhruv Amin,"Design, Mobile, Science and Engineering, Artificial Intelligence (AI), Developer Tools, Mobile Apps, Software, Web Design"
Emergent,Pleasanton,California,Series B,"Jan 20, 2026",$10M to $50M,Active,app.emergent.sh,"Emergent provides an AI-powered software development platform that turns plain English descriptions into fully functional web and mobile applications without requiring coding skills. Its service uses autonomous AI agents to handle design, backend logic, database integration, authentication, deployment, and scaling, delivering production-ready apps from concept to live product. Users interact with the platform through a conversational interface to describe what they want built, refine requirements, and generate editable code. The platform also supports custom integrations and workflow automation to help product teams and non-technical builders accelerate app creation. Emergent focuses on simplifying the software development lifecycle by automating full-stack generation from natural language prompts.",101-250,support@emergent.sh,Madhav Jha,"Software, Artificial Intelligence (AI), Developer Platform"
OpenFX,New City,New York,Series A,"Mar 31, 2026",,Active,www.openfx.com,"OpenFX is a fintech company that develops cross-border payments and foreign exchange infrastructure for businesses. It provides a real-time settlement network designed to improve international payment processes compared to traditional systems. The platform includes FX liquidity, treasury management, and embedded financial services delivered through APIs to support business operations. Its technology focuses on connecting domestic payment networks and improving transaction routing across regions. The company also works on expanding its infrastructure, including solutions that incorporate digital asset technologies.",101-250,hello@openfx.com,Prabhakar Reddy,"Software, Embedded Software, Finance, Financial Exchanges, Foreign Exchange Trading, Trading Platform"
Orkes,Cupertino,California,Series B,"Apr 23, 2026",$1M to $10M,Active,orkes.io,"Orkes provides a cloud-based platform for orchestrating workflows across microservices, APIs, and distributed systems, enabling developers to manage complex application processes and integrations. Its platform is built on the open-source Conductor project and delivers a managed service that supports workflow execution, event-driven architectures, and long-running processes. The system includes capabilities such as workflow modeling, state management, monitoring, and access control, which help track executions and maintain operational reliability. It also supports integration with various programming languages, cloud environments, and external services, allowing teams to define workflows as code and coordinate business logic across systems. Additionally, the platform incorporates features for observability and governance, offering visibility into workflows and tools to manage performance, errors, and system behavior in production environments.",11-50,,Boney Sekh,"Internet Services, Science and Engineering, Software, Apps, Artificial Intelligence (AI), Cloud Computing, Open Source"
Doctronic,New York,New York,Series B,"Mar 23, 2026",,Active,www.doctronic.ai,"Doctronic offers an AI-powered medical assistant platform that supports clinical documentation and workflow management for healthcare professionals. Its system processes medical conversations and notes to generate structured records such as patient histories, assessments, and treatment plans. The platform integrates with existing electronic health record systems to assist with data entry and retrieval during patient encounters. Doctronic also applies natural language processing to interpret clinical language and organize information into standardized formats. Its tools are used to reduce manual documentation tasks and support consistent record-keeping across healthcare settings.",101-250,hello@doctronic.ai,Adam Oskowitz,"Science and Engineering, Software, Artificial Intelligence (AI), Chatbot, Generative AI, Health Care, Health Diagnostics"
Cents,New York,New York,Series C,"Mar 26, 2026",$10M to $50M,Active,trycents.com,"Cents helps laundromats and garment care businesses manage operations, payments, and customer interactions. Its system includes point-of-sale tools, digital payment processing, and business management features that support order tracking and reporting. The platform also offers customer-facing applications for scheduling services, placing orders, and making payments. Cents integrates hardware and software components to support both self-service and full-service laundry operations. It enables business owners to monitor performance, manage workflows, and handle transactions within a single system.",101-250,hello@trycents.com,Alexander Jekowsky,"Business Process Automation (BPA), Enterprise Software, Point of Sale, SaaS"
Nala,Hoboken,New Jersey,Series A,"Jul 9, 2024",$10M to $50M,Active,www.nala.com/,"Nala is a FinTech company developing a mobile payments application to simplify money transfers and transactions without data connectivity. Their services include financial inclusion, digital financial services, mobile money, and fintech.",51-100,mamanala@nala.money,Benjamin Fernandes,"Software, Finance, Financial Services, FinTech, Mobile Payments"
Citadel,Miami,Florida,Seed,"Feb 12, 2026",$10M to $50M,Active,www.citadel.com,"Our ambition at Citadel is to be the most successful investment firm of all time. Together, we've turned ambition into action. For more than three decades, Citadel has captured undiscovered market opportunities in markets around the world by empowering extraordinary people to pursue their best and boldest ideas. We strive to identify the highest and best uses of capital to generate superior long-term returns for the world’s preeminent public and private institutions.",1001-5000,,Kenneth Griffin,"Finance, Financial Services, Hedge Funds, Impact Investing, Wealth Management"
Ray Therapeutics,San Diego,California,Series B,"Apr 21, 2026",,Active,raytherapeutics.com,"Ray Therapeutics is a biotechnology company that develops gene therapies aimed at restoring vision in individuals with retinal degeneration. Its approach is based on optogenetics, a technology that modifies surviving retinal neurons to respond to light and transmit visual signals to the brain. The company is advancing a pipeline of bioengineered therapies targeting conditions such as retinitis pigmentosa, Stargardt’s disease, and geographic atrophy, with programs at various stages from discovery to clinical development. Its work centers on translating gene therapy research into treatments that address inherited retinal diseases and other degenerative eye conditions. The organization is led by a team with experience in biotechnology, ophthalmology, and gene therapy development, supporting research, clinical operations, and program management activities.",11-50,,Paul Bresge,"Biotechnology, Health Care, Therapeutics"
Figure,San Jose,California,Series C,"Sep 16, 2025",,Active,www.figure.ai,"Figure is an AI robotics company that develops autonomous general-purpose humanoid robots to address labor shortages and reduce the number of workers in unsafe jobs. It also develops commercially viable autonomous humanoid robots that lend support across manufacturing, logistics, warehousing, and retail.",251-500,privacy@figure.ai,Brett Adcock,"Manufacturing, Science and Engineering, Software, Artificial Intelligence (AI), Hardware, Industrial Automation, Robotics"
Rork,San Francisco,California,Seed,"Apr 9, 2026",,Active,rork.com,"Rork is an AI-powered platform that lets you build complete, cross-platform mobile apps in minutes by simply describing what you want. It uses AI and React Native to generate fully functional apps-examples include visual novel games, Airbnb-style apps, meditation timers, and more. You can export these apps, use them on your phone, and even share them via QR codes or links.",51-100,team@rork.com,Daniel Dhawan,"Mobile, Science and Engineering, Software, Artificial Intelligence (AI), Developer Tools, Mobile Apps"
Qualified Health,San Carlos,California,Series B,"Mar 25, 2026",,Active,www.qualifiedhealthai.com,"Qualified Health develops artificial intelligence tools that support clinical decision-making and patient care management. The company builds software that analyzes medical data, including imaging and electronic health records, to assist in diagnosis and treatment planning. Its platforms integrate into healthcare workflows to provide insights that help clinicians identify conditions and assess risk. Qualified Health also focuses on improving efficiency by automating data interpretation and reducing manual review processes. The company works with healthcare providers and organizations to implement AI-driven solutions in clinical environments.",51-100,privacy@qualifiedhealthai.com,Beau Norgeot,"Science and Engineering, Software, Artificial Intelligence (AI), Health Care, Medical"
Hippocratic AI,Palo Alto,California,Series C,"Nov 3, 2025",$10M to $50M,Active,www.hippocraticai.com,"Hippocratic AI presents a platform that develops safety-focused large language models tailored for healthcare settings. The company offers AI agents designed to engage in non-diagnostic, patient-facing tasks such as preoperative preparation, post-discharge follow-up, and chronic-care management. Its architecture is built on a multi-agent system that aims to reduce clinician burden by managing routine patient interactions, while a clinician-driven test framework ensures service readiness. The service includes an “agent store” where licensed clinicians can design and deploy new agents across diverse specialties, and health systems, payers or providers can deploy them to support outreach and engagement workflows.",101-250,press@hippocraticAI.com,Alex Miller,"Information Technology, Science and Engineering, Software, Artificial Intelligence (AI), Foundational AI, Generative AI, Health Care"
Reflection AI,New York,New York,Series B,"Oct 9, 2025",,Active,www.reflection.ai,"Reflection AI develops frontier open intelligence, making AI research accessible to all. It focuses on AI models, open research initiatives, and tools for broad adoption. Users can explore research, stay updated, and engage with the AI community.",101-250,contact@reflection.ai,Ioannis Antonoglou,"Software, Artificial Intelligence (AI), Foundational AI"
Posh,New York,New York,Series B,"Mar 19, 2026",$1M to $10M,Active,www.posh.vip,"Posh is the events platform for the next generation of tastemakers.

Curated by design and built for impact, Posh gives organizers and attendees the tools to create, discover, and amplify the experiences that define their scene.

From intimate activities to large-scale events, we power real-world connection through seamless ticketing and event discovery.",101-250,support@posh.vip,Avante Price,"Software, Travel and Tourism, Communities, Consumer Software, Event Management, Hospitality"
Dash0,New York,New York,Series B,"Mar 23, 2026",,Active,www.dash0.com,"Dash0 is an observability platform that enables engineering teams to monitor, analyze, and manage application performance and system behavior. The platform collects and processes telemetry data such as logs, metrics, and traces, allowing users to investigate issues and understand system interactions. It offers tools for visualizing distributed systems, helping teams identify bottlenecks and troubleshoot incidents. Dash0 integrates with existing infrastructure and supports open standards to streamline data ingestion and analysis. Its features assist teams in maintaining system reliability and improving operational workflows through data-driven insights.",101-250,hi@dash0.com,Benjamin Blackmore,"Agentic AI, Information Technology, IT Infrastructure, Software"
Scout AI,Sunnyvale,California,Series A,"Apr 29, 2026",,Active,scoutco.ai,"Scout AI develops artificial intelligence systems for defense robotics, focusing on enabling autonomous behavior across unmanned platforms. The company builds a multimodal foundation model called Fury that processes visual data and natural language inputs to generate real-world actions for machines. This model allows robots operating in domains such as air, ground, sea, and space to interpret instructions, coordinate tasks, and adapt to changing environments.

Scout AI’s technology supports multi-robot coordination by allowing operators to manage fleets through shared language-based commands, improving interaction between humans and machines. Its platform is designed to integrate with existing robotic systems, providing a software layer that enhances perception, reasoning, and execution capabilities.",51-100,,Colby Adcock,"Science and Engineering, Software, Aerospace, Artificial Intelligence (AI), Manufacturing"
Worth AI,Orlando,Florida,Series A,"Mar 24, 2026",$10M to $50M,Active,worthai.com,"Worth AI offers a state-of-the-art platform that focuses on merchant onboarding and risk management, making use of AI algorithms to streamline financial processes. The platform uses AI algorithms to deliver rapid processing times and includes risk management and business valuation features, making it suitable for diverse financial needs.  Worth AI is led by a team dedicated to innovating risk management and financial underwriting to empower better decision-making within businesses.",101-250,hello@worth-ai.com,Jacques Fu,"Professional Services, Science and Engineering, Software, Artificial Intelligence (AI), Business Intelligence, Financial Services, FinTech, Risk Management"
Fluidstack,New York,New York,Series A,"Jan 22, 2026",,Active,www.fluidstack.io,"Fluidstack provides cloud infrastructure for AI with GPU clusters, orchestration, and monitoring for intensive workloads. The company delivers Atlas OS, a bare-metal operating system for rapid provisioning and smooth management of AI hardware, along with Lighthouse, a platform that monitors and optimizes system performance. Its infrastructure is designed for single-tenant deployment, isolating hardware, network, and storage to maintain security and operational control. Fluidstack supports enterprises, research labs, and government organizations by enabling scalable, dedicated AI compute resources. The platform integrates workload management, performance monitoring, and secure access to facilitate AI training, inference, and data processing. Fluidstack’s technology allows organizations to deploy compute resources quickly while maintaining oversight of system health, workload efficiency, and operational governance.",101-250,sales@fluidstack.io,Cesar Maklary,"Information Technology, Internet Services, Science and Engineering, Artificial Intelligence (AI), Cloud Computing, Cloud Storage, Generative AI, GPU"
Schematic,Boulder,Colorado,Seed,"Apr 21, 2026",,Active,schematichq.com,"Schematic allows businesses to outsource pricing and packaging with a few lines of code, enabling them to quickly launch new packaging models, take the burden off of engineering, and flexibly adjust their pricing and packaging to individual customer preferences. The platform enhances existing billing systems like Stripe by offering tools for managing pricing, entitlements, and usage-based metering. This allows SaaS businesses to efficiently handle subscriptions, plan updates, and customer access to features without the need for extensive custom-built solutions.",1-10,support@schematichq.com,Benjamin Papillon,"Software, B2B, Data Integration, Developer Tools, SaaS"
Rain,Nashville,Tennessee,Series B,"Feb 10, 2025",$10M to $50M,Active,rainapp.com,"Rain is the trusted leader in employee-centric financial wellness solutions, serving middle-market and enterprise organizations nationwide. Through a comprehensive suite of offerings, including earned wage access and other financial wellness benefits, Rain seamlessly integrates with any organization's existing infrastructure, providing the flexibility essential for effective financial management. Rain’s mission is to empower employees to reach financial freedom. At Rain, financial freedom means being able to afford everyday life without stressing about pay dates or pay cycles.",51-100,,Alex Bradford,"Payments, Employee Benefits, Financial Services, FinTech"
Patlytics,San Francisco,California,Series B,"Apr 8, 2026",$1M to $10M,Active,www.patlytics.ai/,"Patlytics is an AI-powered patent intelligence platform that provides tools for patent drafting, analysis, and portfolio management, enabling companies to improve research efficiency and streamline patent-related processes. The platform facilitates the identification of potential infringements, assists in the evaluation of patent portfolios, and supports the overall management of intellectual property assets. By leveraging advanced algorithms and data analytics, Patlytics helps organizations optimize their patent strategies and make informed decisions regarding their intellectual property.",11-50,hello@patlytics.com,Arthur Jen,"Science and Engineering, Software, Artificial Intelligence (AI), Information Technology"
Coco,Santa Monica,California,Series B,"Jun 11, 2025",,Active,www.cocodelivery.com,"Coco is a last-mile delivery service that deploys human-operated sidewalk robots to transport goods from merchants to their customers. Its robot fleet serves thousands of customers per week in Santa Monica, Los Angeles, Austin, and Houston, paving the way for a more optimistic future of delivery that benefits local communities.

Launched in February 2020, the company has partnered with national restaurant brands like SBE (Umami Burger) and is actively scaling across many locations. It serves a wide range of family-operated restaurants like Bangkok West Thai in Santa Monica and San Pedro Brewing Company in Los Angeles.",101-250,,Brad Squicciarini,"Food and Beverage, Hardware, Science and Engineering, Artificial Intelligence (AI), E-Commerce, Food Delivery, Logistics, Robotics"
LangChain,San Francisco,California,Series B,"Oct 20, 2025",$50M to $100M,Active,www.langchain.com,"LangChain offers a comprehensive platform designed for the entire agent engineering lifecycle, enabling teams to build and ship reliable agents to production. Its open-source products include the LangChain framework for pre-built architecture and model integrations, and LangGraph for building custom agent workflows. The platform features LangSmith, which provides observability and tracing for debugging, evaluation tools to improve agent quality with test sets and feedback, and deployment infrastructure built for long-running workloads and human oversight.",101-250,support@langchain.dev,Ankush Gola,"Software, Agentic AI, Artificial Intelligence (AI), Database, Developer APIs, Developer Tools"
Carnegie Mellon University,Pittsburgh,Pennsylvania,Seed,"May 29, 2025",$1B to $10B,Active,www.cmu.edu,"Carnegie Mellon University offers comprehensive education programs and research activities spanning engineering, science, humanities, arts, business, and public policy. It operates a range of undergraduate, graduate, and interdisciplinary academic programs that combine classroom learning with research engagement across its schools and colleges. The institution conducts research across fields such as artificial intelligence, robotics, cybersecurity, neuroscience, and human-computer interaction through numerous centers and institutes. Carnegie Mellon supports collaborations that apply technology and inquiry to societal challenges and creative endeavors. It also provides resources for continuing education and research participation for students and external partners.",5001-10000,admission@andrew.cmu.edu,Andrew Carnegie,"Education, Higher Education, Universities"
Knox,Austin,Texas,Series A,"Mar 17, 2026",,Active,knoxsystems.com,"Knox Systems provides cloud infrastructure and compliance software that enables organizations to deploy and operate applications within government security frameworks. Its platform includes a FedRAMP-authorized cloud environment combined with tools for continuous compliance monitoring, audit tracking, and infrastructure management. The company offers automation capabilities through its AI-based system that scans code, maps security controls, detects vulnerabilities, and supports remediation workflows.

Knox Systems supports deployment across major cloud providers and allows integration with existing development and governance tools to manage both technical and administrative compliance requirements. Its services also include maintaining audit trails, enforcing security controls, and enabling ongoing monitoring of system changes and risks. The platform is used by software vendors and organizations that need to align their applications with government security standards while maintaining operational workflows.",251-500,letsgo@knoxsystems.com,,"Internet Services, Professional Services, Software, Cloud Infrastructure, Compliance, Computer, Government"
Momentum,San Francisco,California,Series A,"Jul 23, 2024",$10M to $50M,Active,www.momentum.io,"Momentum drives AI transformation for GTM teams. Our revenue orchestration platform turns customer interactions into structured data and drives real-time execution across revenue systems. 

Momentum operates like an embedded GTM task force working alongside your team. We deploy AI Agents that extract, analyze, and automate data across tools like Salesforce, Slack, and Snowflake. We help you automatically capture hidden signals, update systems in real time, and drive consistent execution from first touch to renewal.

Teams at Zscaler, Windsurf, Cursor, Pendo, Ramp, Demandbase, and 1Password rely on Momentum to unlock 3–10 hours per rep each week, improve win rates, and scale execution—without scaling headcount.",51-100,hello@momentum.io,Ashley Wilson,"Software, B2B, Information Services, SaaS, Sales Automation"
Halcyon,Austin,Texas,Series C,"Nov 25, 2024",$10M to $50M,Active,www.halcyon.ai,"Halcyon is a cybersecurity business that develops tools to protect enterprise clients from ransomware. It also offers layered ransomware protection that combines pre-execution detection, behavioral modeling, and deception techniques.",101-250,pr@halcyon.ai,Jon Miller,"Hardware, Information Technology, Privacy and Security, Artificial Intelligence (AI), Computer, Cyber Security, Network Security, Software"
Alamar Biosciences,Fremont,California,Series C,"Jan 11, 2026",,Active,alamarbio.com,"Alamar Biosciences develops technologies for the detection and treatment of cancer and other diseases at the earliest possible time. The company was founded in 2018 and is headquartered in Fremont, California.",101-250,investors@alamarbio.com,Steve Chen,"Biotechnology, Health Care, Life Science, Medical"
Physical Intelligence,San Francisco,California,Series B,"Nov 20, 2025",,Active,www.pi.website,Physical Intelligence is a company working on integrating general-purpose AI with robotics and physical devices. It develops foundation models and learning algorithms for robots to allow industries to perform tasks across various applications.,101-250,join@physicalintelligence.network,Adnan Esmail,"Science and Engineering, Software, Artificial Intelligence (AI), Machine Learning, Robotics"
Mind Robotics,Palo Alto,California,Series A,"Mar 11, 2026",,Active,www.mindrobotics.com,"Mind Robotics develops artificial intelligence and robotics systems designed for industrial environments and manufacturing operations. The company builds robotic platforms that combine physical hardware, machine learning models, and deployment infrastructure to enable robots to perform complex physical tasks on factory floors. Its technology focuses on robotic manipulation, object handling, component assembly, and other production activities that require dexterity and adaptation beyond traditional fixed automation systems. Mind Robotics trains its systems using operational manufacturing data to improve robot performance in variable tasks and real production workflows. The company’s platform supports integration with manufacturing processes where robots assist with activities such as parts handling, wiring assembly, and other labor-intensive industrial operations. Through these technologies, Mind Robotics develops tools that connect artificial intelligence with physical automation in industrial settings.",11-50,recruiting@mindrobotics.com,Robert Scaringe,"Science and Engineering, Software, Artificial Intelligence (AI), Machine Learning, Robotics"
Semperis,Hoboken,New Jersey,Series C,"Jun 20, 2024",$100M to $500M,Active,www.semperis.com,"Semperis is an enterprise identity protection company that enables organizations to quickly recover from accidental or malicious changes and disasters that compromise Active Directory, on-premises, and on-cloud. The Semperis directory services protection platform provides enterprises with the capabilities to automatically restore an entire Active Directory forest, quickly recover thousands of objects or a single crucial attribute, and instantly revert to a previous Active Directory state.

Semperis was founded in 2014 and is headquartered in Hoboken, New Jersey. Its customers include Fortune 500 companies and enterprises spanning financial, healthcare, government, and other industries worldwide.",251-500,info@semperis.com,Guy Teverovsky,"Cyber Security, Enterprise Software, Identity Management, Information Technology"
Trayd,New York,New York,Series A,"Mar 25, 2026",$1M to $10M,Active,www.buildtrayd.com,"Trayd is a construction-focused back-office platform that supports payroll, workforce management, and operational coordination for contractors. The platform combines HR management, onboarding, benefits administration, and employee record tracking within a single system, while also supporting scheduling, dispatch, and crew allocation across job sites. It includes labor tracking tools that capture time, shift activity, and field data, enabling visibility into workforce activity and job progress. Trayd also delivers payroll processing designed for complex labor environments, including union requirements, wage rules, and multi-state compliance considerations. The system generates reports and dashboards that consolidate payroll, attendance, and labor cost data, allowing users to monitor project spending and produce certified payroll documentation. In addition, it supports expense tracking, paid time-off requests, and worker onboarding workflows through digital interfaces.",11-50,support@buildtrayd.com,Anna Berger,"Real Estate, Bookkeeping and Payroll, Compliance, Construction, Human Resources"
Novig,New York,New York,Series B,"Feb 18, 2026",,Active,novig.co,"Novig is a sports prediction platform where users participate in peer-to-peer wagering on sporting events using dual currencies. It enables participants to propose or accept odds directly with one another, access real-time market data, and engage in prediction markets rather than betting against a traditional house model. Users interact through its mobile app, making selections with free-to-play tokens or staking redeemable tokens for chances to earn cash prizes under a sweepstakes framework. The platform also offers transparent order books and tools for managing wagers, and it supports customer assistance through in-app help and support channels.",11-50,hi@novig.co,Jacob Fortinsky,"Sports, Gambling, Mobile, Prediction Markets"
Aria Networks,Palo Alto,California,Series A,"Apr 7, 2026",$1M to $10M,Active,arianetworks.com,"Aria Networks develops AI‑driven networking solutions for data centres, combining advanced hardware and intelligent software. Their platform provides real-time monitoring, analysis, and optimisation of network performance, making networks more efficient, adaptive, and capable of handling large-scale AI and high-performance computing workloads.",11-50,,Mansour Karam,"Information Technology, Science and Engineering, Software, AI Infrastructure, Artificial Intelligence (AI), Data Center Automation, Network Hardware"
Nominal,Austin,Texas,Series B,"Mar 5, 2026",,Active,www.nominal.io,"Nominal develops software platforms that support hardware engineering teams with testing, monitoring, and analysis of operational data. The company provides products such as Nominal Core and Nominal Connect, which capture and organize telemetry, logs, video, and simulation outputs from hardware systems into a unified data environment. Its software enables engineers to run automated tests, stream real-time data from instruments, and analyze system behavior during development, validation, and operational phases.",101-250,contact-us@nominal.io,Bryce Strauss,"Analytics, Database, Information Technology, SaaS, Software"
Exa,San Francisco,California,Series B,"Sep 3, 2025",,Active,exa.ai,"Exa offers an AI-centered search engine tailored for automated systems and applications, providing APIs for traditional search, content retrieval, web crawling, in-depth research, and large-scale query handling via its Websets product. It employs neural and embeddings-based indexing techniques to process semantically rich and complex queries, delivering full-page content and customizable filters to suit specific use cases.",51-100,support@product.exa.ai,Jeffrey Wang,"Science and Engineering, Software, Artificial Intelligence (AI), Generative AI, Search Engine"
Cognichip,Redwood City,California,Series A,"Apr 1, 2026",,Active,www.cognichip.ai,"Cognichip is an AI-first deep tech company focused on transforming the semiconductor industry by revolutionizing how chips are designed. The company has developed Artificial Chip Intelligence (ACI®), the world’s first physics-informed AI foundation model specifically tailored for semiconductor design",51-100,comms@cognichip.ai⁠,Ehsan Kamalinejad,"Manufacturing, Science and Engineering, Software, AI Infrastructure, Artificial Intelligence (AI), Semiconductor"
Mercury,San Francisco,California,Series C,"Mar 26, 2025",$500M to $1B,Active,mercury.com,"Mercury provides online banking solutions for startups and technology-focused businesses. It offers business checking and savings accounts, corporate credit cards, and cash management tools. The platform includes features such as payment processing, expense tracking, and seamless integrations with accounting software. Mercury also provides API access for custom financial automation and supports venture-backed companies with specialized banking solutions. Banking services are provided through partnerships with FDIC-insured institutions.",1001-5000,hello@mercury.com,Immad Akhund,"Banking, Financial Services, FinTech"
ORO Labs,Palo Alto,California,Series C,"Mar 12, 2026",,Active,orolabs.ai,"ORO Labs develops software that manages procurement workflows through a platform that coordinates business requests, supplier processes, and purchasing activities. The platform connects employees, internal systems, and data sources to guide procurement requests, approvals, and supplier interactions through structured workflows. It provides intake management tools that capture requests and route them through purchasing and finance processes, while supplier onboarding and lifecycle management tools handle documentation, verification, and record updates.

The platform includes automation features that support risk checks, compliance validation, and fraud detection during purchasing activities. It also offers configurable workflow tools and an AI agent builder that allows organizations to create automated processes for procurement tasks. ORO Labs integrates with enterprise systems such as ERP, contract management, and financial platforms to support processes from initial request through payment and supplier management.",251-500,,Lalitha Rajagopalan,"Software, Transportation, Artificial Intelligence (AI), Procurement, Supply Chain Management"
Higgsfield,San Francisco,California,Series A,"Jan 15, 2026",,Active,higgsfield.ai,Higgsfield is a video AI firm aimed to making social media content creation accessible to everyone.,11-50,,Alex Mashrabov,"Internet Services, Media and Entertainment, Science and Engineering, Artificial Intelligence (AI), Social Media, Video Editing"
Axoft,Cambridge,Massachusetts,Series A,"Apr 29, 2026",$1M to $10M,Active,www.axoft.us/,"Axoft offers a bioinspired, scalable implant that promotes long-term communication with the nervous system, transforming clinical outcomes, individual health, and the human experience.",11-50,info@axoft.us,Paul Le Floch,"Health Care, Science and Engineering, Electronics, Medical, Medical Device, Neuroscience"
Sidewinder Therapeutics,San Diego,California,Series B,"Apr 8, 2026",,Active,sidewinderbio.com,Sidewinder Therapeutics develops bispecific antibody-drug conjugates (ADCs) aimed at treating solid tumors. Their mission is to create life-saving therapies through precision therapeutics.,1-10,info@sidewinderbio.com,Eric Murphy,"Biotechnology, Life Science, Therapeutics"
InsightFinder AI,Brooklyn,New York,Series B,"Apr 16, 2026",Less than $1M,Active,insightfinder.com,"InsightFinder is a software company that provides an AI-driven platform focused on improving the reliability of enterprise AI systems and IT infrastructure. Its technology uses unsupervised machine learning to analyze data from logs, metrics, and traces to detect anomalies, identify root causes, and predict potential incidents before they occur. The platform supports both AI observability and IT observability, addressing issues such as model drift, data quality problems, and system failures across complex digital environments. It integrates data from multiple sources and applies composite AI techniques to provide real-time insights and automated remediation workflows. InsightFinder’s solutions are designed to work across different systems and infrastructures, enabling continuous learning and adaptation based on operational data.",11-50,info@insightfinder.com,Helen Gu,"Science and Engineering, Software, Analytics, Artificial Intelligence (AI), Information Technology, Machine Learning, Predictive Analytics"
Luminai,San Francisco,California,Series B,"Apr 9, 2026",$1M to $10M,Active,www.luminai.com,Luminai automates internal workflows by taking any multi-click process and making it one click.,11-50,,Dmitry Dolgopolov,"Information Services, Information Technology, Software"
Armadin Security,Menlo Park,California,Series A,"Jan 13, 2026",,Active,www.armadin.com,Armadin Security is an AI-powered cybersecurity company that specializes in real-time threat hunting.,51-100,,Kevin Mandia,"Privacy and Security, Science and Engineering, Software, Artificial Intelligence (AI), Cyber Security, Security"
Linx Security,New York,New York,Series B,"Mar 31, 2026",,Active,www.linx.security,"Linx Security provides an AI-powered platform for identity security, governance, and administration. The system manages human, non-human, and agentic identities, offering automated access provisioning, onboarding, offboarding, and role-based access management. It uses graph-based modeling to map identity relationships and evaluate risk, enabling teams to detect anomalies, enforce least-privilege access, and manage entitlements across applications and systems.

The platform incorporates AI agents that support investigation, remediation, and reporting while automating routine identity workflows. It also offers just-in-time access controls and continuous monitoring to maintain security posture without interrupting operations. Linx Security integrates with multiple data sources to provide a unified view of organizational identities and access across SaaS, cloud, and on-prem environments.

Through automation and analytics, the company’s platform supports efficient identity lifecycle management, risk assessment, and governance for both human and non-human accounts.",101-250,contact@linxsecurity.io,Israel Duanis,"Cyber Security, Identity Management, Security"
Lightelligence,Boston,Massachusetts,Series C,"Sep 4, 2025",,Active,www.lightelligence.ai/,"Lightelligence is the global optical computing innovator at the center of conceiving and creating technology that redefines what’s possible. With a focus on real-world solutions and a collaborative, global perspective, we’re transforming cutting edge thinking into world-changing breakthroughs. Driven by an open and transparent culture of disruptive thinkers and imaginative doers, we’re leading the way in developing workable photonic solutions that will deliver orders of magnitude more speed in computing, and positive impact on life.",101-250,info@lightelligence.ai,Huaiyu Meng,"Other, Science and Engineering, Software, AI Infrastructure, Artificial Intelligence (AI), Infrastructure, Semiconductor"
OpenObserve,San Francisco,California,Series A,"Apr 29, 2026",,Active,openobserve.ai,"OpenObserve provides an open-source observability platform for monitoring logs, metrics, and traces in a unified system. The company develops software that supports data ingestion, querying, visualization, and alerting, helping teams analyze system performance and troubleshoot issues across distributed applications. Its platform is built on a columnar storage architecture and integrates with standards such as OpenTelemetry, allowing compatibility with existing infrastructure and data pipelines.

OpenObserve also includes capabilities for dashboards, real user monitoring, and incident management, supporting both development and operations workflows. The system can be deployed in self-hosted or cloud environments and is designed to scale across large data volumes using stateless architecture and distributed processing.",11-50,hello@openobserve.ai,Prabhat Sharma,"Software, Analytics, Artificial Intelligence (AI)"
Upwind Security,San Francisco,California,Series B,"Jan 26, 2026",$10M to $50M,Active,www.upwind.io,"Upwind Security offers a cloud security platform that protects cloud infrastructure, workloads, applications, and APIs by using runtime data to provide real-time visibility and threat detection. It delivers a centralized runtime fabric that maps network and application topology, correlates signals from sensors, logs and APIs, and helps teams reduce alert noise and focus on risks that matter most. The platform combines capabilities for posture management, vulnerability and identity security, container and serverless protection, and cloud detection and response within a single environment. Upwind also includes tools for infrastructure-as-code security and runtime-native analysis, allowing security and development teams to prioritize fixes with contextual insight. Its approach aims to connect build-time and runtime intelligence for comprehensive cloud risk assessment and mitigation.",251-500,hello@upwind.io,Amiram Shachar,"Information Technology, Internet Services, Privacy and Security, Artificial Intelligence (AI), Cloud Infrastructure, Cloud Management, Cloud Security, Cyber Security"
Ambience Healthcare,San Francisco,California,Series C,"Jul 29, 2025",,Active,ambiencehealthcare.com,"Ambience Healthcare develops an AI operating system used for documentation, coding, and clinical workflows in healthcare settings. The company builds an AI medical scribe that captures clinician-patient conversations in real time and converts them into clinical notes. Its scribe tool includes speech recognition, real-time documentation, and AI features designed to integrate with electronic medical record systems. The tool generates notes within seconds and allows customization based on user preferences.",101-250,,Michael Ng,"Information Technology, Science and Engineering, Software, Artificial Intelligence (AI), Health Care, Medical"
depthfirst,San Francisco,California,Series B,"Mar 31, 2026",,Active,depthfirst.com/,"Depthfirst is an applied AI lab focused on cybersecurity. We've built the General Security Intelligence layer that helps security teams detect, triage, and remediate critical vulnerabilities across their software and infrastructure.",11-50,contact-us@depthfirst.com,Andrea Michi,Software
Tava Health,Salt Lake City,Utah,Series C,"Apr 21, 2026",$10M to $50M,Active,www.tavahealth.com,"Tava Health provides digital mental health services that connect individuals with licensed therapists through an online platform. The company offers therapy sessions via video, along with tools for scheduling, communication, and care coordination. Its services are structured to support employers and organizations in delivering mental health benefits to their members or employees. The platform includes features for matching users with therapists based on preferences and clinical needs. Tava Health also provides administrative support and reporting tools to help organizations manage utilization and access to care.",101-250,hello@tavahealth.com,Dallen Allred,"Health Care, Medical, Mental Health, Wellness"
Hydrolix,Portland,Oregon,Series C,"Apr 3, 2025",$10M to $50M,Active,www.hydrolix.io,"Hydrolix is a data lake platform that revolutionizes the cost efficiency of log data management. The company specializes in assisting organizations to manage large volumes of data effectively. Their platform is built to tackle the challenges of data storage, real-time analytics, and scalability. Hydrolix provides high-performance, cost-efficient data storage solutions optimized for both structured and unstructured data. Their solutions are engineered to scale alongside an organization’s growing data needs, maintaining consistent performance as data volumes expand.",101-250,info@hydrolix.io,Hasan Alayli,"Professional Services, Software, Cloud Data Services, Database, Information Technology, Internet, Outsourcing"
ScaleOps,New York,New York,Series C,"Mar 30, 2026",$10M to $50M,Active,scaleops.com,"ScaleOps is a cloud technology company that provides an automated platform for optimizing Kubernetes and AI infrastructure resources in real time. It helps engineering teams improve application performance and reduce cloud costs by dynamically adjusting compute resources such as CPU, memory, and GPU usage based on live workload conditions. The platform includes capabilities like pod rightsizing, replica optimization, smart workload placement, and cost monitoring, all powered by context-aware automation. ScaleOps eliminates the need for manual resource tuning, enabling teams to focus on development while maintaining efficient and reliable production environments.",101-250,yarden@scaleops.com,Guy Baron,"Internet Services, Science and Engineering, Software, AI Infrastructure, Cloud Computing, DevOps, Software Engineering"
NinjaOne,Austin,Texas,Series C,"Sep 30, 2025",$500M to $1B,Active,www.ninjaone.com,"NinjaOne automates the hardest parts of IT, empowering IT teams with visibility, security, and control over all endpoints. The NinjaOne platform is proven to increase productivity while reducing risk and IT costs. The NinjaOne platform caters to various use cases and stands out as the highest-rated software on G2 in seven categories, encompassing endpoint management, RMM, and patch management. Additionally, NinjaOne provides features such as endpoint backup, multi-tenant MSP backup, streamlined remote support through one-click control, and seamless integration with numerous IT and security technologies.",1001-5000,sales@ninjaone.com,Christopher Matarese,"Software, Cyber Security, Document Management, Information Services, Software Engineering"
Quantinuum,Broomfield,Colorado,Series B,"Aug 15, 2025",,Active,www.quantinuum.com,"Quantinuum is a quantum company dedicated to the advancement of quantum computers and the development of software solutions. Quantinuum's technology spearheads advancements in materials discovery, cybersecurity, and next-generation quantum AI. The company has nearly 500 professionals, including over 370 scientists and engineers, Quantinuum takes the helm in driving the quantum computing revolution globally.",501-1000,info@quantinuum.com,Ilyas Khan,"Software, Cyber Security, Quantum Computing, Software Engineering"
Nas.com,New York,New York,Series A,"Apr 8, 2026",$1M to $10M,Active,nas.com,"Nas.com is the fastest way to launch and market an online store. Snap a photo and AI builds your store, runs your marketing, and finds customers for you.

Nas.com builds your entire online store in seconds. Your listings, your storefront, your ads, your content. All done for you by AI. Unlike Shopify or Etsy, Nas.com doesn't just host your store, it actually helps you with marketing. 

350,000 people across 150+ countries are already selling on Nas.com.

Time to work for yourself on Nas.com",11-50,help@nas.io,Nuseir Yassin,"Media and Entertainment, Sales and Marketing, Software, Agentic AI, Digital Marketing, Digital Media, E-Commerce Platforms, Video"
Apptronik,Austin,Texas,Series A,"Feb 11, 2026",,Active,apptronik.com,"Apptronik develops humanoid robots designed to operate alongside human workers and assist with physical tasks. The company focuses on creating general-purpose robotic systems that combine hardware, software, and AI to perform activities such as material handling, case picking, palletizing, and machine tending in industrial and logistics environments. Its flagship product, the Apollo humanoid, is engineered to navigate spaces built for people and interact with existing tools and infrastructure. Apptronik also integrates robotic solutions through service and ownership models to support operational workflows. The company partners with technology and industrial firms to advance robot capabilities and real-world deployment.",251-500,info@apptronik.com,Bill Helmsing,"Manufacturing, Science and Engineering, Software, Artificial Intelligence (AI), Industrial Automation, Machinery Manufacturing, Robotics"
AfterQuery,San Francisco,California,Series A,"Apr 9, 2026",,Active,www.afterquery.com,"AfterQuery is an artificial intelligence research and data platform focused on creating high-quality, human-generated datasets to improve AI model performance. It provides specialized training data and empirical research initiatives designed to help organizations build and fine-tune advanced machine learning systems, particularly for complex, real-world professional tasks. The platform emphasizes sourcing data that cannot be easily obtained online or generated synthetically, enabling more accurate and reliable AI outputs. It also connects a network of vetted experts and professionals who contribute domain-specific knowledge to support AI development and evaluation. Through its solutions, AfterQuery aims to advance the capabilities of AI by combining rigorous research with curated human expertise.",51-100,,Carlos Georgescu,"Science and Engineering, Software, Artificial Intelligence (AI), B2B, Big Data, Data Collection and Labeling"
Grüns,Beaverton,Oregon,Series B,"Apr 4, 2025",$10M to $50M,Active,gruns.co/,,51-100,,Chad Janis,"Dietary Supplements, Health Care, Nutrition, Snack Food, Wellness"
Plume,San Francisco,California,Seed,"Apr 9, 2026",,Active,www.plumefinder.com/,,51-100,founders@plumefinder.com,Edouard Labarthe,"Real Estate, Science and Engineering, Software, Artificial Intelligence (AI), Home Renovation, Renewable Energy"
d-Matrix,Santa Clara,California,Series C,"Nov 12, 2025",$10M to $50M,Active,www.d-matrix.ai,"D-Matrix is developing a platform that enables data centers to handle large-scale generative AI inference with high throughput and low latency. The company’s offering includes the Corsair™ inference accelerator card, the JetStream™ I/O networking accelerator, and the SquadRack™ rack-scale system, all designed to work together to deliver efficient inference compute. Their technology brings memory and compute closer together, embedding processing inside memory to reduce data movement, improve speed, and energy efficiency. The stack also includes software tools for deployment, model debugging, and performance monitoring, enabling enterprises to scale inference workloads across models and usage scenarios.",251-500,pr@d-matrix.ai,Sid Sheth,"Information Technology, Internet Services, Science and Engineering, AI Infrastructure, Artificial Intelligence (AI), Cloud Infrastructure, Data Center, Semiconductor"
Fathom Therapeutics,New York,New York,Series A,"Apr 27, 2026",,Active,www.atommap.com,"Fathom Therapeutics, previously known as Atommap, is a biotechnology company focused on designing therapeutic molecules through computational drug discovery approaches. The company develops models that simulate biomolecular and protein motion to better understand how proteins behave and interact, enabling the identification of new therapeutic strategies. Its platform combines generative design, predictive modeling, and computational assays to create and evaluate molecular candidates for their binding affinity and functional effects. By leveraging these simulations, it supports drug discovery processes such as hit identification, lead optimization, and the design of targeted molecules, including degraders and molecular glues. The company also collaborates with partners by providing molecular designs, predictive insights, and co-development opportunities for advancing therapeutic candidates.",11-50,info@atommapper.com,Huafeng Xu,"Biopharma, Biotechnology, Medical, Therapeutics"
Ajax Therapeutics,Cambridge,Massachusetts,Series C,"May 13, 2024",,Active,www.ajaxtherapeutics.com,"Ajax Therapeutics develops targeted therapies for hematologic cancers, with a focus on treating myeloproliferative neoplasms through precision drug discovery approaches. The company applies computational chemistry and structural biology to design small-molecule therapies that selectively target disease-driving proteins while minimizing off-target effects. Its research centers on next-generation inhibitors of the JAK2 protein, a key driver of certain blood cancers, using a differentiated mechanism that binds the Type II conformation of the kinase. This approach aims to improve treatment effectiveness and address limitations of existing therapies that provide symptom relief but do not fully suppress disease progression. It integrates discovery, preclinical research, and clinical development within its operating model, enabling continuous refinement of drug candidates based on biological insights and trial data. It collaborates with research institutions and leverages scientific expertise in oncology and molecular medicine to support development efforts.",1-10,info@ajaxtherapeutics.com,Martin Vogelbaum,"Biotechnology, Life Science, Medical"
Stipple Bio,Cambridge,Massachusetts,Series A,"Apr 6, 2026",,Active,www.stipple.bio,"Stipple Bio is a biotech company that focuses on advancing cellular profiling and target discovery using epitope-level resolution technologies. It develops proprietary platforms that analyze cellular interactions, enabling researchers to identify precise therapeutic targets for drug development. The company’s approach is particularly applied in oncology, where it aims to discover tumor-specific cell surface epitopes to create safer and more effective treatments. Its “Pointillist” platform is designed to map these epitopes with high precision, helping overcome limitations of traditional therapies such as off-target toxicity.",1-10,info@stipple.bio,Aaron Ring,"Biopharma, Biotechnology, Medical, Wellness"
Condor Software,San Diego,California,Series A,"Mar 18, 2026",$1M to $10M,Active,www.condorsoftware.com,"Condor Software develops financial management software for clinical trials in the biopharmaceutical sector. Its platform enables accounting, finance, and clinical operations teams to manage research and development spending through automated accruals, budgeting, and forecasting tools. The system integrates data from enterprise resource planning, clinical trial management, and vendor systems to provide a unified view of financial and operational data. It supports scenario planning, vendor spend tracking, and reconciliation of clinical activity with financial records to assist in financial close processes. The platform also includes data validation, audit tracking, and reporting features to help maintain compliance and transparency across clinical programs.",11-50,,Jennifer Kyle,"Software, Enterprise Software, Financial Services, Life Science, SaaS"
Jump,Salt Lake City,Utah,Series B,"Feb 19, 2026",$10M to $50M,Active,jump.ai,"Jump is a technology company that provides an artificial intelligence platform designed for financial advisors and other financial services professionals. Its products automate administrative tasks related to client meetings, including preparation, note-taking, compliance documentation, CRM updates, follow-ups, and client recaps, enabling users to integrate data and workflows across existing tools. The platform also offers insights and customization options that support deeper client engagement and workflow alignment with industry requirements. Jump’s services include integration with key advisor systems and features aimed at supporting regulatory compliance within advisory operations. Its offerings are oriented toward enhancing productivity and operational efficiency in advisor workflows.",101-250,hello@jumpapp.com,Adam Kirk,"Science and Engineering, Software, Artificial Intelligence (AI), Financial Services, FinTech, Generative AI, SaaS"
Xona,Burlingame,California,Series C,"Mar 26, 2026",$10M to $50M,Active,www.xonaspace.com,"Xona develops satellite navigation services delivering positioning, navigation, and timing data via a low Earth orbit network. The company designs a constellation of small satellites that deliver signals intended to complement and enhance existing global navigation systems. Its technology focuses on improving accuracy, signal strength, and reliability for applications operating in challenging environments such as urban areas or regions with limited infrastructure.

Xona builds and tests space and ground systems that support secure signal transmission and user access to navigation data. The company works on receiver compatibility and system integration to enable use across industries including defense, transportation, and autonomous systems.",101-250,info@xonaspace.com,Adrien Perkins,"Navigation and Mapping, Science and Engineering, Software, Aerospace, GPS, Information Services, Military, Navigation"
Yuzu Health,New York,New York,Series A,"Apr 6, 2026",,Active,yuzu.health,"Yuzu Health operates as a third-party administrator (TPA), providing claims processing, compliance, billing, and plan management services for employer-sponsored health insurance plans. The company primarily serves plan designers and employers by offering customizable health plans and integrated tools that streamline workflows, improve transparency, and reduce administrative complexity. Its platform emphasizes real-time data visibility, simplified financial management, and a unified portal for handling member and employer interactions. Backed by venture funding, Yuzu Health aims to make healthcare more accessible and efficient by rebuilding the underlying infrastructure of insurance administration with a technology-first approach.",101-250,hi@yuzu.health,Max Kauderer,"Health Care, Health Insurance, Insurance, Software"
Alpaca,Omaha,Nebraska,Seed,"Feb 11, 2026",$1M to $10M,Active,www.alpacapacks.com,"Alpaca Packs provides a platform that helps school leaders gather feedback from staff and recognize educators with curated celebration kits. The company offers pulse surveys that capture real-time teacher wellbeing insights and tools that allow administrators to understand and act on staff input. It also distributes monthly celebration packs designed to support recognition and morale among teachers. In addition to surveys and kits, the company shares resources and ideas aimed at improving school culture and supporting teams.",1-10,info@alpacapacks.com,Karen Borchert,"Software, EdTech, Education, Gift, Subscription Service"
Bluefish,New York,New York,Series B,"Apr 14, 2026",$1M to $10M,Active,www.bluefishai.com,"Bluefish provides artificial intelligence solutions focused on automating and optimizing enterprise workflows. The company develops AI-driven tools that support data analysis, decision-making, and process automation across business functions. Its platform integrates with existing systems to enhance operational efficiency and enable real-time insights from structured and unstructured data. Bluefish also offers services that assist organizations in implementing and managing AI models within their workflows. The company supports use cases such as customer engagement, internal operations, and performance monitoring through scalable AI applications.",101-250,support@bluefishai.com,Alex Sherman,"Sales and Marketing, Science and Engineering, Software, Artificial Intelligence (AI), Information Technology, Marketing"
Liquid AI,Cambridge,Massachusetts,Series A,"Dec 13, 2024",,Active,liquid.ai,"Liquid AI is a technology company that develops artificial intelligence solutions for various applications. It focuses on creating tools for data analysis and decision-making processes. Liquid AI serves industries such as finance, healthcare, and logistics.",51-100,ramin@liquid.ai,Alexander Amini,"Science and Engineering, Software, Artificial Intelligence (AI), Foundational AI, Generative AI, Information Technology, Machine Learning"
Science,Alameda,California,Series C,"Mar 5, 2026",,Active,science.xyz,"Science is a clinical-stage medical technology company focused on developing neural interface systems to address conditions such as vision loss, cognitive impairment, and motor dysfunction. The company integrates neural recording electronics, optogenetic stimulation, and software platforms to create brain-computer interface (BCI) solutions. Its product suite includes Axon neural probes, the SciFi headstage, and the Synapse communication protocol, which together form a modular platform for neural engineering applications. Science also develops implantable devices like PRIMA, a wireless photovoltaic stimulation array aimed at restoring vision in patients with retinal degenerative diseases.​",101-250,,Alan Mardinly,"Biotechnology, Medical, Neuroscience"
Celestial AI,Santa Clara,California,Series C,"Mar 11, 2025",,Active,www.celestial.ai,"Celestial AI is a machine learning accelerator company developing an optical interconnect technology platform for data centers and AI solutions. It utilizes the advantages of photonics, mixed-signal ASICs, and advanced packaging to offer a sustainable improvement in computing performance that helps clients deliver superior AI acceleration hardware and software alternatives. The company's Photonic FabricTM provides the foundational technology for optically scalable, disaggregated data center computing and memory to unleash advancements in AI with sustainable and profitable business models.",101-250,info@celestial.ai,David Lazovsky,"Information Technology, Science and Engineering, Software, AI Infrastructure, Artificial Intelligence (AI), Data Center, Machine Learning, Semiconductor"
Corgi Insurance,San Francisco,California,Series A,"Jan 8, 2026",$10M to $50M,Active,www.corgi.insure,"Corgi Insurance is a startup-focused insurance carrier offering instant quotes and online coverage. Products include D&O insurance, E&O insurance, Cyber, EPLI, and General Liability for early-stage and scaling companies. Corgi replaces slow broker workflows with fast underwriting and clear coverage built for founders. Get an instant quote at www.corgi.insure.",51-100,founders@corgi.insure,Emily Yuan,"Science and Engineering, Software, Artificial Intelligence (AI), Insurance, InsurTech"
Crossbow Therapeutics,Cambridge,Massachusetts,Series B,"Mar 18, 2026",,Active,www.crossbowtx.com,"Crossbow Therapeutics develops immunotherapies that focus on engineering immune cells to target disease-specific antigens. The company builds platforms that combine antibody discovery with cell therapy approaches to direct immune responses toward cancer cells. Its work involves designing molecules that guide immune cells to recognize and eliminate targets with greater specificity. Crossbow Therapeutics conducts research and development activities that integrate protein engineering, immunology, and translational science. The company also advances preclinical programs to evaluate safety and effectiveness of its therapeutic candidates.",11-50,,Geraldine Paulus,"Biotechnology, Health Care, Life Science, Medical, Oncology"
Profusa,San Francisco,California,Series C,"Jul 14, 2025",$1M to $10M,Active,profusa.com/,"Profusa, Inc. operates in the health care sector. It is dedicated to the development of a new generation of biointegrated sensors that empowers the individual with the ability to monitor their unique body chemistry in unprecedented ways to transform the management of personal health and disease. 

The company was incorporated in 2009 and is based in Cupertino, California.",51-100,info@profusacorp.com,Fred Knechtel,"Science and Engineering, Biotechnology, Finance, Financial Services, Health Care, Medical"
Colossal Biosciences,Austin,Texas,Series C,"Feb 3, 2026",$10M to $50M,Active,colossal.com,"Colossal Biosciences is a bioscience and genetic engineering company focused on restoring extinct species and protecting endangered ones. Utilizing advanced gene editing technologies like CRISPR, the company aims to revive species such as the woolly mammoth and enhance ecosystems. Through innovative approaches, Colossal seeks to address the urgent challenges of extinction and biodiversity loss.",101-250,info@colossal.com,Andrew Busey,"Biotechnology, Genetics, Life Science"
Oasis Security,New York,New York,Series B,"Mar 19, 2026",,Active,www.oasis.security/product,"Oasis is the developer of a non-human identity management technology that combines visibility and risk assessment with vulnerability auto-remediation. The company's platform simplifies secret management compliance and automatically detects all non-human identities, allowing clients to improve security posture and implement strong governance without operational complexity.",101-250,privacy@oasis.security,Amit Zimerman,"Privacy and Security, Computer, Identity Management, Network Security"
Mindtrip,San Francisco,California,Seed,"Dec 4, 2025",,Active,mindtrip.ai,"Mindtrip is a travel-planning company that offers an AI-powered platform to help users discover, plan, and organize trips. It provides personalized travel suggestions based on user preferences, and generates customizable itineraries that include photos, interactive maps, reviews, and booking-ready recommendations. The platform supports collaboration, allowing users to co-plan trips with friends or family, and enables them to store trip details, including confirmations and receipts, all in one place.",11-50,,Andy Moss,"Software, Travel and Tourism, Rob Davis, Artificial Intelligence (AI), Tourism, Travel, Vincent Lo"
Fieldguide,San Francisco,California,Series C,"Feb 2, 2026",$10M to $50M,Active,www.fieldguide.io,"Fieldguide is a vertical AI company offering an end-to-end, agentic AI platform for audit and advisory firms. The company helps firms increase margins, win new business, and build stronger client relationships. Fieldguide is backed by leading venture capital funds, including Bessemer Venture Partners, 8VC, Floodgate, Y Combinator, Justin Kan (Twitch/justin.tv), Elad Gil, Qasar Younis (Applied Intuition), Tracy Young (PlanGrid) & more.",101-250,contact@fieldguide.io,Chris Szymansky,"Information Technology, Media and Entertainment, Privacy and Security, Accounting, Advice, Agentic AI, Artificial Intelligence (AI), Cyber Security"
Courier Health,New York,New York,Series B,"Apr 22, 2026",$10M to $50M,Active,www.courierhealth.com,"Courier Health is a software company that develops a patient relationship management platform designed for the life sciences and biopharma sector. Its platform enables companies to manage the patient journey from diagnosis through treatment initiation and ongoing therapy adherence by integrating data, workflows, and communication tools into a single system. The software provides real-time visibility, automation, and coordination capabilities that help organizations support patients with complex or chronic conditions more effectively. It is used by biopharma companies to organize patient services operations, connect fragmented data sources, and improve decision-making across commercial teams. In addition to its technology, the company offers implementation support and resources to help clients manage and optimize patient engagement processes.",101-250,compliance@courierhealth.com,Danny Sigurdson,"Software, CRM, Health Care, Medical"
Axiom,Palo Alto,California,Series A,"Mar 12, 2026",,Active,axiommath.ai,"Axiom develops artificial intelligence systems designed to solve complex mathematical problems and produce formally verified proofs. The platform processes mathematical questions written in natural language, converts them into formal proof structures, and applies automated reasoning to generate step-by-step solutions. Its system integrates modules that translate problems into formal languages, propose intermediate lemmas, and assemble proofs that are verified through proof-checking tools.",11-50,careers@axiommath.ai,Carina Hong,"Information Technology, Science and Engineering, Software, Artificial Intelligence (AI), Education, Foundational AI, Generative AI"
Coder,Austin,Texas,Series C,"Apr 1, 2026",,Active,coder.com,"Coder is an information technology company that provides open-source tools and an enterprise platform that makes it easier to configure, secure and scale development environments.

The company aims to build the best products available for developers. It was founded in 2017 and based in Austin, Texas.",101-250,contact@coder.com,Ammar Bandukwala,"Cloud Computing, Developer Platform, Developer Tools, Enterprise Software, Software"
Steno,Los Angeles,California,Series C,"Mar 26, 2026",$10M to $50M,Active,steno.com,"Steno provides litigation support by connecting legal teams with court reporters, remote deposition tools, and transcript management. The company facilitates in-person and virtual depositions by offering scheduling, videography, and real-time reporting capabilities. Its platform integrates digital tools that allow attorneys to manage case materials, review transcripts, and coordinate proceedings within a unified system.

Steno also supports legal workflows through automated transcript processing and secure document handling, helping law firms organize and access deposition records efficiently. The company works with certified court reporters and legal professionals to ensure accurate documentation of legal proceedings.",251-500,concierge@steno.com,Dan Anderson,"Professional Services, Software, Document Management, Legal, Legal Tech, Payments"
Rocketlane,Wilmington,Delaware,Series C,"Mar 25, 2026",,Active,www.rocketlane.com,"Rocketlane is a professional services automation (PSA) platform designed to enhance project profitability and streamline customer onboarding processes. The platform combines project management, collaboration, and communication tools to help teams plan, track, and execute client-facing projects. It includes features such as task management, document sharing, time tracking, and customer portals, enabling visibility into project progress for both internal teams and clients. Rocketlane also supports workflow automation, resource planning, and reporting to help organizations coordinate onboarding activities and monitor performance. The system integrates with other business tools to streamline data flow across sales, customer success, and service teams.",251-500,sales@rocketlane.com,Deepak Balasubramanyam,"Software, Collaboration, Customer Service, Project Management, SaaS"
Findem,Redwood City,California,Series C,"Oct 21, 2025",$1M to $10M,Active,www.findem.ai,"Findem is a talent-acquisition technology firm that offers an AI-driven “Talent Data Cloud designed to help companies identify, attract, and engage top candidates more efficiently. The company features capabilities such as its Copilot for Sourcing, which can turn a job description into a verified shortlist of candidates pulled across all hiring channels with a single click. It also supports talent teams with analytics, diversity tracking, CRM-style talent pool management, and automated outbound outreach to potential hires.",101-250,marketing@findem.ai,Hariharan Kolam,"Professional Services, Science and Engineering, Software, Analytics, Artificial Intelligence (AI), Human Resources, Recruiting, SaaS"
Cloaked,Lowell,Massachusetts,Series B,"Mar 19, 2026",,Active,www.cloaked.com,"Cloaked provides privacy-focused digital identity and data protection tools for individuals and businesses. The company offers a platform that generates alternative identities such as emails, phone numbers, and payment details to limit exposure of personal information. Its system enables users to manage, share, and revoke access to these identities across online services and transactions. It also includes monitoring features that help track data usage and detect potential exposure risks. The platform integrates with applications and services to support secure authentication and communication. The organization focuses on helping users control how their personal data is shared and stored across digital environments.",101-250,contact@cloaked.id,Abhijay Bhatnagar,"Software, Information Technology, Internet, Privacy"
Omni,San Francisco,California,Series C,"Apr 23, 2026",,Active,omni.co,"Omni provides a data collaboration and analytics platform that allows teams to explore, model, and share business data in one environment. It connects to various data warehouses and allows users to define metrics, build queries, and create dashboards without heavy reliance on engineering resources. The platform supports collaborative workflows, where users can interact with data through a shared interface and maintain consistency in definitions across teams. It also includes tools for governance and access control to manage how data is used and distributed. Omni integrates with existing tools and workflows to support reporting, analysis, and decision-making processes across organizations.",101-250,privacy@omni.co,Christopher Merrick,"Science and Engineering, Software, Analytics, Artificial Intelligence (AI), Business Intelligence, Information Technology, SaaS"
Kashiv BioSciences,Piscataway,New Jersey,Seed,"Dec 22, 2025",,Active,www.kashivbiosciences.com,"​Kashiv BioSciences is a fully integrated biopharmaceutical company engaged in the development and manufacturing of complex pharmaceuticals, including biosimilars, applications, and complex generics. The company's infrastructure encompasses research and development facilities in Piscataway, New Jersey; Chicago, Illinois; and Ahmedabad, India, supporting capabilities such as mammalian and microbial cell line development, advanced analytical characterization, and commercial-scale manufacturing. Kashiv's product pipeline includes biosimilar candidates like KSHB002, an abatacept biosimilar that met primary endpoints in a Phase I trial.",251-500,info@kashivbio.com,Chintu Patel,"Biotechnology, Life Science, Pharmaceutical"
Hone Health,New York,New York,Series A,"Jan 28, 2025",$1M to $10M,Active,www.honehealth.com,"Hone Health is the modern men's health platform that offers personalized care with data driven insights, licenced physician consultations, medications, and more. They also offer testosterone, clomid, and anastrozole products.",11-50,,Alba Mertira,Health Care
Credo AI,Los Altos,California,Series B,"Jul 30, 2024",$1M to $10M,Active,www.credo.ai,"Credo AI is the category-defining leader in AI governance, helping the world’s most iconic enterprises scale AI responsibly.
Our AI Governance Platform and proven Advisory Services empower organizations to confidently adopt and scale trusted AI — from Generative to Agentic. Our centralized platform measures, monitors, and manages AI risk, enabling customers to maximize AI’s value while mitigating security, privacy, compliance, and operational challenges. With Credo AI, teams gain a single command center for AI oversight across use cases, models, datasets, agents, and vendors. By ensuring alignment with global AI regulations, industry standards, and company values, we help future-proof AI investments and drive long-term value.
Credo AI supports public and private sector customers across high-stakes use cases, helping federal teams ensure oversight and compliance aligned with AI in Action, the NIST AI RMF, EO 13960, and ISO 42001.
Recognized by Forrester as the Leader in AI Governance, Fast Company, CB Insights, Inc.,  and the World Economic Forum, Credo AI powers trust in AI at enterprise scale. Learn more at www.credo.ai.",11-50,info@credo.ai,Eli Chen,"Software, Artificial Intelligence (AI), Machine Learning, SaaS"
Nous Research,New York,New York,Series A,"Apr 25, 2025",,Active,nousresearch.com,"Nous Research is a decentralized AI startup that focuses on developing open-source, human-centric artificial intelligence models and tools. Its work encompasses large language model architecture, data synthesis, fine-tuning, and reasoning, aiming to align AI systems with real-world user experiences. In addition to model development, the organization emphasizes decentralized AI training. It utilizes blockchain technology, specifically the Solana network, to coordinate and incentivize global participation in training its AI models. This approach allows individuals worldwide to contribute idle computing power for AI training, promoting a more distributed and collaborative development process.",11-50,kainan@nousresearch.com,Jeffrey Quesnelle,"Internet Services, Other, Science and Engineering, Artificial Intelligence (AI), Blockchain, Open Source, Product Search"
Loop,San Francisco,California,Series C,"Apr 17, 2026",$10M to $50M,Active,loop.com,"Loop provides a platform that manages logistics and supply chain data through automation and analytics tools. The system aggregates shipment, carrier, and financial data into a unified interface to support visibility and coordination. It includes features for freight audit, payment processing, and cost tracking across transportation activities. The platform also supports issue resolution, reporting, and performance monitoring for carriers and shipments. Loop serves organizations that require structured data handling and process automation within logistics operations.",251-500,hello@loop.com,Matt Mckinney,"Software, Transportation, Financial Services, FinTech, Information Technology, Logistics, Payments"
Nexthop AI,Santa Clara,California,Series B,"Mar 10, 2026",,Active,nexthop.ai,"Nexthop AI develops networking infrastructure designed to support artificial intelligence workloads in large-scale cloud computing environments. The company builds custom networking hardware and integrates it with software platforms and open network operating systems used in data center deployments. Its offerings include switching systems, network operating system integration, and validated optical and electrical interconnect components that connect compute clusters used for AI training and inference. Nexthop AI works with cloud operators to design network architectures that align with their infrastructure requirements and existing technology stacks. The company also provides engineering collaboration, system integration, and network design support to assist organizations deploying and scaling AI-focused data center environments.",101-250,info@nexthop.space,Anshul Sadana,"Internet Services, Science and Engineering, Software, Artificial Intelligence (AI), Cloud Data Services, IT Infrastructure"
Amperos,New York,New York,Series A,"Apr 22, 2026",,Active,www.amperos.com,"Amperos is a healthcare technology company that focuses on helping providers recover insurance revenue through automated claims management and denial resolution. Its platform uses agentic AI to manage the full lifecycle of insurance collections, including follow-ups, resubmissions, and appeals, while incorporating human expertise for complex cases. The company’s system integrates with existing healthcare workflows and consolidates claims data, payer interactions, and financial activity into a unified process for tracking and resolution. Amperos also provides analytics and insights that help organizations identify patterns in denials and improve billing and collection processes over time.",11-50,support@amperoshealth.com,Alvin Wu,"Health Care, Information Technology, Science and Engineering, Artificial Intelligence (AI), InsurTech"
Counterpart,Los Angeles,California,Series C,"Apr 28, 2026",$1M to $10M,Active,www.yourcounterpart.com,"Counterpart is an insurance technology company that provides management and professional liability coverage through a platform that integrates underwriting, risk mitigation, broker support, and claims handling. Its offerings include policies such as directors and officers liability, employment practices liability, fiduciary coverage, crime insurance, and general and professional liability tailored for small businesses and specialized sectors. The company combines data-driven processes and artificial intelligence to assess risks, streamline underwriting, and support ongoing risk management and claims resolution within a single system. It works with insurance brokers and carriers while supporting small businesses through tools designed to improve decision-making and operational efficiency in managing liability exposure. Its platform is supported by underwriting partners and industry expertise, enabling it to deliver insurance products alongside analytical insights and operational support services.",51-100,,Tanner Hackett,"Science and Engineering, Software, Artificial Intelligence (AI), Big Data, FinTech, InsurTech"
Sibel Health,Niles,Illinois,Series C,"Apr 9, 2026",$10M to $50M,Active,www.sibelhealth.com,"Sibel Health is a digital health company that develops advanced wearable sensor technologies designed to enable continuous, clinical-grade monitoring of vital signs across healthcare settings. Its solutions combine soft, flexible sensors with artificial intelligence–driven analytics, mobile software, and cloud platforms to deliver real-time health data insights for clinicians and researchers. The company offers platforms such as ANNE® and Discovery, which support applications including clinical care, remote patient monitoring, sleep diagnostics, and clinical trials by capturing and analyzing physiological data. Its technology is used across neonatal, pediatric, and adult care, helping improve decision-making and patient outcomes through continuous, non-invasive monitoring. By integrating wireless monitoring with data analytics and interoperable systems, it aims to transform how health data is collected and utilized in both hospital and home environments.",51-100,contact@sibelhealth.com,Ha Uk Chung,"Science and Engineering, Software, Artificial Intelligence (AI), Health Care, Medical, Medical Device"
Poolside,San Francisco,California,Series B,"Oct 2, 2024",,Active,www.poolside.ai,"Poolside is an artificial intelligence platform that offers foundation concepts and infrastructure. It aims to unlock humanity's potential by pursuing AGI for software creation, with the fundamental belief that the transitional path for humanity to AGI is by building specific capabilities instead of a general-purpose approach. It also helps users utilize the power of software creation and understand future systems.",101-250,,Eiso Kant,"Information Technology, Science and Engineering, Software, AI Infrastructure, Artificial Intelligence (AI), Developer Platform, Foundational AI"
Zocks,San Francisco,California,Series B,"Jan 26, 2026",$1M to $10M,Active,zocks.io/,"Zocks is an AI-powered platform that helps financial advisors and wealth professionals automate routine tasks and capture client insights. It uses artificial intelligence to generate meeting preparation materials, transcribe and summarize conversations, populate forms, draft client emails, and sync information with CRM and other systems without manual data entry. Zocks turns unstructured client communication into organized, actionable data that supports follow-up tasks and deeper client understanding. The platform also provides reporting and analytics on client interactions and integrates with existing advisory technology stacks to streamline workflows. Zocks is designed to support advisory teams in managing client relationships with greater efficiency and context.",101-250,,Akos Ratku,"Science and Engineering, Software, Artificial Intelligence (AI), Enterprise Software, Financial Services"
Talos,New York,New York,Series B,"Jan 29, 2026",$1M to $10M,Active,talos.com,"Talos Trading is an institutional technology infrastructure provider that connects all crypto ecosystem participants to support a full trading lifecycle. Talos Trading is based in New York, NY and was co-founded by Anton Katz and Ethan Feldman in 2018.",51-100,info@talos.com,Anton Katz,"Payments, Software, Cryptocurrency, Financial Services, FinTech, Trading Platform"
OpenLight,Goleta,California,Series A,"Apr 28, 2026",Less than $1M,Active,openlightphotonics.com,"OpenLight is a manufacturing company that specializes in custom Photonic Application-Specific Integrated Circuit (PASIC) chip design and manufacturing based on heterogeneous integration. The company's PASIC technology integrates all the components of silicon photonics devices, both active and passive components, into one chip. Its executive and engineering teams deliver the world's first open silicon photonics platform with integrated lasers, modulators, amplifiers, and detectors to improve the performance, power efficiency, and reliability of designs for datacom, AI, high-performance computing, telecom, automotive and industrial sensing, IoT sensing, healthcare, and quantum computing applications.",51-100,info@openlightphotonics.com,,"Science and Engineering, Software, Machine Learning, Quantum Computing, Semiconductor"
Liquid Instruments,San Diego,California,Series C,"Apr 28, 2026",$10M to $50M,Active,www.liquidinstruments.com,"Liquid Instruments develops software-defined test and measurement systems that enable engineers and scientists to perform complex experiments and signal analysis using a single, reconfigurable hardware platform. The company’s core offering is the Moku product line, which integrates multiple laboratory instruments, such as oscilloscopes, spectrum analyzers, waveform generators, and lock-in amplifiers, into one device that can be configured and updated through software. Its platform is built on field-programmable gate arrays, allowing users to dynamically switch between instrument functions or combine multiple tools within the same system depending on testing requirements. This approach replaces traditional setups that rely on multiple standalone instruments, reducing equipment complexity, cost, and physical space while enabling customized configurations for different applications.",51-100,info@liquidinstruments.com,Andrew Sutton,"Manufacturing, Software, Paul Altin, Electronics, Test and Measurement, Tarquin Ralph"
Cluely,New York,New York,Series A,"Jun 20, 2025",$1M to $10M,Active,cluely.com,"Cluely is an AI tool that offers live, context-aware responses during meetings and sales calls. It can recall information from transcripts and provide product details to sales representatives. The software also assists with individual work by reading screens and responding to prompts.",1-10,help@cluely.com,Alex Chen,"Hardware, Sales and Marketing, Science and Engineering, Artificial Intelligence (AI), Computer, Productivity Tools, Sales, Software"
CodeRabbit,Walnut Creek,California,Series B,"Sep 16, 2025",,Active,coderabbit.ai,"CodeRabbit offers software tools that perform automated code reviews using artificial intelligence. It inspects pull requests line by line, checks code flow and logic, enforces coding standards, runs linters and static analysis, and provides summaries of changes. It integrates with platforms like GitHub, GitLab, or Azure DevOps, and allows configuration with issue trackers such as Jira or Linear. It secures code reviews through encrypted data transmission and makes review feedback available in IDEs or via CLI. It includes features like autogenerated release notes, sprint reports, and support for both SaaS and self-hosted deployments.",101-250,contact@coderabbit.ai,Guritfaq Singh,"Software, Artificial Intelligence (AI), Developer Tools"
Rhoda AI,Palo Alto,California,Series A,"Mar 10, 2026",,Active,www.rhoda.ai/,"Rhoda is building a new class of robot foundation model designed to bring general intelligence into the physical world. By combining internet-scale video pretraining with closed-loop video predictive control, Rhoda aims to enable robots that can adapt, generalize, and operate autonomously across real-world environments. The company works with leading industrial partners across manufacturing and logistics.",51-100,info@rhoda.ai,Andrew Wooten,"Other, Science and Engineering, Software, Artificial Intelligence (AI), Business Intelligence, Foundational AI, Intelligent Systems, Real Time"
Doss,San Francisco,California,Series B,"Mar 24, 2026",,Active,www.doss.com,"Doss provides an adaptive resource platform (ARP) that integrates core business functions such as inventory management, procurement, sales orders and billing, accounting, warehousing, and production planning into a unified system. The platform includes a workflow editor, allowing users to automate processes and configure workflows tailored to their operations. Doss also offers DataStudio, a feature that enables users to create dashboards and monitor sales analytics, production metrics, and operational KPIs without the need for separate business intelligence tools. The system supports integration with digital tools, facilitating the aggregation of orders across point-of-sale systems and synchronization of data from third-party sources and warehouses.  Doss serves various industries, including industrials, consumer goods, food and beverage, construction, distribution, and cosmetics, providing a centralized solution for managing complex operations.",101-250,sales@doss.com,Arnav Mishra,"Accounting, Consulting, Enterprise Resource Planning (ERP)"
Cloneable,Raleigh,North Carolina,Seed,"Apr 23, 2026",,Active,www.cloneable.ai,"Cloneable provides an artificial intelligence platform that generates and replicates human voices for digital applications. The system allows users to create voice models from recorded samples and produce speech in multiple languages while preserving tone and style. It supports use cases such as content narration, virtual assistants, and automated customer interactions through API access and web-based tools.

The platform includes features for managing voice profiles, editing generated audio, and controlling how voices are deployed across channels. It also incorporates safeguards such as consent verification and usage monitoring to address ethical considerations in voice replication. Additionally, it enables integration with media production workflows and software systems to streamline the use of synthetic speech in various environments.",1-10,,Lia Reich,"Science and Engineering, Software, Apps, Artificial Intelligence (AI), Developer Platform, Machine Learning"
Sanas,Palo Alto,California,Series B,"Feb 19, 2025",,Active,sanas.ai,"Sanas is a real-time speech-understanding platform that modulates accents while preserving voices and emotions for natural interactions.  The platform assists multilingual speakers with accent correction, allowing them to communicate effectively without language barriers. Sanas's technology is utilized by contact centers and enterprises to enhance communication, improve customer satisfaction, and reduce miscommunication.",51-100,hello@sanas.ai,Maxim Serebryakov,"Professional Services, Science and Engineering, Software, Artificial Intelligence (AI), Language Learning, SaaS, Translation Service"
Cape,Arlington,Virginia,Series C,"Mar 19, 2026",$10M to $50M,Active,www.cape.co,Cape develops privacy-enabling technology that allows users to reclaim their privacy and security on electronic devices. The company's technology communicates with electronic devices while maintaining anonymity and privacy without compromising user experience.,101-250,info@private.tech,Anduril Alums,"Privacy and Security, Software, Information Technology, Mobile, Network Security, Telecommunications"
PayJoy,San Francisco,California,Series C,"Dec 2, 2025",$100M to $500M,Active,www.payjoy.com,"PayJoy is a mission-first credit provider dedicated to helping under-served customers in emerging markets to achieve financial stability and success. Our patented technology for secured credit provides an on-ramp for new customers to enter the credit system. Through PayJoy’s point-of-sale financing and card offerings, customers gain access to a modern quality of life. PayJoy’s credit also allows our customers to seize opportunities as micro-entrepreneurs, and acts as insurance for tough times. Through our cutting-edge machine learning, data science, and anti-fraud AI, we have served nearly 20 million customers and lent nearly $4B as of 2026 while achieving solid profitability and growth.",1001-5000,privacy@payjoy.com,Doug Ricket,"Other, Credit, Emerging Markets, Financial Services, FinTech, Mobile"
Reco,Altamonte Springs,Florida,Series B,"Feb 10, 2026",$10M to $50M,Active,www.reco.ai,"Reco provides a SaaS security platform that helps organizations monitor, discover, and manage cloud applications, identities, and associated risks using AI-powered analysis. Its platform continuously maps interactions across applications and users to surface misconfigurations, over-permissioned users, compromised accounts, and risky behaviors so security teams can prioritize actions based on context and risk. Reco also includes AI agents that autonomously process alerts and deliver context-rich insights to streamline threat detection and remediation. The company’s tools extend to discovering shadow apps and generative AI tools, consolidating identity governance, and maintaining visibility across dynamic SaaS environments.",101-250,info@reco.ai,Gal Nakash,"Privacy and Security, Science and Engineering, Software, Artificial Intelligence (AI), Cyber Security, Generative AI, SaaS"
Humanly.io,Seattle,Washington,Series B,"Apr 8, 2026",$1M to $10M,Active,humanly.io/,"Humanly’s conversational AI engages with every single candidate. By automating the repetitive candidate screening and selection tasks, you reclaim valuable time. And by creating visibility into the interview, you make more confident and equitable hiring decisions using clear-cut evidence. 

The company was founded in 2019 and is Co-Headquartered in Seattle, Washington , and Sacramento, California.",11-50,Prem@humanly.io,Andrew Gardner,"Professional Services, Science and Engineering, Software, Artificial Intelligence (AI), Human Resources, Machine Learning, Recruiting, SaaS"
Lyzr,Jersey City,New Jersey,Series A,"Mar 2, 2026",$1M to $10M,Active,www.lyzr.ai,"Lyzr is an enterprise agent framework for building reliable and self-learning AI agents that can communicate and exchange intel with one another, forming a knowledge mesh that leads to OGI - Organizational General Intelligence. At Lyzr, we take enterprise data privacy seriously, and hence, we designed the entire agent framework, including the API studio and OGI studio, to run locally on the customer's own cloud (VPC) or on-prem servers.",11-50,contact@lyzr.ai,Anirudh Narayan,"Education, Information Technology, Science and Engineering, Apps, Artificial Intelligence (AI), Enterprise Applications, Enterprise Software, Generative AI"
Inspiren,Brooklyn,New York,Series B,"Sep 25, 2025",,Active,inspiren.com,"Inspiren offers an integrated digital platform that helps senior living providers manage resident care, workforce optimization, emergency response, and clinical decision-making. Its system collects real-time data to support care planning, detect risks (such as falls), and automate assessments that inform staffing and billing. Inspiren also provides tools for caregiver coordination and emergency call management to enhance resident safety and operational efficiency. Its clinical team contributes subject matter guidance across implementation and ongoing use.",101-250,,Michael Wang,"Science and Engineering, Software, Analytics, Artificial Intelligence (AI), Assisted Living, Health Care, Machine Learning"
Sublime Security,Washington,District Of Columbia,Series C,"Oct 28, 2025",$100M to $500M,Active,sublime.security,"Sublime Security is the adaptive, AI-powered cloud email security platform that combines effectiveness with visibility and control. The open platform allows security teams to have transparency and flexibility in their email environment to spend less time on email-originated incidents. Advanced teams can customize detections, threat hunt, extend Sublime into their SIEM or SOAR, and collaborate with other teams.",101-250,hello@sublimesecurity.com,Ian Thiel,"Privacy and Security, Science and Engineering, Software, Artificial Intelligence (AI), Cloud Security, Cyber Security, Network Security"
Iridius,Seattle,Washington,Seed,"Apr 23, 2026",,Active,Iridius.ai,"Iridius is the compliance-by-design AI platform that enables regulated enterprises to design, build, and operate AI systems that are continuously compliant. 

In regulated industries, AI isn’t failing because of model capability — it’s failing because it can’t operate within real-world constraints: fragmented systems, complex workflows, and strict regulatory compliance requirements. Instead of treating compliance as a manual process that happens after systems are built, Iridius makes compliance part of how systems run.",11-50,info@iridius.ai,Alistair Lowe-Norris,"Software, Artificial Intelligence (AI), Enterprise Software, Generative AI"
Aiwyn,Charlotte,North Carolina,Series A,"Dec 19, 2024",$10M to $50M,Active,www.aiwyn.ai,"Aiwyn provides tools for accounting firms to manage billing processes and cash flow. The company automates accounts receivable tasks, including invoice preparation, collections, and payments. This automation allows partners and knowledge workers to focus on client service.",101-250,,Chris Furlong,"Accounting, Business Process Automation (BPA), FinTech, SaaS, Software"
Adonis,New York,New York,Series C,"Mar 25, 2026",$1M to $10M,Active,www.adonis.io,"Adonis provides revenue cycle management software that improves data visibility and financial operations for healthcare organizations. It offers tools that aggregate billing, claims, and payment data into a unified platform to support analysis and workflow management. The company enables users to monitor revenue performance, identify discrepancies, and manage processes such as claim tracking and reimbursement analysis. Its platform integrates with existing healthcare systems to centralize financial data and streamline reporting activities. Adonis also delivers dashboards and automation features that assist teams in handling operational tasks related to billing and collections.",101-250,,Akash Magoon,"Information Technology, Science and Engineering, Software, Artificial Intelligence (AI), Health Care"
Dedalus Labs,San Francisco,California,Seed,"Oct 15, 2025",,Active,www.dedaluslabs.ai,"Dedalus Labs is building the MCP gateway for the next generation of AI applications by unifying the fragmented AI agents ecosystem with a single drop-in API endpoint. We host and manage your MCP servers, allowing users to go from idea to production in a single click. Users can pick any model from any vendor, mix-and-match whatever tools they want from our MCP marketplace, and ship within minutes. YC S25.",1-10,founders@dedaluslabs.ai,Catherine Di,"Science and Engineering, Software, Artificial Intelligence (AI), Developer Tools, DevOps, SaaS"
Scribe,San Francisco,California,Series C,"Nov 10, 2025",,Active,scribe.com,"Scribe helps organizations capture and optimize how work gets done. Their Workflow AI platform turns processes into living playbooks to train colleagues, assist customers, and drive software adoption. Scribe Capture automatically creates and shares step-by-step guides, complete with text and screenshots — no more manual documentation. Scribe Optimize helps your organization understand how to make work better. It continuously mines workflows to identify the biggest opportunities to improve and turns those insights into data-backed recommendations, with customized business cases to drive the highest ROI transformation.",51-100,contact@scribehow.com,Aaron Podolny,"Science and Engineering, Software, Artificial Intelligence (AI), Information Technology, Productivity Tools"
OpenRouter,New York,New York,Series A,"Jun 25, 2025",,Active,openrouter.ai,"OpenRouter is a platform that connects AI applications with large language models and cloud hosting providers, allowing users to optimize for costs, speed, and performance.  The platform supports over 180 AI models, offers a unified API, and includes functionalities like private chat and exploratory data capabilities. OpenRouter sets the new benchmark for large-scale AI inference with its global edge infrastructure, privacy-focused design, real-time accounting, and integrated billing.",1-10,support@openrouter.ai.,Alex Atallah,"Science and Engineering, Software, Artificial Intelligence (AI), Information Technology"
Zenskar,New York,New York,Series A,"Apr 17, 2026",$1M to $10M,Active,www.zenskar.com,"Zenskar provides a billing and revenue management platform for companies with usage-based and subscription pricing models. The system enables businesses to track customer usage, generate invoices, and manage pricing structures across different plans. It includes tools for revenue recognition, financial reporting, and integration with accounting and payment systems. The platform also supports automation of billing workflows and handling of complex pricing scenarios such as tiered or metered charges. Zenskar serves organizations that require structured billing processes and visibility into revenue operations.",101-250,contact@zenskar.com,Apurv Bansal,"Payments, Professional Services, Science and Engineering, Accounting, Artificial Intelligence (AI), Billing, Financial Services, SaaS"
Pharos,Menlo Park,California,Series A,"Apr 8, 2026",,Active,pharosnetwork.xyz,"Pharos incorporates effective blockchain technology into real-world asset verticals and decentralized finance. Pharos Network is promoting trustless innovations that benefit asset markets and underprivileged communities, bolstering the global economy of the future and facilitating the widespread use of Web3 technologies.",11-50,,,"Payments, Software, Blockchain, Cryptocurrency, FinTech"
Hex Technologies,San Francisco,California,Series C,"May 28, 2025",$10M to $50M,Active,hex.tech,"Hex Technologies provides a collaborative data workspace that integrates SQL, Python, R, and no-code tools within a unified notebook interface. This platform enables users to conduct data analysis, build interactive applications, and share insights seamlessly. Features include real-time collaboration, AI-assisted code generation, and visualization tools designed to streamline workflows for both technical and non-technical team members. Hex offers integrations with modern data stacks such as Snowflake and dbt, facilitating smooth incorporation into existing infrastructures. The platform supports various deployment models, including multi-tenant and private cloud options, to meet diverse organizational needs. Hex serves a broad range of industries, providing tools that enhance data-driven decision-making processes.",51-100,hello@hex.tech,Barry McCardel,"Software, Analytics, Artificial Intelligence (AI), Business Intelligence"
Mach Industries,Huntington Beach,California,Series B,"Jun 17, 2025",$1M to $10M,Active,www.machindustries.com,"Mach Industries designs and manufactures defense systems focused on unmanned aerial vehicles, missiles, and related propulsion and factory infrastructure. Its flagship ""Forge"" model enables decentralized, adaptable production of drone components—like sensors, communications, and engines—across a network of flexible factories. The company is producing the Viper vertical-takeoff cruise missile, capable of 290 km range with a 10+ kg warhead and equipped with AI-guided navigation for GPS-denied environments. Mach was awarded a U.S. Army Applications Laboratory contract for its ""Strategic Strike"" vertical‑takeoff missile, completing design and test flights between September 2024 and January 2025. It also partners with Heven Drones to manufacture hydrogen-powered UAVs at its Huntington Beach facility, scaling U.S.-based production to reduce dependency on foreign supply chains.",101-250,meet@machindustries.com,Caine Ardayfio,"Other, Software, Drone Management, Hardware, Industrial, Infrastructure, Manufacturing"
Limble CMMS,Lehi,Utah,Series B,"Jun 24, 2024",$10M to $50M,Active,limblecmms.com,"Limble CMMS develops computerized maintenance management software to track, manage, schedule, and report maintenance activities. The company includes asset management, work orders, preventive maintenance, predictive maintenance, inventory, and vendor management. By leveraging technology, Limble helps businesses streamline their maintenance operations, reduce downtime, and extend the lifespan of their assets.",251-500,mail@limblecmms.com,Bryan Christiansen,"Asset Management, Information Technology, SaaS, Software"
Kredete,New York,New York,Series A,"Sep 15, 2025",$1M to $10M,Active,www.kredete.io,"Kredete provides a suite of financial tools that enable African immigrants in the U.S. to send and receive money internationally while also building credit. The company facilitates mobile banking (including savings, debit cards, cash advances, and in-app payment services), mobile transfers and top-ups, plus credit building via on-time credit, transaction, and rent reporting. It also offers business solutions (merchant tools, checkout, and API), crypto services (buying, selling, transfers, rewards, borrowing), and an AI-assistant for budgeting, predictive analysis, spending & credit simulation. Kredete operates via licensed U.S. financial partners and integrates compliance, security measures like two-factor authentication, and FDIC insurance for eligible accounts.",11-50,support@Kredete.io,Adeola Adedewe,"Payments, Software, Credit, Financial Services, FinTech, Mobile Payments"
BetHog,New York,New York,Series A,"Apr 22, 2026",,Active,www.bethog.com,"BetHog is an online platform that provides a crypto-based casino and sportsbook, enabling users to participate in wagering activities using digital assets. The platform offers a range of games, including proprietary instant games and traditional casino formats such as blackjack, baccarat, dice, and keno, alongside sports betting services. It is developed by founders associated with the entity company, FanDuel, a US sportsbook company, and is operated by BetHog Operations Ltd, with licensing and regulatory oversight from the Government of Anjouan. The platform incorporates both internally developed games and third-party titles from established gaming providers, while also supporting player-versus-player gameplay formats.",1-10,,Nigel Eccles,"Payments, Software, Travel and Tourism, Casino, Cryptocurrency, Gambling"
Rilian Technologies,Mclean,Virginia,Seed,"Apr 23, 2026",,Active,www.rilian.com,"Rilian develops cybersecurity and defense technology platforms that enable organizations to deploy, integrate, and operate advanced security tools across complex and regulated environments. The company provides an AI-driven security orchestration platform that unifies multiple cybersecurity tools into a single interface, allowing analysts to automate workflows, monitor threats, and respond to incidents more efficiently. Its offerings include systems for automated deployment and compliance that allow security technologies to operate in air-gapped, sovereign, and highly regulated environments without relying on traditional cloud infrastructure. The company also maintains a curated ecosystem of cybersecurity tools that are pre-integrated and validated for use in mission-critical settings, reducing complexity in adoption and integration.",51-100,,Christian Schnedler,"Information Technology, Internet Services, Privacy and Security, Artificial Intelligence (AI), Cyber Security, Internet, National Security"
Eternal,San Francisco,California,Seed,"Feb 8, 2025",,Active,eternal.co,"With a mission to keep athletes active and thriving in their chosen sports for as long as possible, Eternal provides members with a holistic understanding of their health, fitness, and benchmarks for key markers of the aging process along with guidance from high-performance care teams to support every stage of an athlete’s journey.",11-50,hello@eternal.co,Alex Mather,"Consumer Software, Fitness, Health Care"
Yoodli,Seattle,Washington,Series B,"Dec 2, 2025",$1M to $10M,Active,www.yoodli.ai,"Yoodli is an AI-enabled platform that provides feedback on its users' communication skills. Yoodli’s platform allows users to develop personas for simulating discussions with one or more individuals. The company’s model is built on successful communication strategies and can be tailored to align with an organization’s objectives. Users can practice speeches, navigate difficult conversations, or prepare for job interviews in a judgment-free environment, making it ideal for personal and professional development.",51-100,info@yoodli.ai,Esha Joshi,"Information Technology, Science and Engineering, Software, Artificial Intelligence (AI), Education, Training"
Ambrosia Biosciences,Boulder,Colorado,Series B,"Mar 31, 2026",,Active,ambrosiabiosciences.com/,,11-50,,,"Biopharma, Biotechnology, Health Care"
Solstice,Cambridge,Massachusetts,Seed,"Jul 23, 2024",$10M to $50M,Active,solstice.us,"Solstice provides turnkey customer solutions for shared solar. It also offers subscriber aggregation and management services to solar developers, utilities, and other providers of shared solar energy. Employing community organizing techniques and the nation's first online marketplace and customer management platform for shared solar, Solstice leverages network effects to aggregate consumer demand and put more solar in the ground.

Solstice's goal is to use community solar to help these groups meet one another and to unlock the possibility of solar power for these households. Solstice was founded on the belief that every American household can be powered by affordable renewable energy. By deploying community solar, Solstice works for greater energy equity and a future in which clean energy works for every American household, regardless of income level, credit score, or any other factor. It has received the C3E Women in Clean Energy Entrepreneurship Award, MassChallenge Silver Award, Kia Revisionaries Award, and Gold Stevie Award as well as the Echoing Green Climate Fellow, Inc Magazine’s Female Founder 100, Elle’s US Women Entrepreneur of the Year, a Renewable Energy World 40 Under 40 in Solar, a Grist 50 Fixer, a GLG Social Impact Fellow, a Cordes Fellow, and an Acumen Global Fellow award
. 
The company was founded in 2016 and is headquartered in Cambridge, Massachusetts.",11-50,info@solstice.us,Sandhya Murali,"Sustainability, Clean Energy, CleanTech, Energy, SaaS, Solar"
Deepgram,San Francisco,California,Series C,"Jan 13, 2026",$10M to $50M,Active,deepgram.com,"Deepgram provides a voice artificial intelligence platform that offers developer-accessible APIs for converting speech to text, generating natural spoken responses from text, and building voice-enabled applications. The company’s products include speech-to-text models that handle both real-time and recorded audio with conversational understanding and text-to-speech services that produce human-like voice outputs for applications and agents. Its platform supports integration through unified APIs that allow processing of multilingual audio, language understanding features, and voice agent workflows for digital systems. Deepgram serves software developers and technology teams seeking to embed automated voice capabilities into their products and services using scalable AI models.",101-250,support@deepgram.com,Adam Sypniewski,"Software, Artificial Intelligence (AI), Data Collection and Labeling, Machine Learning, Natural Language Processing, Speech Recognition"
Profound,New York,New York,Series C,"Feb 24, 2026",,Active,www.tryprofound.com,"Profound is a platform designed to enhance brand visibility, specifically within AI-generated responses, helping businesses remain competitive in search engine landscapes where users get answers without clicking through. The platform collects and analyzes data on prompt volumes, citation frequency, agent interactions, and AI crawler behavior to show which queries surface a brand and how content is used in AI outputs. It also offers tools to generate content briefs, track AI interactions with websites, and provide insights that support content strategy decisions. Profound’s system aims to give marketing and content teams visibility into evolving AI discovery channels and align content with questions users ask these systems.",101-250,team@tryprofound.com,Dylan Babbs,"Sales and Marketing, Science and Engineering, Software, Analytics, Artificial Intelligence (AI), Generative AI, SEO"
Profluent Bio,Emeryville,California,Series B,"Nov 19, 2025",$1M to $10M,Active,www.profluent.bio/,"Profluent Bio is an AI-first protein design company that designs novel, optimal proteins that bypass existing barriers in industry.",11-50,info@profluent.bio,Ali Madani,"Science and Engineering, Software, Artificial Intelligence (AI), Biotechnology, Life Science, Machine Learning"
Talino Fintech Foundry,Los Angeles,California,Series A,"Mar 19, 2026",,Active,www.talinoventures.com,"Born in the intersection of Silicon Valley and Southeast Asia, Talino Venture Labs is on a mission to bridge the $5.2 trillion financial inclusion gap for over 1.7 billion people around the world. Talino Venture Labs uses the successful venture studio model to build repeatable, scalable, and profitable fintechs that empower underserved, underrepresented groups around the world with financial access and mobility. Our proprietary tech stack, Talino Financial Inclusion Technology (Talino FIT), is already being used by financial institutions across our existing startups, impacting 10 million users across Asia and the United States. Talino FIT gives us the capability to build, deploy, and scale new technologies and businesses with greater agility and efficiency.",101-250,,,"Financial Services, FinTech, Software, Software Engineering"
Artemis,New York,New York,Series A,"Apr 15, 2026",,Active,artemissecurity.com,Artemis is the first protective layer that is AI-native,11-50,,,"Hardware, Information Technology, Privacy and Security, Artificial Intelligence (AI), Computer, Network Security"
SimpliFed,Ithaca,New York,Series A,"Apr 7, 2026",$1M to $10M,Active,www.simplifed.com,"SimpliFed is a healthcare technology company that provides virtual maternal care focused on breastfeeding and baby feeding support for families. It offers a telehealth platform that connects parents with certified lactation and baby-feeding specialists, delivering personalized, evidence-based care from pregnancy through the postpartum period. The platform includes services such as feeding guidance, remote monitoring, mental health screenings, and ongoing support to improve maternal and infant health outcomes. SimpliFed works closely with healthcare providers and health plans, integrating its services into existing care systems to enhance access and continuity of care. Its approach emphasizes inclusive, judgment-free support, helping parents make informed decisions about feeding methods while addressing both physical and emotional well-being.",11-50,contactus@simplifed.us,Andrea Ippolito,"Consulting, Health Care, Parenting, Telehealth"
Forerunner,San Francisco,California,Series B,"Feb 5, 2026",$10M to $50M,Active,withforerunner.com,"Forerunner provides an AI-powered geospatial software platform that connects spatial data, workflows, and field operations to help public sector teams manage tasks like floodplain oversight, stormwater systems, asset tracking, code enforcement, permitting, and emergency response. It centralizes environmental, infrastructure, and permitting information into configurable workflows and offers tools for inspections, reporting, automated communications, and resident engagement. The platform also includes features that assist with compliance and resilience planning through data layering and workflow automation. Forerunner supports collaboration between office and field teams by unifying records and enabling real-time updates across departments.",101-250,hello@withforerunner.com,JT White,"Science and Engineering, Software, Artificial Intelligence (AI), Geospatial"
Ryft,New York,New York,Seed,"Jul 9, 2025",,Active,ryft.io,"Ryft is the Automated Iceberg Management Solution. We help data teams create a truly open, automated and cost-effective Iceberg lakehouse, by maintaining and optimizing Iceberg tables in real time, all based on actual usage patterns. Ryft also automates governance, GDPR compliance and data lifecycle so data stays secure and compliant.",11-50,hi@ryft.io,Guy Gadon,Data Management
Ellipsis Health,San Francisco,California,Series A,"Jun 12, 2025",$1M to $10M,Active,www.ellipsishealth.com,"Sage provides 24/7 support and simplified healthcare navigation, guiding patients through complex healthcare processes with empathetic conversation.",51-100,hello@ellipsishealth.com,Dr. Michael Aratow,"Information Technology, Science and Engineering, Software, Artificial Intelligence (AI), Health Care"
Candex,New York,New York,Series C,"Mar 17, 2026",$50M to $100M,Active,www.candex.com,"Candex provides fintech-driven procurement and payment solutions that enable businesses to engage, manage, and pay vendors without requiring traditional supplier onboarding. The company operates as a master vendor, allowing organizations to transact with a wide range of suppliers—especially one-time or low-volume vendors—through a centralized platform that handles purchasing, invoicing, and payments. Its platform streamlines tail-spend procurement by consolidating transactions with smaller vendors into a single workflow, reducing administrative burden and simplifying vendor management. Buyers can issue purchase orders, track invoices, and process payments across multiple currencies, while the system manages compliance, tax validation, and regulatory checks.",101-250,support@candex.com,Jeremy Lappin,"FinTech, Payments, Software"
Latent,San Francisco,California,Series A,"Mar 18, 2026",,Active,latenthealth.com,"Latent is redefining medication access through clinical AI, partnering with leading health systems to streamline prior authorizations, 340B compliance, and appeals. By optimizing pharmacy workflows and enabling centralization, Latent accelerates time-to-therapy for patients, supports scalable pharmacy expansion, and reduces administrative burdens on staff. Learn more about our mission at www.latenthealth.com/.",11-50,hello@latenthealth.com,Rishabh Jain,"Health Care, SaaS, Software"
Rula,Los Angeles,California,Series C,"Jul 15, 2024",$1M to $10M,Active,www.rula.com,"Rula is a leading company in the behavioral healthcare space reimagining how people access high-quality, affordable care. Rula believes that when access to quality mental healthcare improves, patients, providers, and payers all benefit. And that’s why the company is on a mission to make mental healthcare work for everyone. Rula removes barriers and strengthens connection points between patients, providers, and payers to improve mental health outcomes.

With Rula, it’s easy for patients to find a high-quality therapist or psychiatric practitioner who meets their unique needs, accepts insurance, and is taking new patients.",251-500,support@rula.com,Gabriel Diop,"Addiction Treatment, Health Care, Home Health Care, Mental Health, Personal Health"
PlayAI,Palo Alto,California,Seed,"Nov 25, 2024",$1M to $10M,Active,play.ai,"PlayAI specializes in creating advanced AI voice models designed for fluid and emotive conversations. The platform enables businesses and developers to build engaging conversational AI experiences that enhance user interaction. 

By focusing on natural language processing and intuitive sequences, PlayAI aims to make human-AI interactions more accessible and effective for various applications.",11-50,support@play.ht,Hammad Syed,"Music and Audio, Science and Engineering, Software, Artificial Intelligence (AI), Audio, Generative AI, Machine Learning"
Beacon Biosignals,Boston,Massachusetts,Series B,"Apr 6, 2026",,Active,beacon.bio,"Beacon Biosignals is a neurotechnology company focused on bringing precision neuroscience into clinical trials and treatments for brain- and sleep-related disorders. The company’s core offering includes an FDA-cleared wearable device (the Waveband headband) that captures high-fidelity EEG during sleep and wake states, combined with an AI-driven analytics platform that processes millions of hours of neural data to extract biomarkers of brain function. Its end-to-end solution supports pharmaceutical and biotech clients by providing tools for patient stratification, dose-response monitoring, and early-stage disease progression, enabling trials to be more precise and efficient.",101-250,,Brandon Westover,"Hardware, Health Care, Science and Engineering, Artificial Intelligence (AI), Health Diagnostics, Machine Learning, Medical Device"
Fortem Technologies,Pleasant Grove,Utah,Series B,"Apr 22, 2026",$10M to $50M,Active,www.fortemtech.com/,"Fortem Technologies is an innovative leader in AI-enabled airspace security and safety. The company provides real-time intrusion detection and detect-and-avoid solutions. Fortem delivers a military-tested, commercially available solution that alerts, identifies and classifies drones and other unmanned aircraft vehicles (UAVs).

A Silicon Valley venture funded company that delivers innovative technologies to enable safe autonomous airborne operations, Fortem Technologies’ proven solutions allow organizations to transition their unmanned aircraft operations beyond visual line of sight (BVLOS). The company is privately held and backed by multiple investors.",101-250,info@fortemtech.com,Adam Robertson,"Transportation, Aerospace, Air Transportation, Autonomous Vehicles, Drone Management, Mechanical Engineering"
Labs,Santa Monica,California,Seed,"Aug 22, 2025",$1M to $10M,Active,labscompanies.com,"Labs Companies, Inc. (branded and doing business as Labs) is an American global superintelligence human-enhancement technology supercompany headquartered in Santa Monica, CA. Established in 2025 through a restructuring of LavLabs Inc., Labs now serves as the parent holding company of LavLabs, itself apart of seven core family of labs: Labsintelligence, Labs Realities, Labs Blocks, Labs Crypto, LabsX, Factory5227 and several specialized multi-labs. Each lab is dedicated to advancing human capabilities through transformative products, services, platforms, and technologies (PSPTs) in ASI, digital economies, immersive realities, consumer social, wearables and social experiences.

The Labs Manifesto: Humanizing every moment on the internet.

Our name “Labs” celebrates the field of Chemistry, and our test-tube emblem, Chemí (/kim-me/), reflects our commitment to innovation.

At Labs, our mission is to inspire creativity to shape futures that help build communities and advance human capabilities. We believe that every human on the planet could thrive greatly with equal access and opportunity to technology. Through our flagship, franchise, framework and fandom, family of brands, we create transformative human-enhancements that connect humanity through creativity, community, and innovation.

Our ecosystems and economies spans across a core and specialized family of labs, including Labs Financial Group (managing Labs Payments, Yuhmmy Wallet and financial solutions within the FinTaste ecosystem), Labs Investor Group (managing early-stage, growth-stage, CVC, fund-of-funds, hedge fund, mutual fund, ETF, index fund and pension fund investments through Labs Ventures, Labs Capital, Labs Investments, Labs Funds, Labs Equity and Labs Shares), Labs Realty Group (managing YuhmmyHouse, a Social-Taste Superclub and the Tastespitality Ecosystem), Labs Start Studios (Hatch Studio, Launch Studio, and Lift Studio for entrepreneurial enhancements), Labs Learn Studios (Labs University, Labs Academy, and Labs Institute for educational enhancements), Labs Entertainment (managing Yuhmmyevents and its annual Yuhmmylicious Week and CraveCon), Labs Media (managing the official podcast by Labs: TubeTechTalks, and Yuhmmy: TastefulTalks).

Our inaugural family of brand is Yuhmmy, the world’s first Everything Social-Taste Superbrand and ecosystem designed for discovering, experiencing, and sharing anything tasty. Its Yuhmmy App brings people together to explore food, drinks, sweets, snacks, and recreational flavors in fun, funny, and flavorfully engaging ways. Featuring innovative tools like Tastechat, Taste Sports, Taste Drops, Cravecash, YuhmmyAI, and Yuhmmy AR/VR, Yuhmmy empowers a revolutionary “Tasteconomy” driven by Taste Intelligence.

Labs is committed to reshaping the future of human-enhancements, seamlessly merging digital and physical worlds to redefine engagement, empowerment, education and earning.

Our Labs Foundations supports sustainability, S.T.E.A.M. education, and scholarships for underserved communities through 5227.org and Lifthumankind.org, committing 1% of proceeds and resources via pledge 1%.",1-10,info@labscompanies.com,Duránd F. Davis Jr.,"Data and Analytics, Financial Services, Hardware, Artificial Intelligence (AI), Augmented Reality, Blockchain, Cryptocurrency, Generative AI"
Moonshot AI,New York,New York,Seed,"Oct 21, 2025",,Active,www.moonshot-ai.com,"Moonshot AI is a No-code solution that optimizes e-commerce stores automatically. The platform utilizes the power of generative AI to enable brands to constantly iterate on CRO experiments, without requiring design, analysis, or developer resources.",1-10,hello@moonshot-ai.com,Aviv Frenkel,"Science and Engineering, Software, Artificial Intelligence (AI), E-Commerce, Generative AI"
Beeline Medicines,Boston,Massachusetts,Series A,"Apr 15, 2026",,Active,beelinemedicines.com,Beeline Medicines is a biotechnology company that identifies and provides precise treatments to autoimmune inflammatory disorders.,11-50,info@beelinemedicines.com,,"Biotechnology, Health Care, Therapeutics"
Zenity,New York,New York,Series B,"Oct 29, 2024",$1M to $10M,Active,www.zenity.io/,"Zenity is the first security and governance platform purpose-built for AI agents - spanning SaaS, home grown platforms (Cloud), and end-user devices (Endpoint). Trusted by Fortune 500 enterprises, Zenity helps security teams confidently adopt AI by delivering defense in depth with full-lifecycle coverage: from agent discovery and posture management to real-time detection, prevention, and response. As enterprises adopt Microsoft Copilot, Salesforce Agentforce, AWS Bedrock, and developer tools like GitHub Coplitot, Zenity eliminates blind spots and enforces consistent policy across environments so organizations can innovate with AI, without compromising security. Learn more at www.zenity.io.",101-250,hello@zenity.io,Ben Kliger,"Privacy and Security, Science and Engineering, Software, Artificial Intelligence (AI), Cloud Security, Cyber Security"
Generate Biomedicines,Somerville,Massachusetts,Series C,"Dec 18, 2024",$50M to $100M,Active,generatebiomedicines.com,"Generate Biomedicines is a biotechnological company focusing on creating breakthrough medicines. It pioneers in the field of Generative Biology, a revolutionary approach to drug development that allows them to program protein-based modalities for the first time. Generate Biomedicines has proved that its machine-learning platform can generate new biological molecules with therapeutic value, accelerating the drug discovery process.",251-500,info@​generatebiomedicines.​com,Geoffrey von Maltzahn,"Design, Health Care, Science and Engineering, Artificial Intelligence (AI), Biotechnology, Medical, Product Research"
Pearl,West Hollywood,California,Series B,"Jul 24, 2024",$1M to $10M,Active,hellopearl.com,"Pearl is the global leader in dental AI, reshaping oral healthcare with tools that raise the standard for diagnostic accuracy, trust, and innovation. Founded in 2019, Pearl helps clinicians, practice owners, universities and public health systems deliver consistent, high-quality care and stronger practice performance.

With the broadest AI footprint in dentistry, Pearl powers everything from chairside diagnosis to enterprise intelligence—elevating care and driving growth across diverse clinical environments. Our solutions are built in close partnership with those who use them—providers, practice managers, and educators at leading dental colleges worldwide. That’s why Pearl’s products reflect real-world workflows and integrate with the widest array of imaging and practice management systems, enabling teams to streamline operations and enhance care.

Pearl’s diagnostic AI assistant, Second Opinion®, is FDA-cleared to detect disease in dental x-rays for patients 4+ and holds more regulatory clearances—including in over 120 countries—than any other solution. Pearl’s Practice Intelligence® and Precheck® further boost efficiency by surfacing revenue opportunities, automating insurance verification, and giving practices the data they need to grow with confidence. This year, Second Opinion 3D® became the first FDA-cleared AI capable of identifying disease in CBCT scans.

As dentistry’s AI leader, Pearl is committed to advancing robust, accessible tools that elevate care for billions worldwide by improving health outcomes and building greater trust in dental medicine.",101-250,contact@hellopearl.com,Cambron Carter,"Science and Engineering, Software, Artificial Intelligence (AI), Dental, Health Care, Health Diagnostics, Medical"
Tempo,Brazil,Indiana,Seed,"Feb 11, 2025",,Active,www.seutempo.com/,,11-50,,,"Science and Engineering, Software, Artificial Intelligence (AI), Information Technology, SaaS"
unspun,Emeryville,California,Series B,"Jul 29, 2024",$1M to $10M,Active,unspun.io,"We're a fashion company with technology in our veins. Our mission is to reduce global human carbon emissions by 1% through automated, localized, and intentional manufacturing for apparel.",11-50,partnerships@unspun.io,Elizabeth Esponnette,"Manufacturing, Science and Engineering, Software, 3D Technology, Apparel, Fashion, Industrial Manufacturing"
Haast,New York,New York,Series A,"Apr 9, 2026",,Active,www.haast.io,"Haast provides an AI-powered platform designed to automate marketing and content compliance workflows for organizations operating in regulated environments. The company offers tools that review digital assets before publication, identifying potential legal, regulatory, and brand compliance risks within marketing materials, documents, and communications. Its platform applies machine learning models trained on regulatory frameworks and internal company policies to deliver risk-aware assessments aligned with an organization’s compliance standards.

Haast enables continuous monitoring of live digital channels, including websites, social media, and third-party platforms, to detect and flag compliance issues after content is published. The system provides real-time alerts and supports remediation processes, helping teams address risks before they escalate into regulatory or reputational concerns. The company also supports regulatory tracking by identifying relevant rule changes and assessing their impact on existing content and workflows. Its platform integrates with commonly used enterprise tools and content systems, allowing compliance checks to be embedded directly into existing processes without requiring separate manual reviews.",11-50,hello@haast.io,Kunal Vankadara,"Sales and Marketing, Science and Engineering, Software, Artificial Intelligence (AI), Compliance, Marketing Automation, SaaS"
Transcend,San Francisco,California,Series B,"May 28, 2024",$10M to $50M,Active,transcend.io,"Transcend is the only autonomous “can I use this data” platform that powers every data decision to scale customer growth.
Fortune 500 companies and emerging category leaders leverage Transcend to encode complete data use permissions directly into the enterprise systems that process customer data, delivering a real-time source of truth for consent, preferences, and business rules. The result is superior data quality, ethical use that protects the brand, and audit-ready compliance at scale. With Transcend, companies can unlock revenue from AI, personalization, and other first-party data initiatives with confidence.
Founded in 2017 by Ben Brook (CEO) and Mike Farrell (CTO), Transcend is headquartered in the San Francisco Bay Area. The company has been recognized as a Leader in IDC’s MarketScape for Worldwide Data Privacy Compliance Software and twice named to the Deloitte Technology Fast 500™.

Learn more at transcend.io.",101-250,,Ben Brook,"Professional Services, Software, Cloud Infrastructure, Compliance, Privacy"
Osteoboost,San Francisco,California,Series A,"Apr 9, 2026",$1M to $10M,Active,osteoboost.com/,"Bone Health Technologies is a Redwood City-based health-tech company developing innovative, non-invasive, and science-backed solutions for people with low bone density. Its flagship product, Osteoboost, is an FDA-cleared wearable medical device clinically proven to significantly slow the loss of bone density and bone strength through patented precision vibration therapy in postmenopausal women with osteopenia. 

Inspired by NASA-funded research and driven by science and a commitment to improving health outcomes, Osteoboost is poised to become the new standard of care – offering a convenient, non-pharmacological, pain-free treatment to the nearly 64 million Americans at risk of osteoporotic fractures.",11-50,laura@osteoboost.com,Daniel Burnett,"Health Care, Medical, Medical Device"
Positron,Reno,Nevada,Series B,"Feb 4, 2026",,Active,positron.ai,"Positron is an artificial intelligence infrastructure company that designs and supplies purpose-built hardware and software systems for accelerating inference of transformer-based models used in generative AI workloads. Its offerings include inference-optimized compute platforms that support deployment of large language models and other AI applications with reduced power consumption and enhanced performance compared with traditional GPU-based systems, enabling enterprise and cloud teams to serve models efficiently with lower operational cost and energy use. The company’s technology is engineered to run popular open-source transformer models seamlessly through compatible APIs, facilitating integration into existing AI workflows without extensive modification. Positron’s platforms combine custom hardware architectures with supporting software to help customers scale AI deployment, manage performance, and extend model context capacity for diverse workloads. It also works to advance next-generation compute solutions that address memory bandwidth and scalability challenges common in AI inference environments. Positron engages with technical and infrastructure teams to deploy its systems in data center and cloud environments where inference workloads require cost-effective, high-throughput processing.",11-50,contact@positron.ai,Barrett Woodside,"Information Technology, Science and Engineering, Software, AI Infrastructure, Artificial Intelligence (AI), Semiconductor"
VeraDermics,New Haven,Connecticut,Series C,"Oct 16, 2025",,Active,www.veradermics.com,"Veradermics is a dermatology-focused biopharmaceutical company that develops treatments for common skin and hair conditions. Its lead drug candidate, VDPHL01, is an extended-release oral minoxidil being tested in Phase 3 clinical trials for pattern hair loss in both women and men. The company also has pipeline programs targeting conditions such as common warts, molluscum contagiosum, and atopic dermatitis.",1-10,info@veradermics.com,Kyle Ryder,"Health Care, Pharmaceutical, Therapeutics"
Aaru,New City,New York,Series A,"Dec 5, 2025",,Active,aaru.com,,11-50,,Cameron Fink,"Business Development, Business Intelligence, Manufacturing"
Sardine,Miami,Florida,Series C,"Feb 11, 2025",$10M to $50M,Active,www.sardine.ai,"Sardine specializes in providing risk management solutions primarily for the financial services sector. They focus on using artificial intelligence and machine learning to help enterprises manage risks associated with fraud, credit, and compliance. The company aims to serve businesses in the digital economy by offering tools and services that enhance operational efficiency and ensure regulatory compliance.",101-250,sales@sardine.ai,Aditya Goel,"Privacy and Security, Software, Cryptocurrency, FinTech, Fraud Detection"
Alcatraz AI,Cupertino,California,Series B,"Apr 1, 2026",$1M to $10M,Active,www.alcatraz.ai,"Alcatraz AI replaces badging as an access point identification method by leveraging facial recognition, 3d sensing, and AI. The company builds a facial authentication platform using AI and 3D sensing to enable a highly secure and frictionless entry into physical locations.

Alcatraz AI was founded in 2016 and is headquartered in California, USA.",51-100,contact@alcatraz.ai,Vince Gaydarzhiev,"Privacy and Security, Science and Engineering, Software, 3D Technology, Artificial Intelligence (AI), Computer Vision, Facial Recognition, Machine Learning"
Zafran Security,New York,New York,Series C,"Dec 2, 2025",,Active,www.zafran.io,"Zafran Security is a cybersecurity startup specializing in vulnerability prioritization and threat exposure management, aiming to identify, remediate, and mitigate risks within organizations. The AI-native exposure management platform developed by the company aims to proactively avert the exploitation of vulnerabilities by incorporating autonomous agents throughout all stages of the vulnerability management lifecycle. With threat actors rapidly exploiting newly revealed security vulnerabilities through AI automation, Zafran's platform enables organizations to take action before these vulnerabilities result in incidents. The company’s solutions work alongside current security tools, utilizing AI agents to pinpoint weaknesses, provide contextual information, and address these issues by linking them to controls and evaluating the potential for exploitation.",51-100,info@zafran.io,Ben Seri,"Software, Cyber Security, Information Technology, Network Security, Risk Management"
Overland AI,Seattle,Washington,Series B,"Feb 3, 2026",$10M to $50M,Active,www.overland.ai,"Overland AI develops autonomous ground vehicle technology for tactical and operational applications. The company designs fully autonomous vehicles capable of navigating rugged terrain and GPS-denied environments, integrating seamlessly with human-operated systems. Its core technologies include OverDrive, an autonomy stack for off-road maneuvering; OverWatch, a command and control platform for coordinating multiple vehicles; and SPARK, modular hardware that enables autonomy on existing platforms. Overland AI focuses on minimizing risk to human operators while enhancing operational capabilities, supporting applications in defense, wildfire response, and logistical operations. The company emphasizes modularity, tactical versatility, and autonomous coordination to extend ground power in challenging environments.",101-250,info@overland.ai,Byron Boots,"Science and Engineering, Software, Transportation, Artificial Intelligence (AI), Autonomous Vehicles, Machine Learning, Robotics"
Ouro Medicines,San Francisco,California,Series A,"Jan 10, 2025",$1M to $10M,Active,www.ouromedicines.com,"Ouroboros Medicines is a biotechnology company that specializes in immunology and focuses on treating long-term immune-mediated illnesses. The company addresses chronic immune-mediated conditions directly by integrating scientific knowledge, a proven history of progressing cell-depleting treatments through clinical trials, and a strong pipeline.",11-50,info@ouromeds.com,,"Biotechnology, Health Care, Medical"
RoboForce,Milpitas,California,Seed,"Mar 16, 2026",$10M to $50M,Active,www.roboforce.ai,"RoboForce is building the future of Physical AI — scalable, deployable Robo-Labor designed for demanding industrial environments. Founded in 2023 by experts from CMU, UMich, Amazon Robotics, Google, Waymo, Cruise, Tesla Robotics, ABB, and Apple. RoboForce is backed by YZi Labs, Myron Scholes, Gary Rieschel, Jerry Yang, Carnegie Mellon University, and beyond.",51-100,hello@roboforce.ai,Calvin Zhou,"Science and Engineering, Software, Artificial Intelligence (AI), Machine Learning, Robotics"
Stedi,New York,New York,Series C,"Mar 24, 2026",$1M to $10M,Active,www.stedi.com,"Stedi is building the world’s only API-first clearinghouse. By offering modern API interfaces alongside traditional real-time and batch EDI processes, Stedi enables both healthcare technology businesses and established players to exchange mission-critical transactions. Stedi has raised $92 million from Addition, Stripe, Union Square Ventures, First Round Capital, Bloomberg Beta, and other top investors.",51-100,hello@stedi.com,Zack Kanter,"B2B, Health Care, Information Technology"
Superpower,Los Angeles,California,Series A,"Apr 22, 2025",$1M to $10M,Active,superpower.com,"Superpower offers a digital health platform that integrates comprehensive diagnostics, personalized care plans, and health tracking tools. The service includes over 100 lab tests per year, covering areas such as cardiovascular health, hormone levels, inflammation, and gut microbiome analysis. Users receive a customized action plan with recommendations on diet, supplements, and lifestyle adjustments. The platform provides a centralized dashboard for storing and monitoring medical records and test results over time. Additional services include access to a concierge care team, specialty testing for toxins and genetic markers, and a curated marketplace of health products. Superpower operates on a membership model, offering its services for an annual fee.",11-50,,Jacob Peters,"Health Care, Health Diagnostics, Personal Health"
Debbie,New York,New York,Seed,"Apr 13, 2026",Less than $1M,Active,joindebbie.com,Points for the 99%. Get paid to pay off your debt and save. Debbie partners with mission-aligned financial institutions to acquire and engage young consumers by rewarding them for positive financial habits.,1-10,,Frida Leibowitz,"Financial Services, FinTech, Personal Finance"
Agility,Salem,Oregon,Series C,"Sep 10, 2025",$10M to $50M,Active,www.agilityrobotics.com,"Agility develops humanoid robots and automation platforms for warehouse, manufacturing, and logistics operations. It provides robotic deployment solutions and software platforms that support industrial automation and the handling of repetitive tasks. The company also offers software platforms to manage and support robotic operations in industrial environments.",251-500,ar-legal@agilityrobotics.com,Damion Shelton,"Software, Industrial Engineering, Mechanical Engineering, Robotics"
Petual,San Francisco,California,Seed,"Apr 23, 2026",,Active,www.petual.ai,"Petual is building the AI-powered platform for audit and compliance, transforming how enterprises manage SOX, operational, financial, and compliance risk. Our intelligent agents deliver precision, coverage, and speed impossible with manual testing.",11-50,contact@petual.ai,Snir Kodesh,"Information Technology, Professional Services, Science and Engineering, Artificial Intelligence (AI), Compliance, Enterprise Software, Financial Services"
OneRail,Orlando,Florida,Series C,"Nov 21, 2024",$10M to $50M,Active,www.onerail.com,"OneRail is a logistics company that offers comprehensive last mile delivery solutions through its OmniPoint™ platform. The company connects clients with a vast network of couriers, ensuring real-time visibility and efficient order fulfillment.",101-250,info@onerail.io,Bill Catania,"Last Mile Transportation, Logistics, SaaS, Supply Chain Management"
TrueFoundry,San Francisco,California,Series A,"Feb 6, 2025",$1M to $10M,Active,truefoundry.com,"TrueFoundry is an Enterprise Platform as a service that enables companies to build, ship and govern Agentic AI applications securely, at scale and with reliability through its AI Gateway and Agentic Deployment platform. Its AI Gateway encompasses a combination of - LLM Gateway, MCP Gateway and Agent Gateway - enabling enterprises to manage, observe, and govern access to all components of a Gen AI Application from a single control plane while ensuring proper FinOps controls. Its Agentic Deployment platform enables organizations to deploy models on GPUs using best practices, run and scale AI agents, and host MCP servers - all within the same Kubernetes-native platform. It supports on-premise, multi-cloud or Hybrid installation for both the AI Gateway and deployment environments, offers data residency and ensures enterprise-grade compliance with SOC 2, HIPAA, EU AI Act and ITAR standards. Leading Fortune 1000 companies like Resmed, Siemens Healthineers, Automation Anywhere, Zscaler, Nvidia and others trust TrueFoundry to accelerate innovation and deliver AI at scale, with 10Bn + requests per month processed via its AI Gateway and more than 1000+ clusters managed by its Agentic deployment platform. TrueFoundry’s vision is to become the Central control plane for running Agentic AI at scale within enterprises and empowering it with intelligence so that the multi-agent systems become a self-sustaining ecosystem driving unparalleled speed and innovation for businesses. To learn more about TrueFoundry, visit truefoundry.com.",11-50,,Abhishek Choudhary,"Information Technology, Science and Engineering, Software, Agentic AI, AI Infrastructure, Artificial Intelligence (AI), DevOps, Machine Learning"
Browserbase,San Francisco,California,Series B,"Apr 22, 2025",,Active,www.browserbase.com,"Browserbase is a comprehensive platform for developers to host, administer, and monitor headless browsers in the cloud.",11-50,support@browserbase.com,Paul Klein IV,"Information Technology, Software"
Neurable,Boston,Massachusetts,Series A,"Dec 19, 2025",$1M to $10M,Active,neurable.com/,"Neurable is a neurotechnology company specializing in developing AI-powered tools for brain signal translation and brain-computer interface technology. Utilizing patented signal processing, developed through research across labs and institutions, and advanced by a scientific and expert product team, its platform enables high-performance brain-computer interface in everyday devices.",11-50,info@neurable.com,Adam Molnar,"Design, Hardware, Science and Engineering, Artificial Intelligence (AI), Augmented Reality, Human Computer Interaction, Neuroscience, Virtual Reality"
Unframe,Cupertino,California,Series A,"Apr 3, 2025",$1M to $10M,Active,www.unframe.ai,"Unframe helps enterprises move beyond generic, low-accuracy AI tools that don’t deliver real business value. Its platform is designed to build tailored production-ready, AI-native solutions fast. Unframe works with each organization to pinpoint the right use case and, in about three days, delivers a fully functional solution that can be tested on sample data or the company’s own data. Only once clear value is demonstrated does Unframe move forward with licensing.

The platform supports a wide range of use cases, from observability, business intelligence and analytics to extracting and abstracting unstructured data, and building proactive workflows and agents. Unframe’s platform is built from hundreds of deep technical building blocks that can be tailored and assembled using a Blueprint architecture to meet each customer’s exact needs. Every Unframe solution can run on the customer's cloud, on-premises, or as fully managed SaaS, and is LLM agnostic.",51-100,contact@unframe.ai,Adi Azarya,"Software, Artificial Intelligence (AI), SaaS"
Hadrian,Hawthorne,California,Series C,"Dec 30, 2025",,Active,hadrian.co,"Hadrian is a precision manufacturing company that manufactures precision components to serve aerospace and defense clients. It builds autonomous, software-defined precision component factories that help its customers make rockets, satellites, jets, and eVTOLs.",101-250,,Chris Power,"Science and Engineering, Software, Transportation, Aerospace, Artificial Intelligence (AI), Machinery Manufacturing, Manufacturing, Supply Chain Management"
Auctor,San Francisco,California,Series A,"Apr 15, 2026",,Active,getauctor.com,"Auctor is a software platform that provides an AI-driven system designed to support software implementation processes for professional services teams and system integrators. It functions as an “agentic operating system” that captures, structures, and manages project requirements while keeping related conversations, decisions, and artifacts connected throughout the delivery lifecycle. The platform ingests institutional knowledge and automatically records inputs from discovery sessions and workshops, transforming unstructured data into structured requirements ready for execution. It also generates project materials such as scopes, plans, and documentation, enabling teams to move from discovery to delivery more efficiently while maintaining consistency across outputs. Additionally, Auctor maintains traceability across teams and stages, ensuring alignment between stakeholders and preserving continuity from initial planning through implementation.",11-50,will@getauctor.com,Anthony Sky Ng-Thow-Hing,"Generative AI, Productivity Tools, SaaS, Software"
FINNY,New York,New York,Series A,"Dec 18, 2025",$1M to $10M,Active,finny.com,"FINNY is a software platform that provides financial advisors with tools to find, prioritize, and engage potential clients through data-driven prospecting, scoring, and outreach automation. The platform aggregates and analyzes large sets of prospect data to help advisors identify individuals whose recent life events or financial situations may signal readiness for advisory services, and assigns a predictive score to highlight prospects with higher likelihoods of engagement. FINNY also generates personalized outreach content, suggests suitable communication channels, and can manage follow-up interactions and meeting scheduling for advisors. The service is designed to streamline advisor workflows and support targeted client acquisition without manual lead research. Its system continuously updates prospect insights to assist advisors in monitoring opportunities over time.",11-50,support@finny.com,Eden Ovadia,"Science and Engineering, Software, Artificial Intelligence (AI), FinTech, Machine Learning, Wealth Management"
Tracebit,Manhattan,New York,Series A,"Mar 17, 2026",,Active,tracebit.com,"The answer to Assume Breach. Most breaches aren’t detected for months. Tracebit detects them in seconds. Deploy canaries across your environment that trigger high-fidelity alerts when attackers move laterally, escalate privileges or access credentials.",11-50,,Andy Smith,"Cloud Security, Cyber Security, Intrusion Detection"
Audos,New York,New York,Seed,"Jun 26, 2025",,Active,audos.com,Audos helps everyday entrepreneurs build small AI companies by providing tools to author AI agents and create businesses around personal interests and experiences.,1-10,,Henrik Werdelin,"Lending and Investments, Science and Engineering, Software, Artificial Intelligence (AI), Incubators, Venture Capital"
Neomorph,San Diego,California,Series B,"Apr 13, 2026",,Active,neomorph.com,"Neomorph develops protein degradation therapies targeting diseases not addressed by conventional treatments. The company designs molecular strategies that induce proximity between proteins to enable selective degradation through natural cellular pathways. Its work focuses on discovering compounds that can modulate protein function by removing or altering specific targets within cells. The organization applies computational design, structural biology, and chemical biology to support drug discovery efforts. It advances programs across multiple therapeutic areas where controlled protein degradation may provide new treatment options.",101-250,,Benjamin Ebert,"Biotechnology, Clinical Trials, Health Care"
NeoCognition,Palo Alto,California,Seed,"Apr 21, 2026",,Active,neocognition.io,"NeoCognition is an AI research lab specializing in self-learning AI agents that achieve expert-level intelligence through autonomous adaptation to specific domains. company develops generalist agents that continuously learn workflows, structures, and constraints in real-world environments like software and websites. This enables them to specialize on the job, becoming faster, more cost-effective, reliable, and safer for high-stakes applications—addressing reliability issues in current AI systems that succeed only about 50% of the time.",11-50,,,"Science and Engineering, Software, Artificial Intelligence (AI), Market Research"
Lucid Bots,Charlotte,North Carolina,Series B,"Mar 25, 2026",$10M to $50M,Active,www.lucidbots.com,"Lucid Bots is a technology company that develops autonomous robotic systems designed for industrial cleaning and exterior maintenance tasks. It provides drones and robotic platforms used for applications such as building facade cleaning, window washing, and pressure washing in commercial environments. The company integrates software, sensors, and navigation systems to enable controlled and repeatable operations with reduced manual intervention. Its product offerings include hardware units, operator training, and support services for deployment and ongoing use. Lucid Bots also focuses on improving safety conditions by minimizing the need for workers to perform tasks at height or in hazardous environments.",51-100,sales@lucidbots.com,Adrian Mayans,"Data and Analytics, Hardware, Manufacturing, Artificial Intelligence (AI), Drones, Industrial Automation"
Casca,San Francisco,California,Series A,"Aug 19, 2025",,Active,www.cascading.ai,"Casca provides an AI-native loan origination platform for SBA lenders and FDIC-insured banks. The company's loan origination system is designed for automating manual banking tasks. It utilizes artificial intelligence technology and streamlines processes like document collection for loans, account setup, and compliance procedures to allow banks, credit unions, and non-bank lenders to originate commercial loans with less manual effort.",11-50,lukas@cascading.ai,Isaiah Williams,"Lending and Investments, Science and Engineering, Software, Artificial Intelligence (AI), Banking, FinTech"
Deccan AI,San Francisco,California,Series A,"Mar 25, 2026",,Active,www.deccan.ai,"Deccan AI specializes in providing high-quality, human-labeled data for AI model training and evaluation.",101-250,,Rukesh Reddy,"Software, Artificial Intelligence (AI), SaaS"
Anrok,San Francisco,California,Series C,"Oct 21, 2025",$1M to $10M,Active,anrok.com,"Anrok provides a software platform for global sales tax and VAT compliance. It handles integration with billing, payment, and HR systems to monitor tax exposure, validate VAT IDs, automate sales tax calculations, manage registrations, and coordinate filing and remittance processes. The company supports real-time tax collection, tracking of physical and economic nexus and consolidated compliance reporting across jurisdictions. It offers no-code and API‐based connections to finance stacks, facilitating audit-ready transaction logs and jurisdictional coverage for digital services and goods.",101-250,hello@anrok.com,Kannan Goundan,"Compliance, Financial Services, SaaS, Software, Tax Preparation"
nEye,Santa Clara,California,Series C,"Apr 14, 2026",$1M to $10M,Active,www.neye.ai,"NEye develops semiconductor and photonic switching technologies that enable high-speed data connectivity for artificial intelligence and high-performance computing infrastructure. The company creates systems that use light instead of electricity to connect different parts like GPUs, CPUs, and memory in big data centers, making communication faster and more efficient. Its main product combines silicon photonics, MEMS, and CMOS technologies into a small ""optical circuit switch on a chip,"" allowing for fast and efficient data transfer between computing units. This approach addresses data movement bottlenecks that arise in AI workloads, where increasing compute power requires faster and more efficient interconnect solutions.

NEye’s platform enables reconfigurable network architectures by allowing dynamic connections between thousands of processing units, supporting composable infrastructure where compute resources can be pooled and reassigned as needed. The technology is designed to improve scalability and flexibility in hyperscale data center environments. The company focuses on energy-efficient and compact designs that reduce power consumption compared to conventional switching systems, which is critical for modern data centers operating under power and thermal constraints. Its solutions are built using foundry-compatible processes, supporting transition from prototype to high-volume semiconductor manufacturing.",11-50,info@neye.ai,Kyugnmok Kwon,"Manufacturing, Science and Engineering, Software, Advanced Materials, Artificial Intelligence (AI), Nanotechnology, Semiconductor"
Hebbia,New York,New York,Series B,"Jul 8, 2024",$10M to $50M,Active,hebbia.com,"Hebbia is the interface for AGI– the first AI platform that works the way humans work. Designed to tackle even the most complex tasks, it turns prompts into processes that AI agents complete. Finance, law, government, and pharma professionals from the world’s largest institutions are using Hebbia to execute workflows with hundreds of steps over millions of documents. While other systems are a black box, Hebbia shows its work, letting users verify, trust, and collaborate with AI.",101-250,hello@hebbia.com,George Sivulka,"Software, Artificial Intelligence (AI), Business Intelligence, Productivity Tools"
Superstate,San Francisco,California,Series B,"Jan 22, 2026",,Active,superstate.co,"Superstate is a financial technology firm that develops blockchain-based investment products connecting traditional financial assets with crypto markets. It provides tokenized securities and investment funds that represent legal shares of public companies or pooled assets such as government securities on public blockchains, enabling on-chain settlement and flexible ownership options. The company operates an investor portal and APIs that allow qualified purchasers to hold, transfer, and manage tokenized holdings, including direct token minting and bridge functions between conventional and blockchain markets. Superstate also facilitates compliant on-chain equity issuance through its platform for public companies to list and trade official shares on blockchain networks, with built-in regulatory controls and smart contract permissioning. Its approach emphasizes regulatory alignment and transparent digital record-keeping for investment products.",11-50,info@superstate.co,Dean Swennumson,"Blockchain, Finance, Financial Services"
Tennr,New York,New York,Series C,"Jun 18, 2025",,Active,www.tennr.com,"Tennr is a healthcare AI startup that optimizes healthcare operations by automating back-office tasks. The company leverages AI technology to replace traditional faxing systems and streamline communication processes in healthcare, ensuring patients receive timely care.",51-100,hello@tennr.com,Diego Baugh,"Science and Engineering, Software, Artificial Intelligence (AI), Health Care, Medical"
MerQube,San Francisco,California,Series C,"Apr 13, 2026",$1M to $10M,Active,merqube.com,"MerQube is a financial technology company that develops technology for indexing and rules-based investing, providing tools to design, calculate, and manage custom financial indices. Its platform is cloud-based and API-driven, enabling financial institutions, asset managers, and ETF issuers to create, test, and launch index-based strategies across asset classes such as equities, futures, options, and digital assets. The company supports a wide range of index types, including thematic, ESG, factor, and retirement-focused strategies, and allows for both end-of-day and real-time calculations. Its technology infrastructure is designed to handle complex rules-based methodologies, including various rebalancing schedules and quantitative techniques used in investment strategy construction.",51-100,info@merqube.com,Keith Loggie,"Information Technology, Internet Services, Big Data, Cloud Infrastructure, Financial Services, FinTech, Information Services"
Havra,Mcallen,Texas,Seed,"Apr 1, 2026",,Active,harva.ai,"Havra is a software company that aims to streamline the global supply chain with insightful products & services. To date we have launched two products Supply Pay & Supply Link. Supply Pay, launched in January 2024, has achieved PMF by solving the pain point of long cashflow conversion cycles found in cross-border trade. Specifically, we target agricultural trade between U.S. & MX.  By maintaining a lean approach, were able to break even ~6 months into launching this initial product. The learnings we found through building, launching, and now scaling Supply Pay led us to some unique insights. Our insights fostered a strong conviction to build Supply Link. Supply Link launched in February 2025 and is now being tested with early customers. Our latest product aims to solve the communication fragmentation found in the movement of cross-border goods and automates the complex workflows associated with all stakeholders involved in cross-border trade. These stakeholders include suppliers, buyers, customs brokers, carriers, and federal agencies—initially we are focused on U.S. & MX parties.",11-50,operations@supplypaytx.com,J. Ayala,"Information Technology, Science and Engineering, Software, Artificial Intelligence (AI), FinTech, Logistics"
Sycamore,Palo Alto,California,Seed,"Mar 30, 2026",,Active,sycamore.so,"Sycamore provides an operating system for enterprises to build, deploy, and manage autonomous AI agents. The platform enables organizations to generate production-ready applications, integrations, and agents from natural language input while maintaining oversight and security. Agents operate under a progressive trust framework, allowing them to gain autonomy based on performance, with all actions being auditable and governed.

The system captures organizational knowledge and supports continuous learning, enabling multi-agent coordination and adaptation over time. It integrates security, compliance, and governance features to ensure controlled and traceable operations. Sycamore also facilitates experimentation with agent behavior, safety, and meta-learning to improve enterprise workflows through automated intelligence.",11-50,help@sycamore.so,Sri Viswanath,"Software, Artificial Intelligence (AI), Enterprise Software"
QuSecure,San Mateo,California,Series A,"Feb 12, 2025",$1M to $10M,Active,www.qusecure.com,"For years, security leaders have been told that preparing for post-quantum cryptography (PQC) would take years, cost millions and require deep in-house expertise. QuSecure Inc., the market leader in quantum-safe security, is proving otherwise with the launch of QuProtect R3, the industry’s first and only fully integrated, production-ready PQC platform designed to make encryption modernization simple for everyone.

With the platform’s Reconnaissance innovation, a complimentary module for qualified companies, QuProtect R3 delivers instant visibility into vulnerable encryption across modern, legacy and cloud systems — a capability competitors cannot match. Security teams that once spent months and millions compiling a cryptographic bill of materials (CBOM) can now discover their encryption landscape in days, prioritize the highest-risk systems and act without disrupting operations.",51-100,outreach@qusecure.com,Austin Bosarge,"Cyber Security, Network Security, Security, Software"
Atlys,San Francisco,California,Series C,"Mar 16, 2026",$1M to $10M,Active,www.atlys.com,"Atlys is a digital platform that facilitates visa application processing for international travelers. The company offers tools that guide users through requirements, documentation, and submission steps for different countries. Its services include application tracking, document management, and status updates within a single interface. Atlys also integrates support features that address common visa-related queries and clarify visa processes. The platform simplifies administrative procedures for travel documentation.",101-250,help@atlys.com,Mohak Nahta,"Document Preparation, Hospitality, SaaS, Software, Tourism"
WorkWhile,San Francisco,California,Series B,"Jun 16, 2025",$10M to $50M,Active,www.workwhile.ai,"WorkWhile is an hourly labor marketplace that connects businesses with flexible professionals for various job opportunities. The platform allows companies to find workers for events and warehouse tasks, ensuring that their staffing needs are met efficiently. Workers can browse available shifts that align with their skills and schedules, providing them with the flexibility they seek. Additionally, WorkWhile offers next-day pay, allowing employees to receive their earnings promptly after completing their shifts. This feature enhances financial flexibility for workers. The platform also utilizes location-based job matching to ensure that job opportunities are accessible to nearby professionals.",101-250,hello@workwhilejobs.com,Amol Jain,"Internet Services, Professional Services, Science and Engineering, Artificial Intelligence (AI), Employment, Internet, Virtual Workforce"
Pika,Palo Alto,California,Series B,"Jun 5, 2024",$1M to $10M,Active,pika.art,"Pika is a startup that is developing an AI-powered platform for editing and generating films from captions and still images. The company aims to revolutionize the video creation and editing process through the integration of AI, offering a user-friendly and easily accessible tool for users.",1-10,,Chelin Meng,"Media and Entertainment, Science and Engineering, Software, Artificial Intelligence (AI), Generative AI, Graphic Design, Video"
Gimlet Labs,San Francisco,California,Series A,"Mar 23, 2026",,Active,gimletlabs.ai,"Gimlet Labs is a startup that develops artificial intelligence infrastructure and applied research solutions that enable efficient execution of agent-based AI workloads across diverse computing environments. The company builds a platform that decouples AI workloads from specific hardware, allowing applications to be broken into components and dynamically assigned to the most suitable processors for execution. Its core offering includes an agent-native inference platform that supports the deployment and orchestration of multi-agent systems, combining large language models, custom code, and external data sources into unified pipelines. The platform manages scheduling, scaling, and optimization automatically, enabling users to run complex AI workflows without manual infrastructure management.",11-50,,Michelle Nguyen,"Internet Services, Science and Engineering, Software, Artificial Intelligence (AI), Cloud Computing, Information Technology, IT Infrastructure"
Sygaldry Technologies,Mountain View,California,Series A,"Mar 1, 2026",,Active,sygaldry.com/,,11-50,letsbuild@sygaldry.com,Chad Rigetti,"Science and Engineering, Software, Artificial Intelligence (AI), Hardware, Quantum Computing"
ZeroEyes,Conshohocken,Pennsylvania,Series B,"Feb 6, 2025",$10M to $50M,Active,zeroeyes.com,"ZeroEyes is an AI security company that specializes in firearm detection, analyzing over three billion images daily from security camera feeds. It aims to alert authorities and prevent active shooter incidents. By providing real-time alerts, ZeroEyes seeks to enhance the safety of workplaces and public spaces against potential gun-related threats. The mission of ZeroEyes is to combat mass shootings and gun-related violence by detecting firearms in various environments, including schools and public buildings.",101-250,info@zeroeyes.com,Billy Hunter,"Hardware, Privacy and Security, Science and Engineering, Artificial Intelligence (AI), Computer Vision, Machine Learning, Public Safety, Security"
Vivatides Therapeutics,Woburn,Massachusetts,Series A,"Apr 10, 2026",,Active,,"Vivatides Therapeutics is a biotechnology company focused on developing next-generation RNA therapeutics that target tissues beyond the liver, addressing a key limitation in traditional RNA-based treatments. It builds proprietary delivery platforms designed to improve the precision, efficiency, and safety of nucleic acid therapies, including both siRNA and antisense oligonucleotides. The company leverages advanced capabilities in ligand conjugation, sequence design, and target discovery to enable the rapid development of a diverse therapeutic pipeline. Its research is aimed at treating a wide range of diseases, including chronic and high-prevalence conditions such as cardiovascular and oncological disorders. By advancing extrahepatic delivery technologies, it seeks to unlock broader applications of RNA therapeutics and provide innovative treatment options for unmet medical needs.",1-10,,,"Biotechnology, Health Care, Medical, Therapeutics"
Pyka,Alameda,California,Series B,"Sep 23, 2024",Less than $1M,Active,www.flypyka.com,"Pyka is a robotics company on a mission to build the most useful autonomous aircraft on Earth. At the core of every Pyka aircraft is a vertically integrated aircraft-first robotics stack: proprietary flight control software, avionics, high-power density electric motors, motor controllers, batteries, and carbon fiber composite airframes, developed entirely in-house and manufactured in the United States of America. Learn more at www.flypyka.com.",101-250,pyka@flypyka.com,Chuma Ogunwole,"Science and Engineering, Software, Transportation, Aerospace, Agriculture, Air Transportation, Autonomous Vehicles, Manufacturing"
Shepherd,San Francisco,California,Series B,"Mar 24, 2026",$1M to $10M,Active,withshepherd.com,Shepherd is an Insurtech that offers tech-enabled insurance for commercial construction.,11-50,,Justin Levine,"Commercial, Construction, Insurance"
Excellergy,Palo Alto,California,Series A,"Oct 13, 2025",,Active,excellergy.com,"Excellergy develops immunology-based therapies focused on treating allergic diseases through novel biologic drug candidates. The company designs Effector Cell Response Inhibitors that act on the IgE pathway by removing IgE from immune cells, neutralizing circulating IgE, and reducing receptor expression to limit allergic reactions. Its research centers on disrupting the activation of mast cells and basophils, which play a key role in allergic responses.

Excellergy advances a pipeline of therapeutic candidates, including investigational molecules intended to provide sustained control of allergic conditions by targeting underlying immune mechanisms. The organization conducts preclinical and clinical development activities to evaluate safety, biological activity, and treatment potential.",1-10,jgordon@dnacommunications.com,Alexander Eggel,"Biotechnology, Health Care, Medical"
Assort Health,San Francisco,California,Series B,"Oct 2, 2025",,Active,assorthealth.com,"Assort Health delivers voice AI agents tailored for healthcare call centers, offering automation of appointment-related tasks such as scheduling, rescheduling, cancellations, triage, prescription refills, reminders, and multilingual support. These AI agents interface with clinics’ systems to follow specialty-specific rules, verify patient details, and route calls efficiently. The solution integrates with electronic health record and practice management platforms to support streamlined workflows and reduce call handling burdens. The technology activates quickly and adapts to diverse clinical specialties, helping staff focus on complex patient care instead of routine tasks.",251-500,info@assorthealth.com,Jeffery Liu,"Science and Engineering, Software, Artificial Intelligence (AI), Business Process Automation (BPA), Telehealth"
Periodic Labs,San Francisco,California,Seed,"Sep 30, 2025",,Active,periodic.com,"Periodic Labs develops artificial intelligence systems that simulate and predict the properties of materials using machine learning. The company applies computational models to support the discovery and design of materials used in sectors such as energy, electronics, and infrastructure. It builds tools that aim to reduce the time and cost associated with traditional research and development processes. Periodic Labs uses AI to analyze large-scale scientific data and collaborates with academic and industry partners to support material science research.",11-50,grants@periodic.org,Ekin Dogus Cubuk,"Software, Artificial Intelligence (AI), Foundational AI, Generative AI, Machine Learning"
Campfire,San Francisco,California,Series B,"Oct 15, 2025",,Active,campfire.ai/,"Campfire is the AI-native ERP for high-growth companies. We give modern, mid-market and enterprise accounting teams superpowers by automating the work that nobody wants to do: manual transaction categorization, bank reconciliation, revenue recognition, variance analysis. Our customers close 5x faster and save up to hundreds of thousands annually. We're privileged to work with some of the fastest growing AI companies in the world including Replit, Decagon, and PostHog, as well as services providers, health tech, and aerospace companies.
Accounting Intelligence automates the manual work that buries your team. Our proprietary AI model was trained specifically on accounting data, auto categorizing transactions, matching payments to invoices, and reconciling bank accounts automatically. You review and approve instead of doing everything from scratch.
Ember AI is your built-in analyst. Ask questions in plain language and get answers with source data in 30 seconds. Ember drafts flux variance commentary, analyzes spending anomalies, and builds custom reports on demand.
Revenue Automation handles complex billing recognition for modern SaaS companies. Subscription, usage-based, tiered, platform fees, contract modifications: automated schedules and ASC 606 compliance out of the box.
Core Accounting delivers multi-entity consolidation, continuous close, and real-time financial statements without downloading to spreadsheets or managing separate instances per entity.
Custom Reporting lets you build reports in seconds with drill-down to any transaction. Executive dashboards update continuously, replacing month-old spreadsheets with real-time visibility.
Campfire is SOC 1 and 2 certified with granular permissioning and full audit trails, supporting companies from Series B through IPO.
Campfire simplifies audit-ready processes with locked periods, contract databases, and comprehensive audit trails. By combining scalable architecture with an API-first design, it enables finance teams to close faster, elevate reporting, and support global operations with visibility and efficiency.",51-100,hello@campfire.ai,John Glasgow,"Professional Services, Science and Engineering, Software, Accounting, Artificial Intelligence (AI), Finance, FinTech"
Truemed,Austin,Texas,Series A,"Dec 22, 2025",$10M to $50M,Active,www.truemed.com,"Truemed provides a platform that helps customers use Health Savings Account (HSA) and Flexible Spending Account (FSA) funds for products and services that treat, mitigate, or prevent diagnosed medical conditions. The company works with a network of licensed practitioners who review eligibility and issue Letters of Medical Necessity to enable qualified purchases with pre-tax healthcare dollars. Truemed also offers a catalog of eligible products across categories like fitness equipment, sleep solutions, health tech, and supplements that can be purchased through its online marketplace. Its service model connects brands and merchants with customers seeking to apply HSA/FSA accounts to eligible health-related purchases, facilitating the verification and documentation process.",11-50,,Calley Means,"Payments, Financial Services, Health Care, Marketplace, Wellness"
Creao AI,Palo Alto,California,Seed,"Apr 14, 2026",,Active,creao.ai/,"At CREAO, we are redefining the relationship between people and software. We believe that your ideas shouldn't be limited by your ability to code, and your tools shouldn't dictate how you work.

CREAO is the platform where you can build and direct custom, conversational AI applications using only natural language. We empower teams and individuals to turn their unique workflows and ambitious ideas into intelligent, interactive software that you can talk to.",11-50,business@creao.ai,,"Software, Artificial Intelligence (AI)"
Treeline,San Francisco,California,Series A,"Mar 31, 2026",,Active,www.treeline.ai/,"Treeline.ai offers AI-powered IT, security, and compliance services to emerging enterprises.",11-50,,,"Information Technology, SaaS, Software"
Phantom,San Francisco,California,Series C,"Jan 16, 2025",$10M to $50M,Active,phantom.com,"Phantom is a digital wallet reimagined for DeFi and NFTs. Phantom is a multichain wallet that supports various applications and allows users to manage their crypto and NFT assets across multiple blockchain networks, particularly Solana. The Phantom wallet is accessible through various platforms including mobile and browser extensions, making it versatile for all users engaging with digital finance.",101-250,,Brandon Millman,"Software, Bitcoin, Cryptocurrency, Decentralized Finance (DeFi), Finance, Financial Services"
Malama Health,Stanford,California,Seed,"Mar 12, 2026",$1M to $10M,Active,www.heymalama.com,"Malama Health offers holistic support through community-based doulas, covering various services like pregnancy care and postpartum recovery. The company connects community-based doulas, health plans, and clinical systems across Medicaid markets through a unified operating model that standardizes referral processes, data tracking, risk management, and quality assessment. By incorporating remote patient monitoring, chronic disease management, and Doula-Care Navigators, Malama Health assists women from pregnancy through the postpartum period, addressing clinical requirements, social health factors, and long-term disease prevention all in one location.",11-50,hello@heymalama.com,Daniela Bahamon Arango,"Health Care, Home Health Care, Medical, Software, Women's"
Parasail,San Francisco,California,Series A,"Apr 15, 2026",,Active,www.parasail.io,"Parasail provides AI infrastructure through a global network of on-demand GPU compute resources, enabling organizations to run and scale artificial intelligence workloads without managing physical hardware. Its platform aggregates distributed computing resources and allows users to deploy, orchestrate, and scale AI models across a unified network optimized for performance, cost, and geographic efficiency. The company supports a range of AI applications, including text-based models, voice systems, image and video processing, and agent-based workflows, using a model-agnostic approach that accommodates various open-source and custom models. Parasail offers multiple deployment options such as serverless, dedicated, and batch processing environments, allowing users to match infrastructure choices to different workload requirements. Its platform is designed to simplify AI infrastructure management by removing the need for long-term contracts, complex setup, and vendor lock-in, while providing scalable and secure computing capabilities.",11-50,legal@parasail.io,Mike Henry,"Science and Engineering, Software, Artificial Intelligence (AI), Network Hardware, Open Source"
Agtonomy,San Francisco,California,Series B,"Oct 28, 2025",$1M to $10M,Active,www.agtonomy.com,"Agtonomy presents a software and services platform that enables autonomous operation of farm equipment in specialty crops, open fields, and turf settings. The company embeds machine vision, connectivity, and AI into tractors and implements, so routine tasks like mowing, hauling, spraying, and cultivation can be planned on an app, monitored remotely, and reviewed afterward for performance insights. Their offering supports mixed-fleet equipment through factory integrations and sensor attachments, linking established machine brands with autonomy software. Agtonomy’s application workflows guide users from job planning, real-time execution, to post-task analysis with fleet-wide coordination and dashboarding.",11-50,info@agtonomy.com,Tim Bucher,"Manufacturing, Science and Engineering, Software, Agriculture, AgTech, Artificial Intelligence (AI), Industrial Automation"
Mariana Minerals,Houston,Texas,Series A,"Jul 21, 2025",,Active,marianaminerals.com,"Mariana Minerals is a software-first critical minerals company that supplies materials essential for modern energy, AI, and defense applications. The company uses its proprietary platform, MarianaOS, which combines AI, machine learning, and end-to-end project execution tools to accelerate the timeline from discovery to production in the mining sector.",,,,"Natural Resources, Science and Engineering, Software, Artificial Intelligence (AI), Energy, Mineral, Mining"
MarqVision,West Hollywood,California,Series B,"Sep 15, 2025",$1M to $10M,Active,www.marqvision.com,MarqVision provides an AI-powered managed service platform to help brands remove counterfeits from online marketplaces. It assists brands in detecting and removing infringing listings from global online marketplaces infiltrated by counterfeiters using its machine learning technology. Its technology also helps clients to efficiently protect their sales and reputation from intellectual property infringement.,101-250,,D. Lee,"Professional Services, Science and Engineering, Software, Artificial Intelligence (AI), B2B, Enterprise Software, Intellectual Property, SaaS"
Doppel,Covina,California,Series C,"Nov 19, 2025",$1M to $10M,Active,www.doppel.com,"Doppel is an AI-native security platform that helps organizations defend against social engineering risks and digital impersonation. It continuously monitors threats across multiple channels, including domains, social media, paid advertising, messaging apps, and the dark web, then maps those threats into a real-time threat graph to identify attacker infrastructure. Doppel’s platform automates threat takedowns using AI and expert analysis, while its simulation product generates realistic, multi-step phishing scenarios to test and train employees across email, SMS, WhatsApp, Telegram, and more. Through its tools, Doppel enables proactive defense by disrupting malicious campaigns and building human resilience to modern, AI-driven attacks.",101-250,team@doppel.com,Kevin Tian,"Privacy and Security, Professional Services, Science and Engineering, Artificial Intelligence (AI), Cyber Security, Risk Management, SaaS, Software"
Sunday,Mountain View,California,Series B,"Mar 12, 2026",,Active,www.sunday.ai,"Sunday develops robotics systems designed to perform household tasks using artificial intelligence and motion data captured from human activity. The company builds a home robot called Memo that performs chores such as clearing dishes, collecting utensils, loading dishwashers, handling food scraps, preparing espresso, and organizing small laundry items. Memo operates with onboard software that interprets household environments and executes tasks autonomously while moving through domestic spaces.

Sunday also develops a data‑collection tool called the Skill Capture Glove, a wearable device that records human hand and arm movements during daily routines. The captured motion data is used to train the robot’s machine learning models so the system can reproduce tasks observed in real homes. The company maintains a robotics platform that includes hardware design, motion control systems, data pipelines, and machine learning infrastructure used to expand the robot’s library of household skills.",11-50,,Cheng Chi,"Software, Machinery Manufacturing, Manufacturing, Robotics"
Shapes,San Francisco,California,Seed,"Apr 29, 2026",,Active,talk.shapes.inc,"Shapes provides an online platform accessible through its website that enables users to interact with artificial intelligence and other users within shared chat environments. The platform supports group conversations where participants can communicate with both human users and AI-generated personas, referred to as “Shapes,” which function as customizable digital characters. Shapes allows users to create and configure their own AI agents by defining personality traits, knowledge, and behaviors, enabling varied conversational or roleplay scenarios. The service integrates access to multiple AI models and facilitates activities such as messaging, collaborative chats, and content generation within community spaces. The platform also includes social features such as user profiles, community chats, and shared interest groups, positioning it as a hybrid of a social networking and AI interaction environment.",1-10,,Anushk Mittal,"Hardware, Internet Services, Other, Apps, Artificial Intelligence (AI), Consumer, Social Network, Virtual Reality"
Endor Labs,Palo Alto,California,Series B,"Apr 23, 2025",$10M to $50M,Active,www.endorlabs.com,"Endor Labs is the fastest-growing application security company. Founded by seasoned entrepreneurs who previously built category-defining companies, and supported by a world-class R&D team, over a third holding PhDs, Endor Labs delivers a modern Application Security platform tailored for today's software development revolution. It secures everything from 40-year-old C/C++ code to vibe-coded applications. As teams increasingly adopt AI coding assistants and accelerate code deployment, they're inundated with security alerts lacking context. Endor Labs addresses this by deeply analyzing code execution and dependencies, constructing a comprehensive call graph to identify and prioritize the most pertinent risks, facilitating swift remediation. 

The company has raised over $163 million from top investors, including Lightspeed Venture Partners, DFJ Growth, Coatue, Salesforce Ventures, Dell Technologies Capital, Section 32, and Citi Ventures. Endor Labs counts among its customers leading technology, AI, and financial services companies, such as OpenAI, Cursor, Robinhood, Dropbox, Peloton, Snowflake, Rubrik, and Citi.",101-250,info@endor.ai,Dimitri Stiliadis,"Privacy and Security, Science and Engineering, Software, Artificial Intelligence (AI), Cyber Security, Developer Platform, Developer Tools, Open Source"
Crosby,New York,New York,Series B,"Mar 31, 2026",,Active,crosby.ai,"Crosby is an AI-powered legal services company that operates as a hybrid law firm combining artificial intelligence with human lawyers to accelerate contract review and negotiation processes. It focuses on helping fast-growing businesses handle high-volume commercial agreements such as MSAs, DPAs, and NDAs more efficiently. The platform allows users to submit documents through tools like Slack or email, where AI agents perform initial analysis and drafting before lawyers validate the results. This “human-in-the-loop” approach ensures both speed and legal accuracy, often reducing review times from weeks to under an hour. By offering fixed, per-document pricing instead of traditional billable hours, Crosby aims to streamline legal workflows and help companies close deals faster.",101-250,,John Sarihan,"Science and Engineering, Software, Artificial Intelligence (AI), Business Process Automation (BPA), Legal, Legal Tech"
Betterness,Miami,Florida,Seed,"Apr 24, 2026",,Active,www.betterness.ai,"Betterness is a technology platform focused on integrating artificial intelligence with health and wellness data to support individuals and service providers. The company develops an interconnected system that aggregates inputs from wearables, laboratory tests, and health records, enabling AI agents to analyze and act on real-time data within a single environment. Its platform allows users to track biomarkers, manage health information, and access coordinated services such as lab ordering and provider discovery, while also supporting builders and organizations in creating AI-driven wellness applications. In addition, Betterness provides tools that enable wellness professionals to engage clients, automate workflows, and deliver personalized support through AI-assisted systems. Overall, the company positions its offering as an infrastructure layer that connects data, AI capabilities, and human expertise to streamline and coordinate activities across the wellness ecosystem.",1-10,support@betterness.ai,Ari Katz,"SaaS, Software, Wellness"
Kai,San Jose,California,Series A,"Mar 10, 2026",,Active,www.kai.security,"Kai is an agentic AI platform designed to execute cybersecurity tasks autonomously, integrating multiple security processes into a single workflow. It manages enterprise vulnerabilities, application security (SCA and SAST), identity security, log optimization, and threat detection with automated reasoning at machine speed. The platform performs threat modeling, controls mapping, cyber asset enrichment, shadow IT discovery, regulatory compliance automation, and SBOM-based exposure profiling. Kai reduces manual workload by triaging vulnerabilities, distilling threat intelligence, and generating precise remediation guidance, enabling security teams to address actionable risks efficiently. It operates continuously, connecting insights across tools and silos, and provides a structured approach to assess, prioritize, and mitigate security threats while maintaining oversight and context across complex environments.",11-50,,Damiano Bolzoni,"Privacy and Security, Science and Engineering, Software, Agentic AI, Artificial Intelligence (AI), Cyber Security"
Upscale AI,Santa Clara,California,Series A,"Jan 21, 2026",,Active,upscaleai.com,Upscale AI is a high‑performance AI networking company accelerating AI democratization with open‑standard and full‑stack turnkey solutions.,51-100,,Barun Kar,"Privacy and Security, Science and Engineering, Software, Artificial Intelligence (AI), Information Technology, Network Security"
Korsana Biosciences,Waltham,Massachusetts,Series A,"Sep 1, 2025",,Active,www.korsana.com,"Korsana Biosciences develops THETA-enabled antibody therapies for neurodegenerative diseases. The company focuses on shuttled monoclonal antibodies that cross the blood-brain barrier to reach central nervous system targets. Its lead program, KRSA-028, is an investigational anti-amyloid beta antibody for Alzheimer’s disease that uses a transferrin receptor-based shuttle and Fc engineering to improve brain delivery and dosing. Korsana is also advancing additional THETA-based programs for undisclosed neurodegenerative indications.",11-50,info@korsana.com,,"Biopharma, Biotechnology, Health Care, Medical, Neuroscience"
7AI,Boston,Massachusetts,Series A,"Dec 4, 2025",,Active,www.7AI.com,"7AI provides an AI-driven cybersecurity platform that uses autonomous “agentic” security agents to manage the full lifecycle of security operations. These AI agents ingest security alerts from tools such as EDR, cloud, and identity systems, enrich and correlate the data, perform end-to-end investigations, and deliver conclusions, thereby reducing alert noise and false positives. With automation extending through detection, investigation, threat hunting, and even authorized response workflows, 7AI allows human security teams to shift focus from repetitive tasks to strategic work. The platform also offers unified incident management, real-time dashboards, and enterprise-insight reporting to contextualize threats and outcomes.",101-250,,Lior Div,"Hardware, Information Technology, Privacy and Security, Artificial Intelligence (AI), Computer, Cyber Security, Network Security, Software"
Laurel,San Francisco,California,Series C,"Jun 10, 2025",,Active,www.laurel.ai,"Laurel provides automated timesheet management solutions tailored for legal and accounting firms. The platform leverages artificial intelligence to capture user activities seamlessly in the background, allowing professionals to track their time without disrupting their workflow. By streamlining the time tracking process, Laurel enables firms to enhance operational efficiency and improve profitability. The software is designed to alleviate the administrative burden associated with time management, allowing users to focus on their core tasks. Additionally, Laurel continuously evolves its offerings to meet the changing needs of the professional services sector.",101-250,hello@laurel.ai,Janesh Gupta,"Professional Services, Science and Engineering, Software, Artificial Intelligence (AI), Legal, Machine Learning, SaaS"
Cognito Therapeutics,Cambridge,Massachusetts,Series C,"Mar 5, 2026",,Active,www.cognitotx.com,"Cognito Therapeutics develops neurotechnology therapies designed to treat neurodegenerative diseases by stimulating specific brain activity patterns. The company focuses on noninvasive therapeutic systems that use synchronized visual and auditory stimulation to influence neural activity associated with cognitive function and brain health. Its technology platform, Spectris, is designed to evoke gamma-frequency brain waves, which play a role in learning, memory, and communication between neurons. The platform delivers controlled light and sound signals through a wearable device to trigger gamma oscillations in the brain, a pattern of neural activity that is disrupted in conditions such as Alzheimer’s disease. By restoring this activity, the therapy aims to support processes related to synaptic function, myelin integrity, and neural connectivity.

Cognito Therapeutics conducts clinical research and trials to evaluate how its neuromodulation technology affects cognitive performance, brain structure, and functional abilities in patients with neurodegenerative disorders. The company studies the biological effects of sensory stimulation on brain pathways, immune responses, and neural signaling networks associated with disease progression. Through its research programs and device development, Cognito Therapeutics produces medical technologies intended for clinical treatment and investigation of neurological conditions that affect memory, cognition, and daily functioning.",11-50,info@cognitotx.com,Li-Huei Tsai,"Biotechnology, Health Diagnostics, Medical Device, Neuroscience, Therapeutics"
Plenful,San Francisco,California,Series B,"Apr 30, 2025",$1M to $10M,Active,www.plenful.com,"Plenful optimizes healthcare and pharmacy operations through intelligent workflow automation, data configuration and centralization, and machine learning. The company built a healthcare-focused AI automation platform to unburden staff, deliver meaningful financial and operational results, and drive more efficient patient care outcomes.

Plenful is located in San Francisco, California and is backed by leading healthcare and software investors..",11-50,,Joy Liu,"Health Care, Information Technology, Science and Engineering, Artificial Intelligence (AI), Data Center Automation, IT Infrastructure, Machine Learning"
Paradigm,San Francisco,California,Seed,"Aug 18, 2025",,Active,www.paradigmai.com,"Paradigm offers an AI-native workspace built on a familiar spreadsheet interface, enabling users to import, structure, enrich, and act on data with precision. Its platform streamlines tasks by allowing raw datasets, whether from CRM systems, APIs, or files, to be uploaded and augmented with context via custom columns and intelligent enrichment agents. Users interact through a chat-style assistant that helps populate and analyze sheets using trusted data sources. The workspace supports collaboration, transparency in reasoning by showing the process behind each data point, and automation across workflows.",1-10,anna@paradigmai.com,Anna Monaco,"Software, Artificial Intelligence (AI), Productivity Tools"
definity,Chicago,Illinois,Series A,"Apr 29, 2026",,Active,definity.ai,"definity is the Agentic Data Engineering Platform for Lakehouse & Spark, providing enterprise data engineering teams actionable runtime intelligence to optimize costs, improve data reliability, and accelerate developer velocity. 
definity runs in-motion inside production pipelines, monitoring everything – data, pipelines, execution, and infra performance – contextually, at every step, out-of-the-box. It is installed centrally in 15 minutes, with zero code changes, and is fully secure in your environment.
definity’s AI agents enable data engineers to optimize platform cost by >30%, proactively prevent job & data incidents in real-time, and resolve issues 10x faster – shifting data engineering from reactive alerts to proactive actions.",11-50,hello@definity.ai,Ohad Raviv,"Big Data, Data Governance, Data Management, Developer Tools, Enterprise Software"
OneLayer,Boston,Massachusetts,Series A,"Oct 16, 2025",$1M to $10M,Active,one-layer.com,"OneLayer offers a security and asset management platform focused on private LTE and 5G networks. It provides real-time device visibility, device fingerprinting, Zero Trust segmentation, and automated policy enforcement across cellular and non-cellular assets. OneLayer’s Bridge product enables control over devices behind cellular routers, tracks SIM/IP changes, and geofences devices to mitigate risk. It extends enterprise security practices into private cellular infrastructure and supports integration with existing cybersecurity tools and protocols.",101-250,,Dave Mor,"Privacy and Security, Asset Management, Cyber Security, Internet of Things, Network Security"
Atlas,San Francisco,California,Series B,"Dec 12, 2024",,Active,atlascard.com,,11-50,hello@atlascard.com,Kenan Pulak,"Finance, Financial Services, Payments"
UpGuard,Mountain View,California,Series C,"Feb 26, 2026",,Active,www.upguard.com,"UpGuard is a cybersecurity platform that helps organizations monitor, assess, and manage cybersecurity risk across internal systems and third-party vendors. Its platform evaluates digital assets to identify security gaps, misconfigurations, and exposure points that may impact data protection and operational integrity. The company offers tools for vendor risk management, enabling teams to review and track the security posture of external partners. Its solutions also include attack surface monitoring, which maps internet-facing assets to detect vulnerabilities and unauthorized changes. UpGuard supports security teams with reporting and workflow features that assist in risk assessment, remediation tracking, and compliance alignment.",251-500,press@upguard.com,Alan Sharp-Paul,"Privacy and Security, Professional Services, Science and Engineering, Artificial Intelligence (AI), Cyber Security, Enterprise Software, Risk Management, SaaS"
Sesame,San Francisco,California,Series B,"Oct 21, 2025",,Active,www.sesame.com,"Sesame is a voice tech startup focused on developing AI voice assistants that create natural and emotionally resonant conversations. It focuses on technologies such as natural language processing, machine learning, and computer vision to create applications like personal assistants, healthcare solutions, and customer service chatbots. The company engages in research and development, collaborating with institutions to advance AI responsibly while addressing ethical considerations. Its goal is to improve accessibility and productivity through intelligent systems that adapt to human needs.",101-250,info@sesame.com,Ankit Kumar,"Hardware, Science and Engineering, Software, Artificial Intelligence (AI), Consumer Electronics, Consumer Software"
PassiveLogic,Salt Lake City,Utah,Series C,"Sep 16, 2025",,Active,passivelogic.com,"PassiveLogic’s mission is to empower people through generative autonomy to solve the world’s largest climate challenges. 

Buildings are the most complex controlled infrastructure in the world, however, they are often fitted with technologically stagnant and expensive control systems that waste energy and provide sub-optimal occupant comfort. The consequence of this inefficiency is that buildings account for more than 40% of the entire world's energy usage. 

Autonomous buildings are the key to addressing this energy challenge and unlocking the future of cities. PassiveLogic’s autonomous building platform, powered by Quantum - the physics-based digital twin standard for autonomous systems, has proven 30% energy savings compared to conventional control systems. Applying this scalable technology across the entire U.S. building sector alone creates a net savings opportunity of 9.6 Quads per year—the equivalent of taking 1/3 of all U.S. vehicles off the road.

Founded in 2016 by Troy Harvey and backed by the world’s leading investors, PassiveLogic’s team is committed to developing extraordinary products that tackle the most challenging sustainability issues. We’re here to do the best work of our lives while also making a lasting impact on the planet.",101-250,info@passivelogic.com,Jeremy Fillingim,"Real Estate, Science and Engineering, Software, Artificial Intelligence (AI), Green Building, GreenTech, Hardware"
Paraform,San Francisco,California,Series B,"Mar 18, 2026",$1M to $10M,Active,www.paraform.com,"Paraform is a recruiting platform that connects companies with independent recruiters to support the hiring process. The platform incorporates AI to assist with candidate sourcing, evaluation, and matching based on role requirements. It operates as an agent-based system where recruiters and automated tools work together to manage different stages of hiring. Recruiters on the platform contribute domain-specific knowledge and candidate networks, while the system analyzes hiring data to identify patterns related to candidate preferences and job criteria. This combined approach supports companies in filling roles and managing recruitment workflows.",51-100,john@paraform.com,Jeffrey Li,"Software, Human Resources, Online Portals, Recruiting"
Nervonik,Los Angeles,California,Series B,"Apr 27, 2026",,Active,nervonik.com/,Nervonik is a medical device company developing an opioid-free peripheral nerve stimulation (PNS) system. Nervonik is focused on advancing clinical research and achieving regulatory milestones to bring its innovative therapies to market.,11-50,,Aydin Babakhani,"Manufacturing, Medical, Medical Device"
Dreamer,San Francisco,California,Seed,"Nov 26, 2024",,Active,dreamer.com,/dev/agents platform will work on new UI patterns that make it easier to build AI agents in a new cloud-based operating system.,11-50,,David Singleton,Agentic AI
Augment,Austin,Texas,Series A,"Sep 4, 2025",,Active,www.goaugment.com/,"Augment is the AI productivity platform for supply chain. Its flagship product, Augie, is an industry-native AI teammate that works across phone, email, portals, and enterprise systems to automate complex operational workflows — supporting brokers, shippers, carriers, and distributors from quote to cash. Augment has raised $110M from Redpoint Ventures, 8VC, Applico Capital and has over 110 engineers all based in North America.",11-50,,Harish Abbott,"Software, Transportation, Artificial Intelligence (AI), Freight Service, Logistics, Supply Chain Management"
Decart,San Francisco,California,Series B,"Aug 7, 2025",$1M to $10M,Active,www.decart.ai,Decart is a startup that has developed innovative AI models capable of transforming live footage into immersive digital environments in real time. This technology aims to enhance streaming experiences significantly. The company leverages its efficient AI training and inference capabilities alongside cluster training reliability to push the boundaries of generative AI.,51-100,Johrenk7@gmail.com,Dean Leitersdorf,"Other, Science and Engineering, Software, Artificial Intelligence (AI), Consumer, Generative AI, IT Infrastructure, Real Time"
ZaiNar,Belmont,California,Series B,"Feb 19, 2026",,Active,zainartech.com,"ZaiNar is a technology company that develops real-time 3D location and positioning solutions using patented signal processing and network timing techniques. It provides systems that determine the spatial coordinates of devices such as phones, vehicles, drones, and other radio-emitting assets without dependence on GPS or similar external systems. ZaiNar’s platform operates through mesh networks and signal analysis to produce location data that can be integrated via software interfaces and APIs for tracking, navigation, and asset management across various environments. The company’s offerings support use cases including asset tracking, presence detection, and spatial awareness for automation and operational systems.",101-250,info@zainartech.com,Alexander Hooshmand,"Mobile, Other, Science and Engineering, Artificial Intelligence (AI), Information Technology, Real Time, Software"
Antaris,Los Altos,California,Series A,"Mar 31, 2026",$1M to $10M,Active,antaris.space,"Antaris develops cloud-based software platforms that support the design, simulation, and operation of satellite missions. The company provides a unified system that enables organizations to model entire space missions digitally, from early concept through deployment and in-orbit operations. Its core offering, the Antaris Cloud Platform, allows users to design satellites, test configurations, and simulate real-world mission scenarios using digital twin technology before committing to hardware. This approach helps teams evaluate performance, validate decisions, and reduce risks associated with complex space missions.",11-50,,Govindhasamy Karthik,"Information Technology, SaaS, Space Travel"
Endovascular Engineering,Menlo Park,California,Series C,"Apr 7, 2026",,Active,www.endovascularengineering.com,"Endovascular Engineering is a medical technology company focused on developing and deploying advanced clot removal solutions for the treatment of venous thromboembolism. It specializes in thrombectomy technologies designed to improve clinical outcomes and procedural efficiency in minimally invasive vascular interventions. The company’s flagship innovation is the Hēlo™ Thrombectomy System, a catheter-based device that uses a combination of mechanical agitation and physician-controlled aspiration to remove blood clots. Its technology emphasizes features such as a self-expanding funnel design and dual-action functionality to enhance clot engagement and navigation through complex anatomies. Endovascular Engineering primarily serves healthcare providers, including interventional cardiologists and radiologists, supporting the treatment of conditions such as pulmonary embolism and deep vein thrombosis.",11-50,,Luis Savastano,"Clinical Trials, Medical, Medical Device"
Eclypsium,Portland,Oregon,Series C,"Mar 19, 2026",$1M to $10M,Active,www.eclypsium.com,"Eclypsium protects organizations from the foundation of their computing infrastructure upward, controlling the risk and stopping threats inside firmware of laptops, servers, and networking infrastructure.",51-100,info@eclypsium.com,Alex Bazhaniuk,"Software, Cloud Computing, Cyber Security, Information Technology, Internet"
Swarm Aero,Oxnard,California,Series A,"Mar 11, 2026",,Active,www.swarm.aero,"Swarm Aero is an aerospace and defense company that develops large-scale unmanned aerial vehicle (UAV) swarms to operate in coordinated drone swarms for defense, logistics, and sensing missions. The company builds large uncrewed aircraft and supporting software that allow multiple drones to collaborate and perform tasks as a coordinated network rather than as independent vehicles. These systems use onboard computing, sensors, and artificial intelligence to enable autonomous flight behaviors and collective decision-making among groups of drones. The technology platform includes aircraft hardware, swarm coordination software, and command-and-control tools that allow operators to deploy and manage large numbers of drones. A swarm node architecture integrates edge computing and distributed sensors on each vehicle so that drones can communicate with one another, share environmental data, and adapt their behavior during missions. Through this system, operators can translate mission objectives into coordinated flight patterns and task assignments executed by the swarm.

Swarm Aero’s aircraft and software systems support applications such as intelligence gathering, environmental monitoring, cargo delivery, communications relay, disaster response, and security operations. The platform is designed to enable operations in environments where communications may be limited or conditions change rapidly, allowing autonomous drones to coordinate actions and adjust routes in real time.",51-100,info@swarmaero.com,Danny Goodman,"Data and Analytics, Government and Military, Hardware, Aerospace, Artificial Intelligence (AI), Drones, Military"
Listen Labs,San Francisco,California,Series B,"Jan 14, 2026",,Active,www.listenlabs.ai,"Listen Labs provides an AI-powered research platform that automates customer interviews to reveal what users think and why. It uses generative AI to design interview guides, recruit appropriate participants, conduct adaptive interviews, and turn responses into structured insights, themes, personas, and executive-ready reports in hours rather than weeks. The platform supports multiple languages, varied stimuli types like video and prototypes, and flexible recruitment channels including proprietary panels or clients’ own users. Teams use the platform to test product concepts, assess messaging, understand usability, and uncover user sentiment at qualitative scale with AI handling moderation and analysis.",11-50,support@listenlabs.ai,Alfred Wahlforss,"Science and Engineering, Software, Analytics, Artificial Intelligence (AI), Generative AI, Market Research"
Synctera,San Francisco,California,Series A,"Mar 12, 2025",$10M to $50M,Active,www.synctera.com,"Synctera's platform provides technology infrastructure, sponsor bank connections, and a compliance framework to support the launch of FinTech or embedded banking products for companies of all sizes. Utilizing a unified set of robust APIs, businesses can efficiently introduce and expand products like debit cards, bank accounts, charge cards, lines of credit, and money movement. Whether you're a FinTech startup or an established company looking to integrate banking services into your existing product lineup, Synctera offers the tools to bring your vision to fruition quickly and effectively.",51-100,hello@synctera.com,Dominik Weisserth,"Banking, Finance, Financial Services, FinTech"
Rillet,Palo Alto,California,Series B,"Aug 6, 2025",,Active,www.rillet.com,"Rillet is an AI-native ERP that automates accounting for complex revenue models, allowing for fast book closings and providing a reliable source of truth. The solution covers the full spectrum of accounting and finance needs, including customer invoicing, GAAP-compliant revenue recognition, automated bank reconciliations, accrual-based expense recognition, real-time SaaS metrics, and other analytics capabilities. Rillet covers multiple entities, geographies, and currencies and allows for consolidated multi-currency reportin,g all embedded within one platform.",11-50,,Nicolas Kopp,"Professional Services, Science and Engineering, Software, Accounting, Artificial Intelligence (AI), Enterprise Resource Planning (ERP), Finance, Financial Services"
BoldVoice,New York,New York,Series A,"Dec 17, 2025",$1M to $10M,Active,boldvoice.com,"BoldVoice is a communication coaching app that helps non-native speakers improve their communication and confidence. The company's application helps foreign-born professionals and students in the US to improve their English accents via hyper-personalized content, enabling them to improve their English language pronunciation and confidence via personalized content from Hollywood's top accent coaches

BoldVoice was founded in 2021 and is headquartered in New York, NY.",1-10,support@boldvoice.com,Anada Lakra,"Software, Apps, EdTech, E-Learning, Language Learning, Mobile Apps"
Spiral Therapeutics,San Francisco,California,Series B,"Apr 14, 2026",$1M to $10M,Active,www.spiraltx.com,"Spiral Therapeutics develops biopharmaceutical therapies focused on treating inner ear disorders, including hearing loss, balance disorders, and related auditory conditions. The company operates as a clinical-stage drug developer, advancing a pipeline of therapeutics designed to address conditions with limited or no approved treatment options. Its core approach combines proprietary drug formulations with targeted delivery technologies that enable precise and sustained administration of therapeutics directly to the cochlea. This method is designed to improve treatment effectiveness by delivering drugs to specific areas of the inner ear while minimizing systemic exposure.

Spiral Therapeutics focuses on developing small-molecule therapies and sustained-release formulations that address inflammation and other underlying causes of inner ear disorders. Its lead programs include treatments for conditions such as Ménière’s disease, where symptoms like vertigo, tinnitus, and hearing loss are linked to inner ear dysfunction.",1-10,info@spiraltx.com,Hugo Peris,"Biotechnology, Health Care, Medical, Pharmaceutical"
Nourish,Austin,Texas,Series B,"Apr 23, 2025",$10M to $50M,Active,www.usenourish.com,"Nourish is addressing the root cause of the chronic disease crisis through AI-powered, insurance-covered virtual nutrition care. Nourish is tackling one of the most important problems in the world — our broken healthcare system. Nourish is building a healthcare system that is patient-friendly, prioritizes lifestyle change, delivers outcomes, and lowers costs.",51-100,support@usenourish.com,Aidan Dewar,"Software, Apps, Health Care, Nutrition, Telehealth"
Lightwheel,Santa Clara,California,Series A,"Mar 11, 2026",,Active,lightwheel.ai/,"Lightwheel is accelerating the real-world deployment of AI through simulation, reshaping how machines perceive, learn from, and interact with the physical world. Our offering includes highly generalizable, physics-accurate 3D assets and scenes, teleoperation-based data collection in simulation, a ... see more",101-250,contact@lightwheel.ai,Steve Xie,"Science and Engineering, Software, Transportation, Artificial Intelligence (AI), Autonomous Vehicles, Robotics, Simulation"
Yupp,Mountain View,California,Seed,"Jun 1, 2024",$1M to $10M,Active,yupp.ai,"Yupp operates as an AI-focused evaluation platform that gamifies human feedback to improve large language models. Users submit prompts and receive side-by-side responses from over 500 AI models—including ChatGPT, Claude, Gemini, LLaMA, and others. They choose the preferred answer, explain why, and earn “Yupp credits” via a scratch-card-style reward system. These credits can be redeemed for fiat (via PayPal or Stripe) or stablecoins (e.g. on Base or Solana).

The platform maintains transparency through a blockchain-backed leaderboard called the Yupp VIBE Score, which ranks AI models based on aggregated user feedback across factors like response quality, speed, and cost.",11-50,privacy@yupp.ai,Pankaj Gupta,"Internet Services, Science and Engineering, Software, Artificial Intelligence (AI), Information Technology, Internet"
Jimini Health,Stanford,California,Seed,"Mar 31, 2026",$1M to $10M,Active,jiminihealth.com,"Jimini Health develops AI-assisted solutions for behavioral health care, focusing on continuous patient support between clinical sessions. Its platform includes Sage, an AI care assistant that works alongside human clinicians to provide reminders, practice exercises, and emotional support while following clinical guidance. Sage collects patient interactions, escalates critical situations, and shares progress with clinicians to inform ongoing care decisions.

The system integrates evidence-based practices and measurement-based care into its AI workflows, maintaining clinician oversight and control over treatment strategies. It supports personalized behavioral health interventions by adapting to individual patient needs while ensuring privacy and security.

Jimini Health’s approach combines human clinical expertise with AI-driven engagement, aiming to enhance patient adherence, monitor progress, and support consistent behavioral health care outside traditional session times.",11-50,,Luis Voloch,"Science and Engineering, Software, Artificial Intelligence (AI), Health Care, Mental Health, Wellness"
Deeptune,New York,New York,Series A,"Mar 19, 2026",,Active,deeptune.ai,,11-50,,Lukas Schmit,"Software, Artificial Intelligence (AI)"
Kobalt Labs,New York,New York,Series A,"Dec 3, 2025",Less than $1M,Active,www.kobaltlabs.com,,1-10,hi@kobaltlabs.com,Ashi Agrawal,"Information Technology, Lending and Investments, Professional Services, Artificial Intelligence (AI), Banking, Compliance, Financial Services, FinTech"
Amigo AI,New York,New York,Series A,"Mar 10, 2026",,Active,amigo.ai,"Amigo AI develops software that enables healthcare organizations to design, deploy, and manage AI agents used in clinical and patient interaction workflows. The platform provides tools for building patient-facing agents that assist with tasks such as patient engagement, triage, care coordination, and follow-up communication. It includes systems for configuring clinical protocols, contextual knowledge, and decision logic that guide how agents interact with patients and healthcare teams.

The platform also incorporates simulation and evaluation tools that test agent behavior through large volumes of simulated patient scenarios before deployment. It integrates with healthcare systems such as electronic health records and customer relationship platforms to exchange patient data and workflow information. Continuous monitoring and safety controls are used to track agent performance and flag potential risks during real-world use. The software is designed to support organizations that want to incorporate AI-driven patient interaction systems into clinical operations.",11-50,contact@amigo.ai,Ali Khokhar,"Science and Engineering, Software, Agentic AI, Artificial Intelligence (AI), Enterprise Software, Generative AI, Health Care"
Kulipa,New York,New York,Seed,"Apr 1, 2026",,Active,www.kulipa.xyz/,"Kulipa provides the underlying infrastructure to settle global payments, manage stablecoin accounts, and issue cards - all through a unified, compliant stack.
Grow revenue with debit cards.
Boost acquisition with white-labelled accounts & cards.
Scale faster with global payment products.",1-10,hello@kulipa.xyz,,"Software, Cryptocurrency, Financial Services, FinTech"
Modular,Palo Alto,California,Series C,"Sep 24, 2025",,Active,www.modular.com,"Modular provides an AI infrastructure platform designed for GPU portability and unparalleled performance in AI workloads. The platform features serverless inference endpoints, fine-tuning services, and training clusters to simplify the journey from AI development to production. Modular offers solutions for high-speed LLM serving and cross-hardware stack management for NVIDIA and AMD environments.",101-250,hello@modular.com,Chris Lattner,"Science and Engineering, Software, AI Infrastructure, Artificial Intelligence (AI), Generative AI, Machine Learning"
Zoe Financial,New York,New York,Series B,"Apr 29, 2025",Less than $1M,Active,zoefinancial.com,​Zoe Financial is a wealth planning platform that connects clients with financial advisors based on personalized criteria. The platform matches individuals to advisors tailored to their specific requirements and budget. Zoe Financial aims to facilitate connections between clients and financial advisors who align with their financial goals and preferences.,11-50,support@zoefin.com,Andres Garcia Amaya,"Financial Services, FinTech, Software, Wealth Management"
Assiduus Global,Atlanta,Georgia,Series B,"Mar 19, 2026",$10M to $50M,Active,www.assiduusglobal.com,"Assiduus Global provides technology-enabled solutions for cross-border e-commerce, helping brands manage digital distribution and supply chains across multiple marketplaces. The company offers middleware platforms that address regulatory compliance, demand generation, multi-marketplace integration, inventory planning, fulfillment, and access to buyer data and analytics. Its suite includes a unified order management system, warehouse management system, integrated shipping platform, and seller qualifier platform that delivers actionable insights. Assiduus supports direct-to-consumer sales channels, including platforms like Shopify, and works with clients to streamline product launches and distribution globally. The company serves a diverse range of brands and facilitates expansion into markets across North America, Southeast Asia, the Middle East, and Europe. Its technology platform leverages data-driven analytics to optimize sales performance and operational efficiency. Assiduus has also developed patented middleware technology to enhance cross-border e-commerce operations. The company engages with clients across multiple industries, providing tools for inventory management, customer intelligence, and marketplace performance tracking. Its solutions aim to simplify international e-commerce complexities while maintaining visibility and control over the sales process.",101-250,contact@assiduusglobal.com,Somdutta Singh,"Internet Services, Science and Engineering, Software, Artificial Intelligence (AI), E-Commerce Platforms, Marketplace, Supply Chain Management"
Prezent AI,Los Altos,California,Series B,"Oct 10, 2025",$10M to $50M,Active,prezent.ai,"Prezent is an enterprise business storytelling platform for business communication, empowering busy professionals with an AI-driven platform to effortlessly create compelling presentations and narratives. Trusted by Fortune 500 companies and high-growth enterprises, Prezent combines cutting-edge technology with human-centered design with industry-specific AI models to revolutionize storytelling in the workplace.",101-250,,Rajat Mishra,"Science and Engineering, Software, Artificial Intelligence (AI), Information Technology, Machine Learning"
SEON,Austin,Texas,Series C,"Sep 16, 2025",$10M to $50M,Active,seon.io,"SEON is the AI command center for fraud prevention and AML compliance, empowering thousands of companies worldwide to stop fraud without slowing growth. Our platform powers smarter risk decisions by enriching customer profiles, flagging suspicious behavior and streamlining compliance workflows, all in one place. Unlike competitors relying on stale, third-party data, SEON leverages 900+ proprietary, real-time data signals that go deeper and broader, resulting in unmatched coverage and higher precision. 

We’re trusted by innovators like Revolut, Wise and thousands of others scaling securely into new products and markets.

Global presence: Austin - London - Budapest - Singapore",251-500,info@seon.io,Bence Jendruszak,"Information Technology, Payments, Privacy and Security, Fraud Detection, Identity Management, Machine Learning, Network Security, Risk Management"
Chef Robotics,San Francisco,California,Series A,"Mar 31, 2025",$10M to $50M,Active,chefrobotics.ai,"Chef Robotics is a robotics and artificial intelligence company serving the food industry.

The company was founded in 2019 and is headquartered in San Francisco, California.",101-250,support@ChefRobotics.ai,Rajat Bhageria,"Hardware, Science and Engineering, Software, Artificial Intelligence (AI), Food and Beverage, Machine Learning, Robotics"
BeyondTrucks,San Mateo,California,Series A,"Sep 30, 2024",$1M to $10M,Active,www.beyondtrucks.com,"BeyondTrucks is redefining real-time operations of large private and specialty fleets with a configurable and connected platform for process automation and optimization. Fleets turn to BeyondTrucks to replace legacy software and analog methods to become more efficient and make better decisions. BeyondTrucks is a deeply transformational technology for an industry that has traditionally taken time to adopt innovation, but has arrived at a technological inflection point.",51-100,info@beyondtrucks.com,Hans Galland,"Transportation, Finance, Fleet Management, Logistics, Operating Systems, SaaS"
Harper,San Francisco,California,Series A,"Feb 25, 2026",,Active,www.harperinsure.com,"Harper provides insurance brokerage services that focus on helping businesses assess risk exposure and secure appropriate coverage. The company uses a digital platform to streamline policy comparison, placement, and management across areas such as property, liability, and operational risks. It works with clients to evaluate existing insurance structures and identify gaps in protection. Harper supports policy lifecycle needs, including renewals, adjustments, and claims coordination. The platform also enables data-informed decision-making related to coverage selection and cost management. Its services are designed for organizations seeking structured insurance procurement and oversight processes.",11-50,harper@harperinsure.com,Dakotah Rice,"Science and Engineering, Software, Artificial Intelligence (AI), FinTech, Insurance, InsurTech"
WorkOS,San Francisco,California,Series C,"Mar 2, 2026",,Active,workos.com,"WorkOS provides APIs to make applications enterprise-ready, with pre-built features and integrations required by IT admins. With WorkOS, users can start selling to enterprise customers with just a few lines of code.

WorkOS was founded in 2019 by Michael Grinich and is based in San Francisco, California, United States.",101-250,,Michael Grinich,"Developer APIs, Developer Tools, Information Technology, Operating Systems"
Virtue AI,San Francisco,California,Series A,"Apr 15, 2025",,Active,www.virtueai.com/,Virtue AI operates as an AI security and compliance platform for applications.,1-10,,Bo Li,"Science and Engineering, Software, Artificial Intelligence (AI), Information Technology"
BrainCheck,Austin,Texas,Series A,"Feb 26, 2026",Less than $1M,Active,www.braincheck.com,"BrainCheck provides digital cognitive assessment tools used to evaluate brain health across clinical and non-clinical settings. Its platform delivers computerized tests that measure memory, attention, processing speed, executive function, and other cognitive abilities. The system supports screening for conditions such as mild cognitive impairment, concussion, and dementia through structured testing and automated scoring. It enables healthcare professionals and organizations to administer assessments remotely or in person using connected devices. BrainCheck also generates reports that assist in monitoring cognitive changes over time and informing care decisions.",101-250,info@braincheck.com,David Eagleman,"Health Care, Health Diagnostics, Personal Health, Software, Wellness"
Natter,New York,New York,Series A,"Apr 7, 2026",Less than $1M,Active,natter.co,"Natter provides a web-based conversational intelligence platform that enables organizations to gather, analyze, and act on large-scale qualitative feedback through real-time video interactions and AI-driven insights. The platform allows companies to engage employees, customers, or stakeholders in structured conversations, capturing responses simultaneously and converting them into summarized insights for decision-making. Its core functionality centers on running live or asynchronous video conversations at scale, where participants respond to prompts and questions, and the system processes these inputs using AI to generate themes, trends, and actionable outputs. This approach replaces traditional surveys and focus groups by delivering faster and more nuanced qualitative data.

Natter includes analytics and reporting tools that transform conversational data into structured insights, enabling teams to identify patterns, surface ideas, and prioritize actions across areas such as human resources, product development, sales, and strategy. The platform supports large participant volumes, allowing organizations to capture input from entire workforces or customer bases in a short time frame.",11-50,team@natter.co,Charlie Woodward,"Information Technology, Professional Services, Science and Engineering, Artificial Intelligence (AI), Consulting, Social, Software"
LighthouseAI,Los Angeles,California,Series A,"Apr 24, 2026",$1M to $10M,Active,lighthouseai.com/,"LighthouseAI provides software solutions to pharmaceutical manufacturers, logistics companies, wholesalers, and pharmacies.",51-100,hello@lighthouseai.com,Sumeet Singh,"Science and Engineering, Software, Artificial Intelligence (AI), Medical, Pharmaceutical"
Glimpse,New York,New York,Series A,"Mar 25, 2026",$1M to $10M,Active,www.tryglimpse.com/,"Glimpse partners with brands to place their products in luxury short-term rentals as a sales and acquisition channel.

Glimpse was founded in 2020 by Kushal Negi, Akash Raju, and Anuj Mehta and was headquartered in New York.",11-50,hello@tryglimpse.com,Akash Raju,"Hardware, Information Technology, Sales and Marketing, Artificial Intelligence (AI), Data Management, Data Storage, Retail Technology, Sales Automation"
BlueFlag Security,Sunnyvale,California,Series A,"Mar 23, 2026",,Active,www.blueflagsecurity.com,"BlueFlag Security focus on penetration testing, application security, and risk assessment for organizations. Its offerings include web and mobile application testing, network security evaluations, and red team exercises designed to identify vulnerabilities in systems and processes. The company also delivers security consulting to support secure software development practices and infrastructure protection. In addition, it offers training and awareness programs that help teams understand common attack methods and mitigation strategies. Its work supports organizations in identifying security gaps and improving resilience against cyber threats.",11-50,info@blueflagsecurity.com,Ken Schneider,"Software, Cyber Security, Risk Management, Security"
Meter,San Francisco,California,Series C,"Jun 12, 2025",,Active,www.meter.com,"Meter provides internet infrastructure for businesses, handling everything needed to get great internet, networking, Wi-Fi, and cell coverage in a space. Their unified stack—enterprise hardware, software, and operations—is purpose-built, scalable, and delivered as a service for one predictable monthly fee. Today, some of the largest companies and enduring institutions rely on Meter to keep their thousands of employees and locations online and productive. Meter is headquartered in San Francisco and backed by leading venture capital firms, investors, and founders.",101-250,hello@meter.com,Anil Varanasi,"Information Technology, Internet, IT Infrastructure, Software"
10x Science,San Francisco,California,Seed,"Apr 22, 2026",,Active,10xscience.com,,1-10,,Andrew Reiter,"Data and Analytics, Information Technology, Science and Engineering, Artificial Intelligence (AI), Bioinformatics, Software, Web Apps"
Eridu,Saratoga,California,Series A,"Mar 10, 2026",,Active,eridu.ai,"Eridu is the pioneer advancing the frontier in AI networking, breaking through the network wall with a solution built from the ground up for scale-out and scale-up networks in AI data centers. 
 
Eridu’s network switch delivers the order-of-magnitude advance in performance, radix and throughput needed to maximize utilization, throughput and efficiency in AI clusters and data centers. Founded by a team of accomplished technology and business innovators and backed by leading investors with over $200M in funding to date, Eridu is solving the network bottlenecks throttling AI.",51-100,info@eridu.ai,Drew Perkins,"Science and Engineering, Software, AI Infrastructure, Artificial Intelligence (AI), Machine Learning, Semiconductor"
Tractian,Atlanta,Georgia,Series C,"Dec 5, 2024",$10M to $50M,Active,tractian.com,Tractian is a machine intelligence company that provides condition monitoring and asset performance management for industrial operations.,251-500,get@tractian.com,Gabriel Lima,"Internet Services, Manufacturing, Other, Artificial Intelligence (AI), B2B, Hardware, Internet of Things, Machine Learning"
Skyfire AI,Huntsville,Alabama,Seed,"Apr 28, 2026",,Active,skyfireai.com,"Skyfire AI develops autonomous drone systems that use artificial intelligence for mission planning, data analysis, and aerial coordination. Its platform enables object detection, real-time tracking, and adaptive flight control for use in public safety, defense, and infrastructure. The technology supports tasks such as surveillance, inspection, and search and rescue by providing AI-driven insights and automated mission execution, including multi-drone deployments.",11-50,info@skyfireai.com,Brian Davidson,"Data and Analytics, Design, Hardware, Aerospace, Artificial Intelligence (AI), Data Visualization, Drones"
Hoverfly,Sanford,Florida,Series B,"Oct 8, 2025",$1M to $10M,Active,www.hoverflytech.com,"Hoverfly Technologies designs and manufactures tethered drone systems that support defense and security operations. The company’s core platforms, Sentry and Spectre, are engineered to provide persistent aerial surveillance and extended network coverage for mission-critical environments. Hoverfly’s systems operate through secure, continuous power and data connections, allowing long-duration flight without reliance on batteries. In addition to hardware solutions, the company offers comprehensive services including operator training, equipment maintenance, and spare parts support. Hoverfly collaborates with industry partners to enhance its capabilities and ensure consistent performance for global defense, security, and communication missions.",101-250,info@hoverflytech.com,Daniel Burroughs,"Hardware, Manufacturing, Privacy and Security, Drones, Machinery Manufacturing, Physical Security, Robotics"
Blossom Health,New York,New York,Series A,"Mar 26, 2026",,Active,www.joinblossomhealth.com/,"Blossom Health is a telehealth platform focused on psychiatric care, connecting individuals with licensed providers through virtual appointments. The company offers evaluation, diagnosis, and ongoing treatment that may include therapy and medication management, with services coordinated through online scheduling and consultations. It supports care for a range of mental health conditions such as anxiety, depression, ADHD, mood disorders, and substance use concerns. The platform matches patients with psychiatrists based on their needs and facilitates remote visits, allowing ongoing communication and treatment planning between patient and provider. Blossom Health integrates insurance-based billing and manages administrative processes such as appointment coordination and follow-ups. Its services are designed for individuals seeking structured psychiatric support delivered through digital channels.",11-50,hello@joinblossomhealth.com,John Zhao,"Information Technology, Internet Services, Science and Engineering, Artificial Intelligence (AI), Health Care, Internet, Mental Health"
TransFi,Tampa,Florida,Series A,"Mar 18, 2026",,Active,www.transfi.com,"TransFi provides payment infrastructure that connects traditional financial systems with digital assets to support global transactions. Its platform enables businesses to send and receive cross-border payments, access fiat-to-crypto and crypto-to-fiat conversion, and manage multi-currency settlements. The system includes APIs and checkout solutions that integrate into applications for processing international payments. It supports various local payment methods, bank transfers, and digital asset networks to facilitate fund movement across regions. TransFi also incorporates compliance processes such as identity verification and transaction monitoring to support regulated payment operations.",11-50,sales@transfi.com,Alex Scott,"Other, Payments, Blockchain, FinTech, Web3"
Keebler Health,Durham,North Carolina,Series A,"Apr 15, 2026",,Active,keebler.health,"Keebler Health develops an artificial intelligence-powered healthcare analytics platform focused on risk adjustment and clinical decision support for providers and payers. The company’s software analyzes large volumes of patient data, including electronic health records, clinical notes, and other unstructured medical information, to identify chronic conditions and coding gaps that may impact care quality and reimbursement. Its core platform uses transformer-based machine learning models to process diverse data formats such as scanned documents, physician notes, and claims data, converting them into structured insights that highlight potential diagnoses and risk adjustment opportunities. The system flags findings for clinician review, providing supporting evidence and explanations to assist with medical coding and documentation accuracy.

Keebler Health’s tools are designed to support value-based care models, where healthcare providers are responsible for managing patient outcomes and costs. By improving the accuracy of disease burden identification, the platform helps organizations optimize reimbursement processes while also enabling earlier detection and management of chronic conditions.",1-10,andrew@keebler.health,Andrew Stickney,"Information Technology, Payments, Science and Engineering, Artificial Intelligence (AI), Billing, Health Care"
Moises,Salt Lake City,Utah,Series A,"May 12, 2025",$1M to $10M,Active,moises.ai,"Moises is an audio-tech company that leverages machine learning and data science in relation to music and audio processing. It offers musicians and producers a suite of AI tools such as audio separation, pitch/beats/chord detection, metronome, tempo changer, and mastering.",101-250,support@moises.ai,Eddie Hsu,"Music and Audio, Science and Engineering, Software, Artificial Intelligence (AI), Machine Learning, Music"
Gyde,Austin,Texas,Series A,"Jan 28, 2026",,Active,gydehealth.ai/,"Gyde is an AI-native brokerage headquartered in Austin, Texas, with offices in New York City. Built for modern insurance professionals, Gyde combines advanced artificial intelligence with broker-first tools and operational support to streamline client servicing, renewals, and growth at scale. The Gyde platform enables brokers to operate more efficiently while delivering comprehensive insurance, health, and wealth solutions.",11-50,support@gydehealth.ai,Sam Wiener,"Science and Engineering, Software, Artificial Intelligence (AI), Health Insurance, Insurance"
Nowadays,Mercer Island,Washington,Seed,"Dec 6, 2024",,Active,www.getnowadays.com,"Nowadays is an AI-powered platform designed to simplify event planning by automating venue negotiations and logistics. The service allows users to input event details, and the AI handles communications with venues, streamlining the planning process for corporate events.",1-10,amy@getnowadays.com,Amy Yan,"Media and Entertainment, Science and Engineering, Software, Artificial Intelligence (AI), Event Management, Events"
MatX,Mountain View,California,Series B,"Feb 24, 2026",,Active,matx.com,"MatX is an AI semiconductor company that designs custom chips and hardware architectures to support large language models and high-performance AI workloads. The company focuses on developing silicon optimized for machine learning inference and training tasks, with architecture choices aimed at improving computational efficiency and throughput for transformer-based models and other neural networks. Its technology work includes hardware design, system integration, and software toolchain support to enable AI developers to deploy large models with lower latency and improved resource utilization. MatX collaborates with research and engineering teams to align chip capabilities with evolving AI model demands and to integrate hardware with broader AI infrastructure stacks. The company also engages in testing and validation workflows to ensure that its chips meet performance targets across diverse AI applications. Through its designs, MatX aims to support scalable AI computation by advancing purpose-built hardware for next-generation models.",11-50,founders@matx.com,Mike Gunter,"Manufacturing, Science and Engineering, Software, AI Infrastructure, Artificial Intelligence (AI), Hardware, Semiconductor"
N3XT,Charlotte,North Carolina,Series C,"Oct 21, 2025",,Active,n3xt.io/,"N3XT provides a payment platform that enables businesses to send and receive U.S. dollar transactions with real-time settlement. Its system uses blockchain infrastructure to support continuous fund transfers without relying on traditional banking schedules or intermediaries. The platform maintains full-reserve accounts, where deposits are held in cash or liquid government instruments, and supports programmable payments based on predefined conditions.

It allows verified participants to transact within a controlled network, offering visibility into fund availability and transaction status. The system integrates with financial and digital asset environments, enabling movement between different financial systems.

N3XT supports business payment workflows by facilitating liquidity access, automating transaction execution, and providing transparency across B2B financial operations.",11-50,questions@n3xt.io,,"Decentralized Finance (DeFi), Financial Services, FinTech"
Clasp.com,Boston,Massachusetts,Series B,"Mar 26, 2026",$1M to $10M,Active,www.clasp.com/,"Clasp is an outcomes-oriented company offering flexible funding products such as Income Share Agreements and Deferred Tuition Agreements that supplement student loans. Clasp (aka Stride Funding) and its founder have been recognized by Forbes, Harvard and MIT for its innovations and social impact. Stride has received venture investments from Crosslink Capital; Graham Holdings, Firework, GSV, Slow Ventures, Sinai Ventures, and Pear VC; and its sponsors include Strada Education, Ascendium, and Silicon Valley Bank.  Stride advisors include investors, serial entrepreneurs and industry leaders such as Deborah Quazzo, Brigette Lau, Tina Sharkey, Doug Levin, and Kevin Moss. During 2019-22, the funds under management grew from $10M to $150M. In September 2022, the company announced a partnership with Stanford Law School to empower students to pursue careers of impact and service.",51-100,tess@clasp.com,Tess Michaels,"Education, Finance, Financial Services, Human Resources"
Aviz Networks,San Jose,California,Series A,"Nov 21, 2024",$10M to $50M,Active,www.aviznetworks.com,"Aviz Networks is enabling SONiC deployments in Data Center & Edge Networks by delivering platform and ASIC agnostic applications for Network Orchestration, Monitoring, and Enterprise Grade Support. Our vision is to drive open-source networking via disaggregated cloud-native applications and provide data-driven intelligence for multi-vendor network fabrics.",51-100,hello@aviznetworks.com,CB Perumal,"Science and Engineering, Software, Artificial Intelligence (AI), Information Technology"
Openlayer,San Francisco,California,Series A,"May 14, 2025",$1M to $10M,Active,openlayer.com,"Openlayer is helping ML teams build the future of reliable, performant, and ethical machine learning.",1-10,founders@openlayer.com,Gabriel Bayomi,"Professional Services, Science and Engineering, Software, Artificial Intelligence (AI), Information Technology, Machine Learning, Quality Assurance"
FlexGen,Durham,North Carolina,Series C,"Jan 22, 2025",,Active,flexgen.com,"FlexGen’s patented operating system, HybridOS and digital controls make battery storage easy, reliable, and intelligent. We enable utility-scale storage with bankability in mind: we turn batteries on, and we keep them on - whether a single battery site or 100 sites, one platform monitors them all. FlexGen’s Lifecycle Services Team monitors, maintains, and upgrades your systems to ensure the integrity and longevity of your assets.

FlexGen was founded in 2009 and is headquartered in Durham, North Carolina.",101-250,info@flexgen.com,Josh Prueher,"Software, Sustainability, Battery, Energy, Energy Storage, Renewable Energy, Semiconductor"
Comfy,San Francisco,California,Series B,"Apr 24, 2026",,Active,www.comfy.org,"Comfy develops and maintains open-source software centered on generative AI workflows, primarily through its core product, ComfyUI, a node-based application for building and managing AI-driven content creation pipelines. The platform enables users to construct visual workflows that generate images, videos, 3D assets, and audio by connecting modular components, enabling repeatable, adjustable outputs rather than one-off prompts. Its tools include a workflow engine, extension manager, custom node registry, and supporting interfaces such as command-line utilities and automation features, which together form a flexible ecosystem for AI development and usage. The company emphasizes enabling users to create and customize their own solutions, often without requiring coding, and supports both local execution and cloud-based usage depending on user needs. Comfy's software is used by a broad range of individuals and teams, including developers, artists, and organizations, to build reproducible and scalable generative AI workflows.",11-50,,Robin Huang,"Developer Tools, Enterprise Software, Software"
PointOne,New York,New York,Series A,"Mar 23, 2026",,Active,pointone.com/,,11-50,info@pointone.com,Jeremy Ben-Meir,"Software, Billing, Legal, Security"
Exowatt,Miami,Florida,Series B,"Feb 28, 2026",,Active,exowatt.com,"Exowatt develops modular, dispatchable solar energy systems tailored for high-demand applications such as AI data centers. Its flagship product, the Exowatt P3, captures solar energy, stores it as heat in a thermal battery, and converts it into electricity on demand, providing up to 24 hours of continuous power. Exowatt's technology addresses the increasing energy requirements of AI infrastructure by providing a renewable, cost-effective, and reliable power solution. By integrating energy generation and storage into a single modular unit, the company aims to enhance energy efficiency and sustainability in power-intensive industries.",51-100,info@exowatt.com,Hannan Happi,"Hardware, Information Technology, Science and Engineering, Artificial Intelligence (AI), Data Center, Energy, Energy Storage, Renewable Energy"
Acurion,San Diego,California,Seed,"Apr 2, 2026",,Active,acurionhealth.com,"Acurion develops AI-driven diagnostic solutions that extract actionable genomic biomarker insights from standard pathology images to inform oncology treatment decisions. The company’s core product, OncoGaze™, analyzes digitized tumor biopsy slides to identify clinically relevant molecular features such as homologous recombination deficiency that guide therapy selection more rapidly than conventional genomic testing. Acurion’s platform integrates into existing clinical workflows to support earlier precision medicine decisions for cancer care and is being expanded to detect additional biomarkers across various tumor types. The company collaborates with research and clinical partners to advance applications of its machine learning technology in oncology and related areas.",1-10,,Francois Ferre,"Health Care, Science and Engineering, Software, Artificial Intelligence (AI), Biotechnology, Health Diagnostics, Machine Learning"
Descope,Los Altos,California,Seed,"Sep 30, 2025",$1M to $10M,Active,www.descope.com,"Descope enables any developer to create secure, frictionless authentication and user journeys for any application. It intends to make customer identity a business enabler.",51-100,,Aviad Lichtenstadt,"Apps, Developer Platform, Information Technology, Software"
Turquoise,San Diego,California,Series C,"Mar 17, 2026",$10M to $50M,Active,turquoise.health,"Turquoise Health offers a platform that aggregates and standardizes hospital pricing data, including negotiated rates, to support analysis and comparison across providers and payers. It provides tools that help organizations manage compliance with transparency regulations and interpret large datasets related to healthcare costs. Turquoise Health also offers APIs and dashboards that integrate pricing data into operational and analytical systems used by payers, providers, and researchers. The company supports use cases such as benchmarking, contract analysis, and cost estimation within healthcare ecosystems.",251-500,info@turquoise.health,Adam Geitgey,"Software, Analytics, FinTech, Health Care, Medical"
Onyx Security,Wilmington,Delaware,Series A,"Mar 12, 2026",,Active,www.onyx.security,"Onyx Security provides cybersecurity software that monitors and manages risks in artificial intelligence and machine learning systems. The platform evaluates AI models, data pipelines, and integrated tools to detect vulnerabilities, unsafe outputs, and potential misuse within AI-driven environments. Its technology examines how models interact with external data sources, prompts, and connected systems to identify security gaps that may affect reliability or compliance.

The platform includes tools for AI risk assessment, model monitoring, and security policy enforcement across development and deployment workflows. These tools analyze prompts, responses, and system interactions to detect abnormal behavior, data exposure, or manipulation attempts.",101-250,,Gil Elbaz,"Science and Engineering, Software, Artificial Intelligence (AI), Information Technology"
Normal Computing,New York,New York,Series B,"Mar 25, 2026",$1M to $10M,Active,www.normalcomputing.com/,"Normal is rethinking semiconductors from the ground up.

Normal EDA - Normal deploys AI software to accelerate complex hardware engineering with zero defects – all in one unified EDA platform.

Normal ASICs - With the help of Normal EDA, and our closest semiconductor partners, we are building thermodynamic computing hardware that could reduce AI energy consumption by 1000x.

Normal helps enterprises deploy AI into their highest-stakes applications, where AI can reason reliably, autonomously understand its own limits. Normal’s AI application development platform is powered by a novel full-stack probabilistic machine learning infrastructure driven by thermodynamic physics.",11-50,info@normalcomputing.ai,Faris Sbahi,"Science and Engineering, Software, AI Infrastructure, Artificial Intelligence (AI), Generative AI, Semiconductor"
Railway,San Francisco,California,Series B,"Jan 22, 2026",,Active,railway.com,"Railway is a software platform that provides cloud infrastructure and tools for developers to build, deploy, and manage applications and services. It offers capabilities for deploying code from GitHub or container images, provisioning and managing databases such as PostgreSQL or MongoDB, and handling networking with custom domains and automated TLS management. The platform supports environment configurations, task scheduling, storage volumes, and variable management to streamline application lifecycles. Railway also includes monitoring, logging, alerting, and scaling options to support applications as needs evolve. Its services are accessed through a web interface, API, and command-line tools that integrate with standard development workflows.",11-50,,Jake Cooper,"Developer Tools, Information Technology, Software"
Atropos Health,New York,New York,Series B,"May 23, 2024",$10M to $50M,Active,www.atroposhealth.com,"Atropos Health develops an Atropos Evidence Platform that specializes in evidence-based healthcare. Its platform transforms health data into usable real-world evidence and combines electronic medical record (EMR) data to derive digital evidence for individual patients and helps healthcare institutions create value from previously siloed EMR data. Healthcare organizations, life science companies, and researchers leverage the cloud-based platform to close evidence gaps from bench to bedside, elevate clinical outcomes with data-driven care, expedite research, and more.",11-50,info@atroposhealth.com,Brigham Hyde,"Clinical Trials, Health Care, Medical"
Create Wellness,New York,New York,Series B,"Mar 31, 2026",$1M to $10M,Active,trycreate.co,"Create Wellness specializes in the production and sale of creatine monohydrate gummies, a unique offering in the health and wellness market. These gummies are designed to be taken daily, with each gummy containing 1.5g of creatine, aiming to improve focus, strength, and endurance. The product is vegan, gluten-free, and non-GMO, catering to a wide range of dietary preferences. Create Wellness is committed to reversing the stigma around creatine use by providing a convenient, pure, and effective form of creatine supplementation. The company operates online, offering monthly supplies of their product to customers seeking to enhance their fitness and wellness routines.",1-10,hi@trycreate.co,,"Health Care, Consumer Goods, Dietary Supplements, E-Commerce, Food and Beverage"
Flex,San Francisco,California,Series A,"Sep 2, 2025",,Active,www.withflex.com/,,1-10,support@withflex.com,Miguel Toledo,"Finance, Financial Services, Payments"
David,New York,New York,Series A,"May 29, 2025",,Active,davidprotein.com,"David is a food-tech firm focused on creating high-protein, low-calorie, blood-sugar-friendly foods. It creates tools to build muscle and lose weight.",11-50,zach@davidprotein.com,Eyas Kelani,"Food and Beverage, Manufacturing, Nutrition"
Ivo,San Francisco,California,Series B,"Jan 20, 2026",$1M to $10M,Active,www.ivo.ai,"Ivo provides an AI-powered contract intelligence platform that helps legal and business teams review, analyze, and extract insights from agreements. It offers tools for automated redlining and comparison against playbooks, a repository that organizes contract libraries without manual tagging, and an assistant that answers complex contract questions using natural language. The platform connects to common workflows like Microsoft Word and enables users to uncover relationships between contract documents and surface risk or deviation patterns. Ivo’s technology aims to reduce the manual effort in contract review and support strategic decision-making across functions that work with agreements.",101-250,info@ivoai.com,Jacob Duligall,"Science and Engineering, Software, Artificial Intelligence (AI), Compliance, Legal Tech"
KoBold Metals,Berkeley,California,Series C,"Nov 14, 2025",$100M to $500M,Active,www.koboldmetals.com,"KoBold Metals invests in battery materials projects across the globe by combining basic ore-deposit science, big data, and scientific computing with patient private capital. The company's software uses datasets with conventional geochemical, geophysical, and geological data in statistical association models to identify prospects to ensure a cobalt supply for the electric vehicle revolution, enabling mineral exploration companies to find new sources of cobalt through machine learning and data analysis.",101-250,info@koboldmetals.com,Jeff Jurinak,"Science and Engineering, Software, Artificial Intelligence (AI), Mineral, Mining"
You.com,Palo Alto,California,Series C,"Sep 3, 2025",$50M to $100M,Active,you.com,"You.com is an AI-powered search and productivity platform that integrates conversational search, large language models, and specialized tools to provide users with contextual and personalized answers. The platform combines traditional search results with generative AI responses, allowing users to interact through natural language queries. It also offers task-oriented applications such as writing assistance, code generation, summarization, and content creation within the same interface. You.com emphasizes customization by enabling users to choose preferred sources and adjust their search experience according to their needs. The platform positions itself as both a search engine and an AI assistant, aiming to streamline workflows by combining browsing, research, and productivity features in one environment. Through its combination of AI-driven insights and integrated tools, You.com supports users across different tasks such as research, problem solving, and creative work.",51-100,support@you.com,Bryan McCann,"Science and Engineering, Software, Artificial Intelligence (AI), Chatbot, Generative AI, Internet, Search Engine"
Nudge Security,Austin,Texas,Series A,"Nov 18, 2025",$1M to $10M,Active,www.nudgesecurity.com,"Nudge Security is a cybersecurity startup securing modern organizations through the power of the modern workforce. It offers a cybersecurity platform focused on managing risk across SaaS and generative AI tools at what it terms the “Workforce Edge.” It provides automated discovery of shadow IT, uncovering every cloud and SaaS asset in an organization without needing intrusive agents or network changes. The platform then delivers real-time “nudges”—contextual, behavioral prompts—to employees when potentially risky behavior is detected, such as unsafe account configurations, weak passwords, or unmanaged app usage. Nudge also provides identity governance workflows, helping IT teams automate lifecycle management for user access, offboarding, and OAuth permissions. To support security teams in making informed decisions, it generates continuous insights on third-party risk, supply chain exposure, and app misconfigurations. The company emphasizes secure design: its systems encrypt data in transit and at rest, enforce least-privilege access, and hold SOC 2 Type II certification.",11-50,,Jaime Blasco,"Cyber Security, Information Technology, SaaS"
Corvic AI,Mountain View,California,Seed,"Apr 15, 2025",,Active,www.corvic.ai/,Corvic AI is pioneering a new era of Data-Centric AI Cognitive Infrastructure by transforming raw enterprise data into AI-ready intelligence.,11-50,,Farshid Sabet,"Analytics, Business Intelligence, Marketplace"
Neurophos,Austin,Texas,Series A,"Jan 22, 2026",$1M to $10M,Active,www.neurophos.com,"Neurophos develops photonic AI processing technology that focuses on hardware solutions for accelerating artificial intelligence inference by replacing traditional electronic compute elements with optical processing units (OPUs). The company’s technology uses ultra-dense optical modulators and silicon photonics to enable computation using light, aiming to support matrix operations central to AI workloads with increased energy efficiency and performance relative to conventional graphics processing units. Neurophos’ offerings include prototype OPUs and development systems designed to integrate into data center environments, and its platform targets engineering teams and compute-intensive applications that demand scalable AI inference capability. The business collaborates with industry partners and investors to advance its optical compute architecture and develop supporting software stacks and hardware modules for deployment. Neurophos also engages in pilot programs and partnerships to test its photonic processors in real-world compute environments and explore integration pathways with existing infrastructure. Its work leverages research in metamaterials and compute-in-memory design to reduce power consumption and enhance throughput for AI inference tasks.",11-50,info@neurophos.com,Andrew Traverso,"Hardware, Information Technology, Science and Engineering, AI Infrastructure, Artificial Intelligence (AI), Data Center, Product Design"
Terabase Energy,Berkeley,California,Series C,"Mar 13, 2025",$10M to $50M,Active,www.terabase.energy,"Terabase Energy is a digital solutions company whose products and services reduce costs and accelerate deployment in large-scale solar. 

The company's proprietary software is used by more than 400 engineering, procurement, and construction firms, developers, and independent power producers in 28 countries.",101-250,info@terabase.energy,Amine Berrada,"Sustainability, Energy, Software, Solar"
Hyphen,San Jose,California,Series B,"Aug 13, 2025",$1M to $10M,Active,usehyphen.com/,,11-50,support@usehyphen.com,Daniel Fukuba,"Hardware, Manufacturing, Other, Artificial Intelligence (AI), Food and Beverage, Industrial Automation, Restaurants, Robotics"
RunSybil,San Francisco,California,Seed,"Mar 18, 2026",,Active,www.runsybil.com,"RunSybil is an AI-driven offensive security platform that continuously evaluates applications and infrastructure for vulnerabilities. Leveraging cutting-edge AI techniques, it autonomously identifies and exploits real-world security flaws through sophisticated penetration testing. By automating hacker-like intuition, RunSybil delivers proactive defense capabilities, empowering organizations to strengthen the security of modern applications.",11-50,,Ariel Herbert-Voss,"Privacy and Security, Science and Engineering, Software, Artificial Intelligence (AI), Cyber Security, Network Security, Security"
LiveFlow,New York,New York,Series A,"Sep 24, 2024",$1M to $10M,Active,www.liveflow.com,"Meet your finance team's new superpower: LiveFlow eliminates the endless hours of manual financial reporting that keep CFOs and their teams stuck instead of driving strategic value. By automating your month-end close process from days to minutes, LiveFlow acts like your highest-performing analyst who works 24/7 with perfect accuracy. Not only does this free your team from the monthly close chaos, but it also means you can finally focus on what you actually became a CFO for – delivering insights that move your business forward.",51-100,help@liveflow.io,Anita Koimur,"Professional Services, Science and Engineering, Software, Accounting, Artificial Intelligence (AI), Enterprise Resource Planning (ERP), Financial Services, FinTech"
Numa,Oakland,California,Series B,"Oct 1, 2024",$1M to $10M,Active,numa.com,"Numa is an AI-powered communication platform for automotive dealerships that turns missed calls into ROs and helps your team delight customers with fast responses, resulting in higher CSI and more dollars per RO. The company's  platform helps turn missed calls into revenue opportunities (ROs), ensuring that dealerships never miss a potential customer interaction.",11-50,,Andy Ruff,"Internet Services, Sales and Marketing, Science and Engineering, Artificial Intelligence (AI), Information Technology, Internet, Sales Automation, Software"
Generalist AI,San Mateo,California,Seed,"Mar 20, 2025",,Active,generalistai.com/,Generalist AI is a robotics firm formed by a senior researcher who left Google to investigate robotics and artificial intelligence (AI) at Google Deepmind.,11-50,info@generalistai.com,Andy Zeng,Robotics
Chaos Labs,New York,New York,Series A,"Aug 15, 2024",,Active,chaoslabs.xyz,"Chaos Labs builds financial AI products that power safer, more accessible markets. Its risk management systems, vaults, oracles, and AI platform secure hundreds of billions in value across leading protocols. Since its founding in 2021, Chaos Labs has set the industry standard for onchain risk management.",11-50,omer@chaoslabs.xyz,Omer Goldberg,"Other, Professional Services, Science and Engineering, Artificial Intelligence (AI), Blockchain, Risk Management, Software, Web Development"
The Interaction Company of California,Palo Alto,California,Seed,"Apr 8, 2026",,Active,interaction.co,"Poke is an artificial intelligence assistant that functions as a single iMessage thread that links to files, calendars, and emails before acting.",1-10,crunchbase@interaction.co,Felix Schlegel,"Software, Artificial Intelligence (AI), Web Development"
Phonely,San Francisco,California,Series A,"Apr 15, 2026",,Active,www.phonely.ai,"Phonely provides an AI-powered voice platform that automates phone interactions for businesses through virtual agents. The system handles inbound and outbound calls, enabling tasks such as customer support, appointment scheduling, and lead qualification. It uses speech recognition and natural language processing to understand and respond to callers in real time. Phonely integrates with business tools and databases to retrieve and update information during conversations. The platform also includes analytics and call monitoring features to help teams review interactions and manage communication workflows.",1-10,hello@phonely.ai,Nisal Ranasinghe,"Science and Engineering, Software, Artificial Intelligence (AI), Information and Communications Technology (ICT)"
Orion,Denver,Colorado,Seed,"Nov 19, 2025",$1M to $10M,Active,www.oriongeo.com,Orion is an AI threat intelligence and response platform that learns what matters and evolves for risk and resilience teams. Orion creates global risk scores down to a half mile level that scans for anomalies in realtime for command and control.,1-10,admin@oriongeo.com,Px Hx,"Navigation and Mapping, Professional Services, Science and Engineering, Artificial Intelligence (AI), Geospatial, Government, Machine Learning, National Security"
Zania,Palo Alto,California,Series A,"Sep 30, 2025",,Active,zania.ai,"Zania is an agentic AI platform for enterprise GRC. It helps security, risk, and compliance teams execute critical workflows with greater speed, consistency, and accuracy. Zania's AI agents autonomously run complex workflows across third-party risk, internal risk, and compliance, with full explainability. The platform supports risk assessments, controls testing, evidence collection, security questionnaires, and gap analyses across frameworks like SOC 2, ISO 27001, HIPAA, ISO 42001, PCI DSS, GDPR, and more.

Trusted by Fortune 500 companies and leading audit and advisory firms, Zania is backed by $18M in Series A funding led by NEA, with participation from Anthropic and Menlo Ventures. The platform is built to help organizations scale rigor across their GRC programs without scaling manual overhead.",11-50,contact@zania.ai,Shruti Gupta,"Privacy and Security, Professional Services, Science and Engineering, Agentic AI, Artificial Intelligence (AI), Compliance, Cyber Security, Enterprise Software"
Blockworks,New York,New York,Series A,"Apr 29, 2026",$1M to $10M,Active,www.blockworks.com,Blockworks connects investors and businesses in onchain capital markets. We give businesses a platform to earn trust and provide investors with the information they need to underwrite the asset class.,51-100,jason@blockworks.co,Jason Yanowitz,"Events, Financial Services, Lending and Investments, Analytics, Banking, Cryptocurrency, Finance"
Tapcheck,Plano,Texas,Series A,"Apr 14, 2025",$1M to $10M,Active,www.tapcheck.com,"Tapcheck is a precision earned wage access platform on the market, enabling employees access to their wages on demand at no cost to the employer.

Tens of thousands of employers have added Tapcheck to their benefits package, and have found that offering on-demand pay significantly increases employee satisfaction, reduces turnover, and is something that distinguishes them from competitors. 

Employees with on-demand pay and financial wellness tools are more likely to stay with a company that empowers their financial freedom.",101-250,support@tapcheck.com,Kayling Gaver,"Mobile, Payments, Software, Employee Benefits, Financial Services, FinTech, Mobile Payments"
Insight Health,Austin,Texas,Series A,"Apr 3, 2026",$1M to $10M,Active,www.insighthealth.ai/,"Insight Health provides an AI-driven platform for healthcare that automates common clinical tasks using various specialized AI agents. The platform features AI agents for patient pre-visit intake and follow-ups, AI-based referral processing, phone triage, appointment scheduling, chart preparation, and clinical documentation capture. This enables healthcare providers to reduce their administrative workload and focus more on direct patient care.",11-50,hello@insighthealth.ai,Eric Stecker,"Science and Engineering, Software, Artificial Intelligence (AI), Health Care"
AirOps,San Francisco,California,Series B,"Nov 10, 2025",,Active,www.airops.com,"AirOps is an AI-powered content operations platform that enables businesses to build scalable LLM workflows combining multiple AI models with brand data to drive content-powered growth and revenue. Founded in 2021, the company helps marketing teams execute large-scale content strategies by integrating models like GPT-4, Claude, and Gemini with workflow automation, templates, and AI guardrails while keeping humans in the loop.",11-50,,Alex Halliday,"Science and Engineering, Software, Artificial Intelligence (AI), Business Development, Developer APIs, Developer Tools, Productivity Tools"
Asylon,Philadelphia,Pennsylvania,Series B,"Jul 22, 2025",$10M to $50M,Active,asylonrobotics.com,"Asylon Robotics develops robotic security systems that integrate drones and ground-based robotics to automate perimeter security operations. The company builds hardware and software platforms that work together to support security teams in responding to and monitoring threats in real-time. Its flagship system, the DroneCore platform, consists of drone-in-a-box technology, robotic charging stations, and cloud-based command software. These components enable continuous remote surveillance, automated patrols, and rapid incident response without requiring constant human intervention. Asylon also offers robotic dogs for ground-based inspections and integrates its systems with existing security infrastructure. The company supports applications across sectors such as logistics, defense, and critical infrastructure, aiming to enhance situational awareness and streamline security operations through automation.",51-100,info@asylonrobotics.com,Adam Mohamed,"Government and Military, Hardware, Privacy and Security, Drones, Physical Security, Public Safety, Robotics, Security"
CertifID,Austin,Texas,Series C,"Jul 15, 2025",$1M to $10M,Active,certifid.com,"CertifID is a leader in wire fraud protection. We safeguard billions of dollars every month from fraud with advanced software, insurance, and proven recovery services. Trusted by title companies, law firms, lenders, realtors, and home buyers and sellers - CertifID provides further peace of mind with up to $1M in direct insurance coverage on every wire it protects.

CertifID software uses the latest digital device verification, and multi-factor and knowledge-based authentication technologies, to analyze more than 150 markers of fraud in a matter of minutes.

During the closing process, CertifID customers can store wiring instructions with a few clicks and securely share with home buyer and seller clients in seconds.

For mortgage payoffs, CertifID replaces a historically long callback process with machine-learning software that validates more than 5,000+ mortgage servicers, including hard to validate lenders like Mr. Cooper. And we offer verification support from our team if the software can’t automatically validate the payoff. (Even these cases are usually resolved within less than 1-2 business days.)

CertifID also provides recovery services to businesses and consumers hit with fraud, even if you aren’t yet using our software. We’ve partnered with federal law enforcement to recover $52M+ for fraud victims in the past two years, at a recovery rate 2x industry average.",51-100,info@certifid.com,Thomas Cronkright II,"Privacy and Security, Software, B2B, Cyber Security, FinTech, SaaS"
Joyful Health,New York,New York,Series A,"Apr 16, 2026",,Active,www.joyfulhealth.com/,"Joyful Health provides revenue intelligence software and services for healthcare practices and related organizations. The platform unifies claims, remittances, contracts, appointments, and payments into a single financial command center. It ingests data from EHR systems, eligibility checks, ERAs, payer contracts, and bank accounts to surface missing revenue and denial issues. The company also offers managed services to handle ongoing denials, unpaid claims, historical and aged accounts receivable, and upcoming EOB reconciliation. Joyful Health serves healthcare practitioners, billing companies, digital health organizations, and practice management groups that want clearer visibility into financial performance and recovered revenue.",11-50,support@joyfulhealth.io,,"Health Care, Information Technology, Payments, Artificial Intelligence (AI), Billing, Data Integration, Enterprise Software, Financial Services"
Trust & Will,San Diego,California,Series C,"Apr 22, 2025",$10M to $50M,Active,www.trustandwill.com,"Trust & Will is an online service that provides legal forms and information for estate planning, including wills and trusts. It aims to simplify the estate planning process for families. The company offers a digital estate planning platform that assists financial advisors, lawyers, real estate experts, member organizations, nonprofits, and businesses in helping families safeguard their legacies with attorney-approved, legally binding documents customized to meet specific state laws. This online platform streamlines the estate planning and settlement processes, empowering individuals to create wills and trusts, while also collaborating with financial advisors, attorneys, and institutions to enhance the accessibility and affordability of legacy planning.",51-100,support@trustandwill.com,Brian Lamb,"Software, Information Services, Legal, Wealth Management"
Weave,San Francisco,California,Series A,"Oct 16, 2025",,Active,www.weave.bio,"Weave Bio is an AI-native, cloud-based, software company redesigning regulatory workflows and transforming how novel therapies navigate the complex path from lab to market. The Weave Platform is an end-to-end solution that streamlines regulatory content preparation and lifecycle management for pharmaceutical companies, biotech firms, CROs, and regulatory consultants. Weave infuses AI into every step of the workflow, from data extraction to authoring to review and data verification, to yield compliant, submission-ready regulatory dossiers with unprecedented speed.

The Weave Platform has been widely adopted for preclinical IND preparation and earned industry recognition as the ""Biotech AI Innovation of the Year"" award winner. Weave Bio has since expanded platform capabilities across the platform to encompass clinical and approval-stage submissions, delivering a comprehensive AI workbench that accelerates regulatory timelines by more than 50% while improving review quality and ensuring compliance with FDA, EMA, and global regulatory standards.

Founded in 2022 and headquartered in San Francisco, Weave bridges life sciences, regulatory expertise, AI innovation, and enterprise software to solve critical bottlenecks in drug development.",11-50,,Ari Caroline,"Science and Engineering, Software, Artificial Intelligence (AI), Biotechnology, Life Science"
Kovr.ai,Reston,Virginia,Seed,"May 14, 2025",,Active,kovr.ai/,"Kovr.ai reinvents cyber compliance automation with the only AI-native platform designed for cloud and hybrid systems to meet the demands of organizations in highly regulated industries. Unlike expensive consultants and brittle tools retrofitted from lightweight security standards, Kovr.ai uses real-time, code-driven intelligence to automate the most complex frameworks like FedRAMP and CMMC. As compliance and security risks grow, Kovr.ai is the force multiplier that empowers organizations to easily navigate change and be ATO ready in as little as 15 minutes. To learn more about Kovr.ai, visit https://www.kovr.ai/.",11-50,info@kovr.ai,Sri Iyer,"Privacy and Security, Professional Services, Science and Engineering, Artificial Intelligence (AI), Compliance, Cyber Security, Information Technology, Software"
Traversal,New York,New York,Seed,"Mar 4, 2026",,Active,traversal.cv/,,11-50,,Ahmed Lone,"Software, Artificial Intelligence (AI), Developer Tools, Software Engineering"
Promptfoo,San Francisco,California,Series A,"Jul 29, 2025",,Active,www.promptfoo.dev,"Promptfoo enables developers to run automated tests that simulate user interactions and potential attack scenarios such as prompt injection, jailbreak attempts, data leakage, and misuse of integrated tools. Promptfoo integrates with development workflows through command line interfaces, configuration files, and connections to version control and continuous integration pipelines. Its system evaluates prompts, models, and agent behaviors against defined test cases to identify vulnerabilities and performance issues during development. The software also provides reporting and remediation guidance that helps teams address findings and monitor AI application behavior across deployment environments.",11-50,support@promptfoo.dev,Ian Webster,"Science and Engineering, Software, Artificial Intelligence (AI), Information Technology, Open Source"
Canoe,New York,New York,Series C,"Jul 9, 2024",Less than $1M,Active,canoeintelligence.com,"Canoe focuses on automating document management and data extraction for allocators and investors into alternatives.

The company is transforming the post-investment operational, monitoring, and reporting experience for all involved. By combining industry expertise with sophisticated machine-learning and data capture technologies, it turns PDF reporting documents into actionable data and intelligence, unlocking new operational efficiencies for clients.

Canoe was founded in 2013 and based in New York, New York.",101-250,info@canoeintelligence.com,Wei Wang,"Science and Engineering, Software, Analytics, Artificial Intelligence (AI), Big Data, Business Intelligence, Data Management"
Eve,San Francisco,California,Series B,"Sep 30, 2025",,Active,www.eve.legal,"Eve is a legal AI platform designed to assist law firms throughout the entire case lifecycle, from intake to litigation. The platform automates tasks such as case evaluation, document drafting, and discovery responses, enabling lawyers to focus on delivering better results for clients. By streamlining processes and enhancing efficiency, Eve empowers firms to manage complex cases effectively and grow without the typical challenges associated with scaling.",101-250,,David Zeng,"Science and Engineering, Software, Artificial Intelligence (AI), Legal, Legal Tech"
Laminar,Cambridge,Massachusetts,Series A,"Jul 16, 2025",$1M to $10M,Active,runlaminar.com,"Laminar is a science-led technology company that uses proprietary spectral sensing and AI/ML to automate CPG manufacturing, reducing downtime, cleaning cycles, and product loss while improving sustainability, efficiency, and scalability.",11-50,hello@runlaminar.com,Annie Lu,"Food and Beverage, Hardware, Manufacturing, Artificial Intelligence (AI), Consumer Goods, Industrial Automation"
Eudia,Palo Alto,California,Series A,"Feb 13, 2025",$10M to $50M,Active,www.eudia.com,"Eudia offers an augmented intelligence platform designed to enhance the efficiency of legal teams. The platform integrates artificial intelligence tools that streamline legal processes, enabling teams to transition from traditional bottlenecks to more productive business drivers. Eudia provides features such as document analysis, contract review, and workflow automation, which assist legal professionals in managing their workload effectively. By leveraging AI technology, Eudia supports legal teams in making informed decisions and improving overall operational efficiency.",51-100,privacy@eudia.com,Ashish Agrawal,"Professional Services, Science and Engineering, Software, Artificial Intelligence (AI), Information Technology, Legal Tech, PaaS"
Cartesia,San Francisco,California,Series A,"Mar 11, 2025",,Active,www.cartesia.ai,"Cartesia provides real-time multimodal intelligence for all devices. Its objective is to develop the next generation of AI: pervasive, interactive intelligence that operates everywhere.",51-100,support@cartesia.ai,Albert Gu,"Science and Engineering, Software, Artificial Intelligence (AI), Real Time"
Kernel,San Francisco,California,Series A,"Oct 9, 2025",,Active,www.onkernel.com,,1-10,support@onkernel.com,Catherine Jue,"Science and Engineering, Software, Artificial Intelligence (AI), Developer APIs, Developer Platform, Information Technology, SaaS"
Modus,Philadelphia,Pennsylvania,Series A,"Apr 7, 2026",,Active,www.modusalliance.com,"Modus Audit is a technology-driven platform revolutionizing the industry by developing AI-powered tools and acquiring CPA firms to deliver audits in a fraction of the traditional time. By integrating intelligent workflows with specialized IT and security services, the company empowers accounting firms to achieve unprecedented efficiency and security.",11-50,,Arush Jain,"Professional Services, Science and Engineering, Software, Accounting, Artificial Intelligence (AI), Financial Services, FinTech"
Loti,Seattle,Washington,Series A,"Apr 15, 2025",,Active,www.lotiai.com,"Loti AI protects major celebrities, public figures, and corporate IP from online threats, specializing in deepfake and impersonation detection. Founded in 2022, the company offers likeness protection, content location and removal, and contract enforcement across the public internet, including social media platforms and adult sites.

Loti AI aims to shape a future where individuals maintain effortless control over their digital presence. The platform enhances human uniqueness by enabling users to determine what they share or keep private. The company promotes a vision of personal autonomy in balance with technological advancement, supporting creativity and societal benefit.",11-50,press@goloti.com,Hirak Chhatbar,"Science and Engineering, Software, Artificial Intelligence (AI), Facial Recognition, Machine Learning, Public Safety"
Kick,Palo Alto,California,Seed,"Nov 3, 2025",$1M to $10M,Active,kick.co,Accounting software that does the work for you,11-50,support@kick.co,Conrad Wadowski,"Software, Accounting, Apps, Bookkeeping and Payroll, FinTech, SaaS"
Slide Insurance,Tampa,Florida,Series A,"May 14, 2025",$500M to $1B,Active,www.slideinsurance.com,"SlideCompany is an insurance company that leverages cutting-edge technology, artificial intelligence, and a large dataset to provide homeowners with personalized, flexible, and seamless home insurance coverage. The company's platform and portfolio are designed to deliver high-performance outcomes through data-driven underwriting and a focus on enhancing the customer experience.",251-500,yourslide@slideinsurance.com,Bruce Lucas,"Science and Engineering, Software, Artificial Intelligence (AI), Financial Services, Insurance, InsurTech, Property Insurance"
Yourway Learning,Miami Lakes,Florida,Series A,"Aug 19, 2025",$1M to $10M,Active,www.yourwaylearning.com,"Yourway Learning is an AI-powered platform that provides K-12 districts with a comprehensive system to manage instructional alignment and improve student outcomes. It specializes AI-powered K-12 education and empowers joyful, limitless learning through educator-first, research-backed AI solutions.",11-50,info@yourwaylearning.com,Jaime Pales,"Science and Engineering, Software, Artificial Intelligence (AI), EdTech, Education, E-Learning"
Auditoria.AI,Santa Clara,California,Series B,"Feb 24, 2025",$10M to $50M,Active,www.auditoria.ai,"Auditoria is improving compliance using leading-edge artificial intelligence and machine learning technology. It is a provider of ai-driven automation solutions for finance teams, Engineering Capital and Firebolt Ventures. Its flagship offering, leverages natural language processing, artificial intelligence, and machine learning to remove friction and repetition, automate finance back office business processes, and deliver cutting-edge real-time predictive analytics to enterprise finance and accounting teams.",51-100,info@auditoria.ai,Adina Simu,"Science and Engineering, Software, Artificial Intelligence (AI), Finance, FinTech, Machine Learning, SaaS"
Chai Discovery,San Francisco,California,Series B,"Dec 15, 2025",,Active,www.chaidiscovery.com,"Chai Discovery develops artificial intelligence models that predict and reprogram biochemical molecule interactions to support drug discovery and molecular design. The company offers AI-driven platforms, including foundation models for molecular structure prediction and antibody design, that allow researchers and organizations to generate and assess novel molecules based on target inputs rather than extensive empirical screening. Its technology is applied to design antibodies and other molecular candidates with desired properties to help accelerate research and therapeutic development workflows. Chai Discovery partners with scientific and pharmaceutical teams to integrate its AI tools into discovery pipelines and expand access to computational design capabilities.",11-50,,Jack Dent,"Health Care, Science and Engineering, Software, Artificial Intelligence (AI), Foundational AI, Life Science"
Opus Genetics,Raleigh,North Carolina,Seed,"Jun 23, 2025",$1M to $10M,Active,opusgtx.com,"Opus Genetics is a clinical-stage ophthalmic biopharmaceutical company developing gene therapies for the treatment of inherited retinal diseases (IRDs) and small molecule therapies for other ophthalmic disorders. The company's pipeline includes gene therapies based on adeno-associated virus (AAV) aimed at treating inherited retinal conditions such as Leber congenital amaurosis (LCA), bestrophinopathy, and retinitis pigmentosa. Its leading candidate, OPGx-LCA5, is currently in a Phase 1/2 trial for mutations related to LCA5 and has displayed promising early outcomes. Other initiatives encompass OPGx-BEST1, a gene therapy targeting BEST1-related retinal degeneration, as well as a small molecule therapy for diabetic retinopathy that is ready for Phase 3, which has been developed under a Special Protocol Assessment with the FDA.",11-50,,Jason Menzo,"Biopharma, Genetics, Health Care, Health Diagnostics, Therapeutics"
Respan,San Francisco,California,Seed,"Mar 18, 2026",,Active,respan.ai,"Respan delivers an automated evaluation agent that empowers teams to define success through metric-driven workflows, assess production agent performance, and initiate actions like prompt refinements, regression testing, and performance alerts in response to changes. The platform connects observability, evaluation, decision-making, and iteration within a single system. It is designed to analyze agent behavior, account for non-deterministic outputs, and adapt as agents evolve.",11-50,hello@respan.ai,Andy Li,"Science and Engineering, Software, Artificial Intelligence (AI), B2B, Developer Tools, SaaS"
Alinea,New York,New York,Series A,"Feb 4, 2026",$10M to $50M,Active,alinea-invest.com,"Alinea is a mobile investing platform that enables users to invest in stocks and exchange-traded funds. The platform allows users to create curated playlists of investments, offering a structured way to diversify portfolios based on interests and themes. Alinea provides tools to automate investing through recurring contributions and supports users in making financial decisions by presenting relevant insights. The platform also includes a social component, where users can view and share investment strategies with peers. Alinea targets individuals seeking a simplified approach to personal finance and investing. The app is designed for those looking to start investing without requiring advanced financial knowledge. Alinea operates as a self-directed investment service with an emphasis on thematic and goal-based investing.",11-50,info@alinea-invest.com,Anam Lakhani,"Finance, Financial Services, FinTech, Impact Investing"
Monk,New York,New York,Series A,"Apr 21, 2026",,Active,monk.com/,"Monk is an accounts receivable automation platform designed to help modern finance teams streamline invoice follow-ups and improve collections efficiency. As businesses scale, managing receivables manually becomes time-consuming and inconsistent, often leading to delayed payments and unpredictable cash flow. Monk addresses this challenge by automating the entire collections workflow, allowing companies to stay on top of outstanding invoices without increasing operational overhead.

The platform enables finance teams to create structured follow-up sequences, ensuring that every customer receives timely and consistent communication. Instead of relying on manual reminders or scattered spreadsheets, Monk centralizes all collections activities into a single system. This improves visibility into receivables, reduces missed follow-ups, and helps teams take action proactively.

Monk also focuses on improving the quality of customer communication. By enabling personalized and well-timed outreach, businesses can maintain strong relationships while still ensuring payments are collected efficiently. This balance between automation and thoughtful communication helps reduce friction in the collections process.

With integrations across accounting systems and payment platforms, Monk fits seamlessly into existing finance workflows. It allows businesses to connect their invoicing data, track payment status in real time, and optimize their collections strategy based on performance insights.

Ultimately, Monk helps companies accelerate cash flow, reduce manual effort, and build a more predictable financial operation. It is particularly valuable for growing businesses that need to scale their finance processes without adding headcount.",51-100,george@monk.com,,"Financial Services, FinTech"
Haiqu,Stanford,California,Seed,"Apr 1, 2026",$1M to $10M,Active,www.haiqu.ai,"Haiqu Inc. is a quantum computing software firm focusing on the development of enabling technology to improve the performance of modern quantum hardware. Their software addresses the adoption obstacles that prevent scalable quantum applications from being realized, allowing for a broader variety of practical use cases in finance, life sciences, mobility, and other fields.",1-10,,,"Science and Engineering, Software, Artificial Intelligence (AI), Hardware"
Campus,New York,New York,Series B,"Mar 20, 2025",,Active,campus.edu,Campus is an accredited online two-year college that provides online learning services. It provides an online educational platform that prioritizes student success by offering live online and in-person associate degrees and certificate programs to help students have the facility of community college accessible across the country.,251-500,hello@campus.edu,,"EdTech, Education, Higher Education"
WellTheory,San Francisco,California,Series A,"Oct 14, 2025",$1M to $10M,Active,www.welltheory.com,"WellTheory provides a virtual care platform focused on autoimmune and inflammatory health. It delivers personalized nutrition, lifestyle, and root-cause assessments, then matches each member with a multidisciplinary Care Team including dietitians, health coaches, and support coordinators. The company supports users through live coaching sessions, unlimited messaging, educational content, community connection, and advanced testing as needed. For employer and payer customers, it offers an enterprise solution that integrates with existing benefit systems, handles implementation, communications, and reporting, and aims to reduce autoimmune-related medical spend.",11-50,info@welltheory.com,Claire Rudolph,"Health Care, Medical, Personal Health, Wellness"
Zero RFI,Atlanta,Georgia,Seed,"Mar 16, 2026",,Active,www.zero-rfi.com/,Zero RFI is an AI-native platform company purpose-built to modernize the construction industry at scale.,11-50,,KP Reddy,"Real Estate, Science and Engineering, Software, Artificial Intelligence (AI), Construction, Industrial"
Sparrow,San Francisco,California,Series B,"Jul 29, 2025",$50M to $100M,Active,trysparrow.com,"Sparrow is an end-to-end leave management solution for employers. Sparrow's approach automates employee leave management. Their software automates notifications and communication, integrating everything into one streamlined portal for both employees and HR ensuring that each user has access to the information they need when they need it.",101-250,hi@trysparrow.com,Deborah Hanus,"Employee Benefits, Human Resources, Productivity Tools, SaaS, Software"
Highlight,Irvine,California,Series A,"Mar 24, 2026",,Active,highlightai.com,"Highlight captures meeting content, screen context, and communication data to generate summaries, action items, and searchable insights. The platform supports meeting preparation, transcription, and contextual note-taking without requiring separate bots across tools. It enables users to query past interactions and documents to plan tasks and retrieve relevant information quickly. Highlight also offers daily briefs and aggregated activity summaries to help users track work and prioritize tasks. Its infrastructure includes encryption, controlled data handling, and system-level integration to support secure and continuous workflow assistance.",11-50,support@highlightai.com,Joshua Lipson,"Science and Engineering, Software, Artificial Intelligence (AI), Assistive Technology, Virtual Assistant"
Lead,Kansas City,Missouri,Series B,"Sep 4, 2025",$50M to $100M,Active,www.lead.bank,"Lead is a bank that provides financial services for individuals and businesses. It also operates a Banking-as-a-Service platform that helps fintech companies build their own banking products. The platform offers solutions including lending, transfers, cards, and accounts for partners.",251-500,,Erica Khalili,"Payments, Software, Banking, Cryptocurrency, Finance, Financial Services, FinTech"
Propel,Brooklyn,New York,Series B,"Aug 28, 2024",$100M to $500M,Active,www.propel.app/,"Propel builds software dedicated to helping low-income Americans improve their financial health. Its core product, Providers, is a free app that allows EBT cardholders to manage their benefits and money, save on essentials, and earn cash. Their core product, Providers, is a free app that assists users in managing government benefits like SNAP and rental assistance.",101-250,help@propel.app,Jeff Kaiser,"Apps, Finance, Financial Services, FinTech"
Blockstream,Menlo Park,California,Series B,"Oct 15, 2024",,Active,blockstream.com,"Blockstream is a blockchain technology supplier that has remained at the forefront of cryptography and distributed system research. Their products and services form the foundation for the financial infrastructure of the future. Blockstream offers a range of key products and services designed to enhance Bitcoin and blockchain functionality. Notable offerings include Blockstream Satellite, which broadcasts the Bitcoin blockchain via satellite for users without internet access, and the Liquid Network, a sidechain solution that enables faster and more confidential transactions. Their Green Wallet is a non-custodial Bitcoin wallet focused on security and user control. Additionally, Blockstream provides blockchain APIs for developers to integrate blockchain functionalities into their applications, along with solutions for efficient Bitcoin mining operations. They also focus on cryptographic proofs to enhance privacy and security in transactions. Together, these products aim to improve the usability and capabilities of Bitcoin and blockchain technologies.",101-250,inquiries@blockstream.com,Adam Back,"Payments, Software, Matt Corallo, Bitcoin, Blockchain, Cryptocurrency, Finance, Financial Services"
Bria,New York,New York,Series B,"Sep 17, 2025",$1M to $10M,Active,bria.ai,"Bria is a platform that provides image generation and editing tools for business use. The platform allows companies to train visual models using their own assets. Image creation can be controlled through set parameters such as objects, layout, color, and lighting. Editing tools support background removal, object changes, and visual updates. Integration is available through APIs, plugins, and software tools used in design workflows. The platform supports use cases such as product images, ads, and media content creation. Licensed data use and attribution tools support content governance and rights management.",51-100,info@bria.ai,Assa Eldar,"Hardware, Information Technology, Science and Engineering, Artificial Intelligence (AI), Computer, Software"
CrossBridge Bio,Houston,Texas,Seed,"Nov 20, 2025",$1M to $10M,Active,crossbridgebio.com/,"CrossBridge Bio operates as a biotechnology company, innovates ADC therapeutics through stable dual linker payload technology.",1-10,info@crossbridgebio.com,Michael Torres,"Biotechnology, Life Science, Therapeutics"
Yellow Card,Birmingham,Alabama,Series C,"Oct 16, 2024",$1M to $10M,Active,yellowcard.io,"Yellow Card is the largest and first licensed Stablecoin on/off ramp on the African continent, providing individuals and businesses of all sizes across 20 countries with secure and cost-effective methods to buy and sell USDT, USDC, and PYUSD via their local currency, directly and through its payments API. Yellow Card has facilitated over US$3 billion in transactions across Africa,",101-250,hello@yellowcard.io,Chris Maurice,"Payments, Software, Bitcoin, Cryptocurrency, FinTech, Trading Platform, Virtual Currency"
Elorian,Palo Alto,California,Seed,"Apr 9, 2026",,Active,elorian.ai,Elorian specializes in creating AI models that can handle a variety of data kinds simultaneously.,11-50,contact@elorian.ai,,Generative AI
Autodesk,San Francisco,California,Seed,"May 8, 2025",$1B to $10B,Active,www.autodesk.com,"Autodesk develops 3D design software for use in the architecture, engineering, construction, and media industries.

It offers AutoCAD software, a computer-aided design application for professional design, drafting, detailing, and visualization; AutoCAD LT, a professional drafting and detailing software; Autodesk Building Design Suites to manage various phases of design and construction; Autodesk Revit products that provide model-based design and documentation systems; Autodesk Infrastructure Design Suites; AutoCAD Civil 3D products for surveying, designing, analysis, and documentation; AutoCAD Map 3D software, which offers direct access to data needed for infrastructure planning, design, and management; Autodesk Product Design Suites for digital prototyping; Autodesk Inventor that allows manufacturers to go beyond 3D design to digital prototyping; AutoCAD Mechanical software to accelerate the mechanical design process; and Autodesk Moldflow family of injection molding simulation software; Autodesk Maya and Autodesk 3ds Max software products for 3D modeling, animation, effects, rendering, and compositing solutions as well as Autodesk Flame, Autodesk Smoke, and Autodesk Lustre software applications that offer editing, finishing, and visual effects design and color grading solutions.

Autodesk, Inc. was founded in 1982 and is headquartered in San Rafael, California.",10001+,india.info@designerscommunity.org,John Walker,"Real Estate, Science and Engineering, Software, 3D Technology, Architecture, Information Technology, Manufacturing, Software Engineering"
Gilgamesh Pharmaceuticals,New York,New York,Series A,"Mar 24, 2026",,Active,www.gilgameshpharmaceutical.com,"Gilgamesh Pharmaceuticals focuses on developing therapeutics that target neuropsychiatric and central nervous system conditions using small molecules derived from research on psychedelic compounds. The company designs and tests compounds that aim to modulate brain pathways involved in mental health disorders while reducing hallucinogenic effects. Its pipeline includes drug candidates intended for conditions such as depression, anxiety, and substance use disorders. Gilgamesh Pharmaceuticals conducts preclinical and clinical studies to evaluate the safety, dosing, and efficacy of its compounds. The company integrates medicinal chemistry, neuroscience, and clinical research to support drug development and regulatory progression.",11-50,Investors@GilgameshPharmaceutical.com,Andrew Kruegel,"Biotechnology, Health Care, Medical, Mental Health, Pharmaceutical"
Fundamental,San Francisco,California,Series A,"Feb 5, 2026",,Active,fundamental.tech,Fundamental is an AI research company that focuses on overcoming the fundamental challenges of machine learning in large-scale tabular systems.,51-100,,Gabriel Suissa,"Software, Artificial Intelligence (AI), Foundational AI"
Air,New York,New York,Series B,"Jan 9, 2025",$100M to $500M,Active,air.inc,"Air gives your team's work a memory. Every asset, version, and approval is tracked in one place, and that context powers everything that happens next: finding what's approved in seconds, adapting it for any channel, and scaling it everywhere without breaking brand. Air connects the creative team that makes the work to the marketing team that multiplies it, with a shared system of record keeping everyone aligned.",51-100,hello@air.inc,Shane Hegde,"Software, Cloud Storage, Collaboration, Content, Digital Media, Productivity Tools"
Mastra,San Francisco,California,Series A,"Apr 9, 2026",,Active,mastra.ai/,,11-50,,Abhi Aiyer,"Software, Artificial Intelligence (AI), Developer Tools, Open Source"
Sundial,Palo Alto,California,Series A,"Jul 8, 2025",$1M to $10M,Active,sundial.so,"Sundial offers an AI-powered analytics platform that unifies dashboards, analytics, and notebooks for business insights. It connects to various data stacks, transforms raw data, and uses AI for fast, focused analysis. The platform aims to help companies make data-informed decisions by providing a canonical source of truth and deep analyses.",11-50,,Chandra Narayanan,"Science and Engineering, Software, Analytics, Artificial Intelligence (AI), Business Information Systems, Information Technology"
Ironlight,Austin,Texas,Series A,"Mar 16, 2026",,Active,ironlight.io,"Ironlight bridges traditional finance and decentralized finance (DeFi) by offering institutional-grade tokenization, liquidity, and access through various financial entities. The company was established to update fundamental market systems in a manner that institutions can embrace. Ironlight's ecosystem facilitates tokenized securities in areas like private equity, structured products, fixed income, private credit, and real estate. By merging conventional market structures with blockchain-based, atomic settlement, the platform streamlines post-trade processes for institutions and wealth advisors.",11-50,,Jake Moilanen,"Asset Management, Blockchain, Finance, Financial Services"
Koda Health,Houston,Texas,Series A,"Oct 2, 2025",$1M to $10M,Active,kodahealthcare.com,"Koda Health offers digital health tools and services focused on advance care planning and kidney care. The company provides a platform that guides patients through defining and documenting their medical care preferences for serious illness, and supports coordination for those with chronic kidney disease. It integrates with electronic medical records (EMRs) using standards like HL7 FHIR to share patient directives securely. Koda Health also uses risk models to identify patients with complex health needs and connects them to patient advocate support. The company emphasizes user-friendly interfaces, video explainers, and interactive value identification to help individuals understand treatment options and communicate their wishes.",11-50,tatiana@kodahealthcare.com,Desh Mohan,"Electronic Health Record (EHR), Health Care, Software, Wellness"
Auger,Bellevue,Washington,Series A,"Oct 8, 2024",,Active,auger.com/,"Auger develops an AI-powered tool that integrates with existing inventory management systems to provide real-time insights for supply chain-dependent businesses. Auger integrates data from multiple sources, using advanced AI and machine learning to generate real-time automated, dynamic insights. The platform provides a unified view across planning, forecasting, and financing, allowing teams to move beyond manual tasks and concentrate on driving innovation.",51-100,,Dave Clark,"Software, Transportation, Artificial Intelligence (AI), Logistics, Machine Learning, Supply Chain Management"
StackHawk,Denver,Colorado,Series B,"May 22, 2025",$1M to $10M,Active,www.stackhawk.com,"StackHawk provides a dynamic application security testing (DAST) platform designed to integrate security testing into the software development lifecycle. Its tools enable developers to identify and address security vulnerabilities in APIs and web applications before deployment. The platform supports various API types, including REST, GraphQL, SOAP, and gRPC, and integrates with development tools such as GitHub, GitLab, Azure Repos, and Bitbucket. StackHawk's API Discovery feature leverages AI to automatically identify APIs and microservices, offering real-time visibility into potential security risks. By incorporating security testing into continuous integration and continuous delivery (CI/CD) workflows, StackHawk facilitates early detection and remediation of vulnerabilities, aligning with modern DevOps practices. The platform also provides detailed vulnerability insights, including request/response evidence and mitigation documentation, to assist development teams in prioritizing and resolving security issues efficiently.",11-50,info@stackhawk.com,Joni Klippert,"Developer APIs, Developer Tools, DevOps, SaaS, Security"
Parafin,San Francisco,California,Series C,"Dec 17, 2024",$1M to $10M,Active,www.parafin.com,"Parafin is a financial infrastructure company that provides platforms with embedded financial products for their small businesses by abstracting the complexity of capital markets, underwriting, servicing, compliance, and customer support. Small businesses can run and grow themselves despite uncertain economic conditions by powering the financial services of marketplaces and payment processors. In less than three years, Parafin has launched on Amazon, Walmart, DoorDash, TikTok, and more platforms to serve hundreds of thousands of businesses and extended over $8 billion in offers.",51-100,info@parafin.com,Ralph Furman,"Finance, Financial Services, FinTech, Small and Medium Businesses"
Supio,Seattle,Washington,Series B,"Apr 30, 2025",,Active,www.supio.com/,Supio is a dependable and precise AI that assists attorneys in obtaining the vital information they require to secure greater settlements for their customers.An engaging AI chatbot to help clients receive the care they require by identifying undiagnosed or untreated symptoms.,11-50,support@supio.com.,Jerry Zhou,"Science and Engineering, Software, Artificial Intelligence (AI), Marketing, Software Engineering"
Gravity,San Francisco,California,Series A,"Jan 21, 2025",$10M to $50M,Active,www.gravityclimate.com,"Gravity Climate provides a software platform designed for carbon management, specifically tailored for industrial businesses and their supply chain partners. The platform helps companies measure, manage, and reduce their carbon emissions, facilitating a clear and actionable climate strategy. Gravity Climate's tools support decarbonization efforts by streamlining carbon accounting processes and offering insights to advance industrial sustainability goals.",11-50,sales@gravityclimate.com,Saleh ElHattab,"Apps, Mobile Apps, Software"
GetWhys,Boise,Idaho,Seed,"Apr 16, 2026",,Active,getwhys.io,"GetWhys is an AI-first customer insights platform built to transform how businesses understand their customers. It assembles a multi-source intelligence framework—including proprietary interview data, internal organizational data, and publicly available information—to deliver deep, actionable insights in real time.",51-100,hello@getwhys.io,Philippe Boutros,"Internet Services, Science and Engineering, Software, Artificial Intelligence (AI), Information Technology, Internet"
Gridline,Atlanta,Georgia,Series A,"Jan 27, 2026",$1M to $10M,Active,gridline.co,"Gridline is a digital wealth platform that revolutionizes private market investing by providing individual investors with access to top-performing alternative asset managers, enabling them to build diversified portfolios in a matter of minutes through a fully digital experience.",11-50,,Logan Henderson,"Information Technology, Science and Engineering, Software, Artificial Intelligence (AI), Financial Services, FinTech"
Savant Labs,San Mateo,California,Series A,"Jan 30, 2025",$10M to $50M,Active,savantlabs.io,"Savant Labs provides an intuitive analytics automation platform that empowers users to perform data analysis with no-code and low-code tools. The platform integrates modern data sources and SaaS applications, enabling rapid insights through visual workflows and generative AI.",51-100,contact@savantlabs.io,Barry Burns,"Software, Analytics, Artificial Intelligence (AI), SaaS"
Tavus,San Francisco,California,Series B,"Nov 12, 2025",$1M to $10M,Active,www.tavus.io,"Tavus offers a suite of products and services that enable developers and businesses to embed human-like artificial intelligence into video, voice, and text experiences. It offers real-time APIs and video generation tools that allow users to create digital avatars capable of seeing, hearing, speaking, and acting in conversational settings. Tavus’s platform supports proactive and adaptive AI agents that integrate with workflows across email, calendar, documents, and more, while its foundational models deliver perception, emotion, and rendering capabilities. The company serves both standalone developer use cases and enterprise deployments, allowing the embedding of white-label, multimodal conversational experiences at scale.",51-100,hello@tavus.io,Hassaan Raza,"Science and Engineering, Software, Video, Artificial Intelligence (AI), Developer Platform, Generative AI"
Quantum Machines,Claymont,Delaware,Series C,"Feb 25, 2025",,Active,www.quantum-machines.co,"Quantum Machines (QM) is a leading provider of quantum control solutions, driving the advancement of quantum computing with its Hybrid Control approach. By harmonizing quantum and classical operations, Hybrid Control eliminates friction and optimizes performance across hardware and software, enabling researchers and builders to iterate at speed, resolve setbacks, and bring visionary ideas to life. Its platform supports any type of quantum processor, empowering the industry to scale systems, accelerate breakthroughs, and push the boundaries – previously impossible.",101-250,info@quantum-machines.co,Itamar Sivan,"Quantum Computing, Semiconductor, Software, Software Engineering"
Forterra,Clarksburg,Maryland,Series C,"Nov 12, 2025",$50M to $100M,Active,www.forterra.com,"Forterra delivers autonomous mission systems for defense. From self-driving land systems to coordinated swarms of robotic platforms, the company builds scalable, robust, mission-critical hardware and software designed to empower customers to deploy autonomy as a force multiplier - extending reach, survivability, and effectiveness across the battlespace and industrial domains.",251-500,info@forterra.com,Alberto Lacaze,"Hardware, Information Technology, Professional Services, Artificial Intelligence (AI), Automotive, Autonomous Vehicles, Consulting, Military"
Spines,Boynton Beach,Florida,Series A,"Nov 19, 2024",$1M to $10M,Active,spines.com,"Founded by industry experts, Spines is an AI-based publishing platform offering authors a quicker and smarter 
way to publish and market their books.
Spines' platform allows authors to create POD, eBook, and audio versions of their book and distribute them on 
over 100 channels worldwide in just a few clicks. Using our platform, authors can manage their royalties, 
marketing, and order author copies.",51-100,hello@spines.com,Lev David,"Hardware, Media and Entertainment, Music and Audio, Advertising, Audiobooks, B2B, B2C, EBooks"
Strider Technologies,Salt Lake City,Utah,Series C,"Sep 12, 2024",$1M to $10M,Active,www.striderintel.com,"Strider is a strategic intelligence firm that utilizes artificial intelligence to convert publicly available data into vital insights. The company helps organizations secure and advance their technology and innovation. Strider focuses on identifying and mitigating risks associated with state-sponsored intellectual property (IP) theft, targeted talent acquisition, and supply chain vulnerabilities.",251-500,info@striderintel.com,Greg Levesque,"Software, Artificial Intelligence (AI), Big Data"
Gusto,San Francisco,California,Series A,"Jul 7, 2025",$500M to $1B,Active,www.gusto.com,"Gusto is a software-as-a-service (SaaS) company specializing in Human Capital Management (HCM). It provides a comprehensive suite of HR and payroll services, including payroll processing, benefits administration, time and attendance tracking, and employee onboarding.",1001-5000,support@gusto.com,Edward Kim,"Software, Bookkeeping and Payroll, Employee Benefits, Enterprise Software, Financial Services, FinTech"
Adaptive Security,New York,New York,Series B,"Dec 16, 2025",$10M to $50M,Active,www.adaptivesecurity.com,"Adaptive Security provides a platform focused on security awareness training and simulated AI-driven cyber attacks to help organizations strengthen human defenses against evolving threats. It offers interactive training modules on topics such as deepfakes, smishing, and AI-generated attacks, and enables organizations to tailor content with an AI content creator for role-specific learning. The platform also runs multi-channel phishing simulations using customizable AI personas and real-world intelligence to mirror actual attack patterns. Additionally, it delivers risk monitoring features that quantify individual and organizational threat exposure and supports automated risk-based remediation workflows. This suite helps security teams assess and improve employee readiness against advanced cyber threats.",101-250,info@adaptivesecurity.com,Andrew Jones,"Privacy and Security, Professional Services, Science and Engineering, Artificial Intelligence (AI), Cyber Security, Network Security, Risk Management, Security"
Ostium,New York,New York,Series A,"Dec 3, 2025",,Active,www.ostium.com/,"Ostium delivers a decentralized trading platform that enables leveraged trading of real-world assets, including stocks, commodities, indices, foreign exchange, and cryptocurrencies, directly on-chain. Users maintain self-custody of their funds; trades, liquidity, and fees are publicly visible on a blockchain, removing reliance on traditional brokers. The platform offers up to 200× leverage and supports both long and short positions across a wide range of asset classes. Ostium uses real-time, low-latency price feeds via oracle systems to provide accurate and timely pricing. In addition, it recently introduced a points program that rewards user trading activity, referrals, and liquidity provision by converting on-platform engagement into a points ledger to track participation.",11-50,,Marco Ribiero,"Payments, Software, Cryptocurrency, FinTech, Trading Platform"
Cybord,New York,New York,Series A,"Apr 28, 2026",$1M to $10M,Active,www.cybord.ai,"Cybord is a cybersecurity and quality intelligence platform for electronics manufacturing, using AI to inspect and analyze 100% of components during assembly. We help OEMs and EMSs prevent counterfeit, defective, or non-compliant parts from entering their products, improving reliability, traceability, and compliance.",11-50,oshri@cybord.ai,Eyal Weiss,"Hardware, Manufacturing, Science and Engineering, Artificial Intelligence (AI), Big Data, Consumer Electronics, Electronics, Machine Learning"
Galileo,Burlingame,California,Series B,"Oct 15, 2024",$50M to $100M,Active,www.galileo.ai,,101-250,team@galileo.ai,Atindriyo Sanyal,"Science and Engineering, Software, Artificial Intelligence (AI), Generative AI, Information Technology"
Shift5,Arlington,Virginia,Series C,"Sep 3, 2025",,Active,shift5.io/,"Shift5 is a cybersecurity company that provides hardware and software solutions to defend operational technology (OT) platforms, such as planes, satellites, ground combat vehicles, and large-scale mining and construction vehicles.",101-250,info@shift5.io,Josh Lospinoso,"Software, Transportation, Cyber Security, Hardware"
Healthee,New York,New York,Series B,"Apr 22, 2025",$1M to $10M,Active,healthee.com,"Healthee provides an AI-driven platform designed to simplify health benefits navigation for employees and employers. The platform includes a plan comparison tool that assists employees in evaluating and selecting health plans based on individual or family needs. This tool utilizes self-reported health information to provide tailored recommendations, streamlining the open enrollment process. Healthee also offers wellness tracking features, enabling users to monitor essential health milestones such as annual physicals, dental exams, and vision appointments. This functionality supports preventive care and encourages proactive health management.",51-100,guy@healthee.com,Ben Goldenberg,"Health Care, Science and Engineering, Software, Artificial Intelligence (AI), InsurTech, Medical"
Unnatural Products,Santa Cruz,California,Series B,"Mar 16, 2026",$1M to $10M,Active,www.unnaturalproducts.com,"Unnatural Products develops peptide-based compounds using synthetic biology and cell-free biosynthesis techniques. The company designs and produces macrocyclic peptides inspired by natural products, aiming to explore chemical diversity for research and therapeutic applications. Its platform integrates enzymatic assembly and genetic engineering to generate complex molecules that are difficult to synthesize through traditional chemistry. Unnatural Products works on expanding libraries of bioactive compounds and evaluates their interactions with biological targets. The organization collaborates with research and pharmaceutical groups to study potential uses of these compounds in drug discovery.",11-50,contact@unnaturalproducts.com,Cameron Pye,"Health Care, Science and Engineering, Software, Artificial Intelligence (AI), Biotechnology, Life Science, Therapeutics"
daydream Labs,San Francisco,California,Series A,"Apr 2, 2026",,Active,www.withdaydream.com/,"Daydream Labs develops a SaaS platform that automates programmatic Search Engine Optimization (SEO) from end to end. Its platform identifies search patterns, creates content at scale, and automatically improves that content to get the most relevant search patterns and produce unique and differentiated content.",1-10,team@withdaydream.com,Shravan Rajinikanth,"Sales and Marketing, Software, Content, Information Technology, Marketing, SaaS, Search Engine"
Accelsius,Austin,Texas,Series B,"Jan 12, 2026",,Active,www.accelsius.com,"Accelsius develops liquid cooling technology for data centers and compute-intensive environments, focusing on two-phase, direct-to-chip thermal management systems. Its NeuCool platform uses a dielectric fluid and engineered cooling loops to remove heat from high-density servers, supporting reliable operation under demanding workloads such as AI and high-performance computing. The company also offers structured lifecycle services, including guided deployment programs and long-term support options that help infrastructure teams transition to and maintain liquid cooling. Accelsius’ solutions aim to improve thermal performance, reduce energy consumption, and support efficient utilization of compute resources in mission-critical facilities.",101-250,info@accelsius.com,,"Manufacturing, Software, Cloud Computing, Data Center, Hardware"
Seifert Dynamics,Sarasota,Florida,Series A,"Apr 5, 2026",,Active,seifertdynamics.com,"Seifert Dynamics L.L.C. develops operational software and infrastructure systems engineered for demanding environments where reliability, continuity, and disciplined execution are foundational requirements. The company focuses on real‑time data synthesis across distributed operational contexts, structured situational awareness, resilience and continuity planning, and support for complex infrastructures with traceability and accountability built into system design. Seifert Dynamics works with organizations in critical infrastructure, industrial operations, logistics, public sector support, and defense‑adjacent sectors, helping them maintain operational clarity and robustness under pressure. The company’s philosophy emphasizes engineering discipline, operational longevity, and integration readiness over transient features or superficial metrics.",11-50,contact@seifertdynamics.com,Philip Seifert,Enterprise Software
Emerge,Los Angeles,California,Series A,"Aug 28, 2024",$50M to $100M,Active,emerge.io/,"Emerge is a consumer technology company building a multi-sensory communication platform to bridge distance and time—through touch, sight, sound, and brain activity, powered by emotion AI, to allow users to digitize and transmit their emotions. With over 2 billion people worldwide feeling disconnected from others—one of the greatest life hazards of our generation—it's time for a new communication platform that focuses on what really matters: our emotional connection with others.

The first step is to introduce touch to virtual interactions—via TVs, AR, and VR displays. Emerge Wave-series is the anchor product line for the emotion AI. The patented consumer device emits precise ultrasonic forcefields that can be physically felt with bare hands—imagine a “virtual high five” or holding hands across the globe, with no gloves or controllers needed.

We are proud of our impact-focused and diverse team—70% of us are immigrants and first-generation Americans. We are former entrepreneurs and industry veterans who have developed and launched products in the fields of consumer electronics, augmented reality, brain-computer interfaces, gaming, and space exploration.

Founded in 2015 and based in Los Angeles, CA, Emerge is backed by venture capital firms including M13 and Microsoft co-founder Paul Allen’s Vulcan Capital, and other notable investors such as former Google CEO Eric Schmidt, and co-founders of Blizzard Entertainment, Twitch, and Riot Games.",11-50,hello@emerge.io,Isaac Castro,"Data and Analytics, Hardware, Media and Entertainment, Artificial Intelligence (AI), Augmented Reality, Consumer Electronics, Social"
PactFi,New York,New York,Series A,"Mar 10, 2026",$1M to $10M,Active,www.pactfi.com,"Private asset markets (PE, Private Credit, VC, Real Estate) have 10x to 9.8T in AUM over the past decade, and are projected to grow to $17T in the next five years. However, digital infrastructure has not kept pace, with the majority of the market operating predominantly in error-prone, internal-only software solutions.

PactFi's web-based application brings together all parties involved in a private asset transaction to more efficiently allocate capital, complete KYC, share documents, manage funds flow, and more. The platform is secured to a bank-grade standard and we have received our SOC 2 Type II attestation.",11-50,info@pactfi.com,Alexa Halcomb,"B2B, Financial Services, FinTech, Software"
Actively,New York,New York,Series B,"Apr 20, 2026",Less than $1M,Active,actively.ai,,51-100,hello@actively.ai,Cristina Nocito,"Sales and Marketing, Science and Engineering, Software, Artificial Intelligence (AI), Generative AI, Machine Learning, Marketing Automation, Sales Automation"
Nomadic,San Francisco,California,Seed,"Mar 31, 2026",,Active,nomadicai.co/,,1-10,info@nomadicai.co,Mustafa Bal,"Media and Entertainment, Software, Video, Analytics, Generative AI, Information Technology"
Opsera,Palo Alto,California,Series B,"Apr 2, 2025",$10M to $50M,Active,opsera.ai/,"Opsera provides an AI-powered DevOps platform that automates and streamlines the software delivery process. The company offers tools for CI/CD pipeline automation, DevSecOps, release orchestration, and toolchain management, aiming to enhance productivity, accelerate innovation, and improve security for software teams. Its AI-driven approach introduces autonomous AI agents that dynamically analyze, adapt, and optimize software delivery in real-time.",51-100,marketing@opsera.io,Chandra Ranganathan,"Science and Engineering, Software, Artificial Intelligence (AI), DevOps, Information Technology"
Arintra,Austin,Texas,Series A,"Aug 14, 2025",$1M to $10M,Active,arintra.com,"Arintra provides an AI-powered autonomous medical coding platform to streamline hospital and clinic revenue cycle management. The platform processes clinical documentation to generate accurate diagnostic and procedural codes (e.g., ICD‑10, CPT) within electronic health records like Epic or Cerner, requiring zero manual input. It offers explainable audit trails and analytics dashboards that track coding accuracy, denial trends, and workflow efficiency. Clients report measurable improvements such as a 5% increase in revenue and over 50% reduction in aged accounts receivable days following implementation.",11-50,info@arintra.com,Nitesh Shroff,"Science and Engineering, Software, Artificial Intelligence (AI), Electronic Health Record (EHR), Health Care, PaaS"
Isaac Health,New York,New York,Series A,"Aug 14, 2025",$10M to $50M,Active,isaac.health,"Isaac Health is a platform for population-level brain health and dementia care. It operates as an in-home memory clinic, offering diagnostics, treatment planning, and ongoing cognitive support for conditions like Alzheimer's, mild cognitive impairment, memory disorders, and related neurological concerns. The company utilizes the CMS GUIDE Model to deliver comprehensive care that encompasses medication management, cognitive rehabilitation, therapy—including cognitive behavioral therapy—and ongoing support through care navigators and a 24/7 hotline. The company partners with health plans and systems to screen, diagnose, treat, and manage brain health conditions, such as dementia, delivering results like reduced emergency visits, improved patient engagement, and cost savings for long-term care.",51-100,info@myisaachealth.com,Joel Salinas,"Health Care, Medical, Outpatient Care, Personal Health"
Databento,Salt Lake City,Utah,Series A,"Oct 1, 2024",Less than $1M,Active,www.databento.com/,"Databento makes it simpler and faster to access financial market data. Founded by traders and engineers from world-class quantitative hedge funds, Databento's self-service model allows users to instantly pick up live exchange feeds and terabytes of historical data. Users have the flexibility to only pay for what they use, or opt for flat-rate pricing. Databento's servers are hosted in the colocation facilities of various trading venues for low-latency and high-fidelity data capture, directly from the source.",11-50,sales@databento.com,Christina Qi,"Information Technology, Internet Services, Software, Cloud Data Services, Financial Services, FinTech, Information Services"
humans&,Redwood City,California,Seed,"Jan 20, 2026",,Active,humansand.ai,"humans& designs and trains AI systems that emphasize human understanding, long-term reasoning, memory, and multi-agent collaboration to support how people and organizations work together. humans& integrates scientific research with applied product development, combining advances in reinforcement learning, behavioral modeling, and alignment with practical user interfaces. The organization develops AI technologies intended to strengthen coordination, decision-making, and communication across teams and communities.",11-50,info@humansand.ai,Andi Peng,"Science and Engineering, Software, Artificial Intelligence (AI), Foundational AI, Generative AI, Information Technology, Machine Learning"
Meadow,New York,New York,Series A,"Apr 16, 2025",$1M to $10M,Active,www.meadowfi.com,"Founded in 2021 by recent graduates from Columbia University as well as second-time founders who have worked at AmEx, Klarna, Outschool and Amazon, Meadow provides student-friendly tools that use advanced personalization and modern consumer design to improve the financial experience for everyone–from institutions to the students they serve. MeadowPrice is the only net price calculator that is designed to be both accurate and student-friendly. Meadow Pay is the only solution that integrates student-friendly design with advanced personalization for a superior student billing experience.   Meadow Pre takes a compassionate approach to pre-collection helping institutions recover past due tuition revenue and re-enroll students.",11-50,hello@meadowfi.com,Alfredo Brillembourg,"Software, Billing, FinTech, Higher Education, Payments"
Ethermed,Philadelphia,New York,Series A,"Apr 16, 2026",$1M to $10M,Active,www.ethermed.ai/,"Ethermed uses AI to solve Prior Authorizations for providers, payers and technology partners, a $500 billion paperwork problem tangential to every healthcare transaction. That seed enables us to stitch together adversarial players and the siloed data ecosystem, to automate public health interventions across the entire spectrum of care and SDOH. Ethermed’s SaaS platform eliminates the healthcare barriers between payers and providers. Our unique algorithm works within existing technology by scanning clinical and non-clinical data and automatically pre-filling and submitting prior authorizations. Ethermed automatically handles authorizations with no human involvement; removes increasing volumes of administrative overhead, and frees up staff to focus on care and revenue priorities - liberating UM teams from hours of clerical work so they can focus on what matters most- patient care.",11-50,Sales@ethermed.ai,Daniel Friedmann,"Health Care, Science and Engineering, Software, Artificial Intelligence (AI), Electronic Health Record (EHR), Health Insurance, Hospital"
Scalvy,Austin,Texas,Series A,"Mar 26, 2026",,Active,www.scalvy.com/,"Scalvy is a distributed power delivery company that develops modular power electronics and energy systems that enable distributed power delivery for applications such as data centers, energy storage, and electric mobility. The company replaces traditional centralized power architectures with a distributed system of “power neurons,” which convert and manage electricity closer to the point of use, improving efficiency, scalability, and system reliability. Its platform is built on software-defined, modular components that can be scaled across different power levels and use cases, allowing flexible deployment in high-demand environments. These systems support high-voltage output ranges and deliver high power density while reducing the physical footprint and complexity of conventional power infrastructure.",11-50,info@scalvy.com,Amr Ibrahem,"Manufacturing, Software, Transportation, Data Center, Electronic Design Automation (EDA), Energy Storage, Industrial"
nue.io,San Francisco,California,Series A,"Jan 28, 2025",$10M to $50M,Active,www.nue.io/,"Nue is the leading quote-to-revenue platform, designed to help businesses of all sizes automate their sales and finance processes. With features such as automated pricing and quoting, sales enablement tools, financial reporting and analytics, and usage-based billing, Nue's platform empowers SaaS businesses to optimize their pricing and sales strategies, improve their cash flow, and reduce their operating costs.

For more information, visit Nue.io.",51-100,info@nue.io,Cheng Zou,"B2B, Enterprise Software, FinTech, SaaS, Software"
Terrestrial Bio,Cambridge,Massachusetts,Series C,"Mar 26, 2026",$10M to $50M,Active,www.terrestrialbio.com/,"Terrestrial Bio is developing the MIMIX™ sustained release patch technology, the easiest and most effective way to administer vaccines and therapeutics. For vaccines, the controlled release simulates the pace of a natural infection, helping the body produce a slow, strong, and enduring ramp-up of immune response, ultimately boosting a vaccine’s effectiveness. Engineered for stability, Vaxess’s patch does not require refrigeration and can be shipped to and applied in low-resource settings.",11-50,contact@vaxess.com,Fiorenzo Omenetto,"Biotechnology, Health Care, Medical"
Level AI,Mountain View,California,Series C,"Jul 23, 2024",$10M to $50M,Active,thelevel.ai,"Level AI is redefining how the modern customer contact center works. Leveraging conversational intelligence to provide real-time insights, empowers agents to provide the kind of help customers want at the moment they need it with the utmost efficiency. Level AI is backed by leading investors including Battery Ventures, ENIAC, and Village Global. The company is based in Mountain View, California.",101-250,,Ashish Nagar,"Science and Engineering, Software, Analytics, Artificial Intelligence (AI), Information Technology"
PhaseV,Boston,Massachusetts,Series A,"May 13, 2025",$1M to $10M,Active,phasevtrials.com,"PhaseV offers AI-driven solutions that enhance clinical development for biopharma sponsors and contract research organizations (CROs). The company focuses on utilizing machine learning to streamline clinical operations, improving the processes of feasibility assessments and site selection. By providing data-driven insights, PhaseV helps clients make informed decisions that accelerate trial timelines. Their innovative approach aims to transform traditional methods in clinical research, contributing to more efficient and effective drug development. With a commitment to integrating technology into clinical trials, PhaseV plays a significant role in advancing the pharmaceutical industry's operational capabilities.",11-50,info@phasevtrials.com,Dan Goldstaub,"Science and Engineering, Software, Artificial Intelligence (AI), Clinical Trials, Pharmaceutical, Therapeutics"
Xscape Photonics,New York,New York,Series A,"Mar 11, 2026",$1M to $10M,Active,www.xscapephotonics.com/,"Xscape Photonics provides photonic chips for high-speed connections in high-performance computing systems and data centers. The company uses photonics to realize scalable, high-bandwidth, energy-sustainable, and cost-effective solutions that enable the next generation of AI, ML, and simulation hardware.",11-50,info@xscapephotonics.com,Alexander Gaeta,"Information Technology, Science and Engineering, Software, AI Infrastructure, Artificial Intelligence (AI), Data Center, Semiconductor"
Ownwell,Austin,Texas,Series B,"Feb 19, 2026",$1M to $10M,Active,www.ownwell.com,"Ownwell helps property owners reduce their real estate costs, primarily through technology that identifies overpayment of property taxes. The company streamlines the property tax appeal procedure, enabling property owners to manage their financial health. Additionally, Ownwell assists homeowners in saving money by pinpointing eligible exemptions and lowering other expenses related to homeownership, including internet bills and insurance.",101-250,hello@ownwell.com,Colton Pace,"Commercial Real Estate, Home Services, Personal Finance, Real Estate, Residential"
Braintrust,San Francisco,California,Series B,"Feb 17, 2026",,Active,www.braintrust.dev,"Braintrust is an AI-native observability startup that helps teams measure, evaluate, and improve AI models and products. It enables users to capture detailed traces of AI model behavior in production, inspect prompts and model outputs, and track performance metrics in real time to help identify issues such as drift or inaccuracies. The platform integrates evaluation workflows with observability, allowing teams to define quality criteria, run automated or human-assisted tests, and compare models or prompts systematically to guide iterative improvements.

Braintrust includes tools like a purpose-built database for storing and querying AI logs and traces, SDKs for multiple programming languages, and an automation agent that assists with tasks such as prompt optimization and dataset generation based on trace data. The platform offers customizable dashboards, alerting mechanisms, and integration with existing development workflows so teams can address regressions and adjust deployments based on real usage insights. Braintrust is designed to work with a wide range of AI frameworks and infrastructure components, enabling consistent quality checks and performance analysis throughout the lifecycle of AI features.",101-250,info@braintrustdata.com,Ankur Goyal,"Science and Engineering, Software, Artificial Intelligence (AI), Data Integration, Data Management"
Mosaic,New York,New York,Series A,"Apr 7, 2026",,Active,mosaic.pe,,1-10,ian@mosaic.pe,Ian Gutwinski,"Financial Services, Professional Services, Software"
Mirage,New York,New York,Series C,"Mar 24, 2026",$1M to $10M,Active,mirage.app/,"Mirage (formerly known as Captions) is a video-generating, video-editing and AI research company headquartered in New York City. Their first app, Captions, is available on iOS, Android, and Web and offers a suite of tools aimed at streamlining the creation and editing of videos. Their enterprise platform, Mirage Studio, generates AI actors and videos for marketing assets and video campaigns.",51-100,hello@mirage.app,Dwight Churchill,"Science and Engineering, Software, Video, Artificial Intelligence (AI), Generative AI"
Allocate,Palo Alto,California,Series B,"Sep 3, 2025",$1M to $10M,Active,www.allocate.co,"Allocate provides an intelligent operating system for private market investing, equipping wealth advisory firms and institutional family offices with modern infrastructure to source, build, and manage high-quality private portfolios with one modern technology interface. The company's platform leverages AI-driven investment management, comprehensive administration, and personalized access to opportunities at reduced minimums, making private market investing more efficient, transparent, and responsible. The platform supports intelligent curation, real-time tracking, and provides personalized infrastructure—allowing users to launch custom-branded funds, centralize portfolio data, and discover premium private market opportunities.",11-50,,Hana Yang,"Finance, Financial Services, Impact Investing"
Agentio,New York,New York,Series B,"Nov 18, 2025",$1M to $10M,Active,www.agentio.com,"Agentio is a platform for creator-led advertising that helps brands book ad slots in creator content. It uses AI to match brands with creators, automate campaign setup (from brief to contracting), and manage real-time performance optimization. Agentio also provides tools for brand-safe content review, measurement, and attribution, allowing marketers to run creator campaigns with media-grade rigor. The platform streamlines workflows so that what traditionally takes weeks now happens in minutes.",51-100,hello@agentio.com,Arthur Leopold,"Media and Entertainment, Science and Engineering, Software, Advertising Platforms, Artificial Intelligence (AI), Content Creators"
Human Longevity,San Diego,California,Series B,"Aug 21, 2024",$10M to $50M,Active,humanlongevity.com,"Human Longevity (HLI) is the genomic-based, health intelligence company empowering proactive healthcare and enabling a life better lived. HLI combines the largest database of genomic and phenotypic data with machine learning to drive discoveries and revolutionize the practice of medicine. Its business areas include the HLI Health Nucleus, a genomic powered clinical research center that uses whole-genome sequence analysis, advanced clinical imaging, and innovative machine learning, along with curated personal health information to deliver the most complete picture of individual health; HLIQ Whole Genome and HLIQ Oncology. 

It was founded in 2013 and is headquartered in San Diego, California.",51-100,clientservices@humanlongevity.com,Elizabeth Hunker,"Biotechnology, Genetics, Health Care, Health Diagnostics"
Solace,Redwood City,California,Series C,"Feb 10, 2026",,Active,www.solace.health,"Solace provides a digital healthcare advocacy platform that connects patients with professional advocates who support them through complex medical journeys. Its services include matching individuals with advocates who help interpret care options, coordinate appointments, manage communications with providers, and assist with administrative tasks related to treatment and insurance navigation. The company facilitates ongoing communication between patients and advocates through video, phone, text, or email, aiming to reduce the burden of navigating healthcare systems. Solace advocates work alongside families and care teams to guide decisions and support care planning based on individual needs. Their model integrates clinician-led intake to find suitable advocates and maintain continuity of support throughout the healthcare process.",251-500,hello@solace.health,Jeremy Gurewitz,"Health Care, Medical, Online Portals, Wellness"
C-Infinity,Mountain View,California,Seed,"Apr 22, 2026",,Active,c-infinity.ai,"C-Infinity develops artificial intelligence software and services for data processing, automation, and decision support. building foundational AI for mechanical design and manufacturing—AI that reasons about geometry, motion, constraints, and production logic.",51-100,info@c-infinity.ai,Johan Kleer,"Science and Engineering, Software, Artificial Intelligence (AI), Information Technology"
Collov Labs,Redwood City,California,Series A,"Apr 21, 2026",$1M to $10M,Active,collovlabs.com,Collov is a SaaS company that provides a virtual interior design and shopping platform for spatial intelligence. It helps transform homes with artificial intelligence and virtual reality technology with an AI algorithm-driven e-commerce platform corresponding to home decoration design solutions.,11-50,xiao@collov.com,Nicole Wang,"Generative AI, Home Decor, Interior Design"
Windsurf,Mountain View,California,Series C,"Aug 29, 2024",$50M to $100M,Active,windsurf.com,"Windsurf offers an AI coding assistant designed to enhance developers' productivity. The platform features an integrated development environment that simplifies coding tasks and streamlines workflows. It supports multiple operating systems, including Mac, Windows, and Linux, making it accessible to a wide range of users. 

Windsurf provides a free version for individual developers, while teams can access additional features through an enterprise offering. This flexibility allows users to choose the option that best suits their needs. 

By focusing on usability and functionality, Windsurf aims to improve its users' overall coding experience.",101-250,hello@windsurf.com,Douglas Chen,"Information Technology, Science and Engineering, Software, Artificial Intelligence (AI), Enterprise Applications, Machine Learning"
Steadily,Beaverton,Oregon,Series C,"Apr 23, 2025",$1M to $10M,Active,www.steadily.com,"Steadily provides property and liability insurance tailored for rental property owners and investors. The company focuses on simplifying the insurance process, offering various coverage options that address the specific needs of landlords. Steadily emphasizes a user-friendly platform, enabling customers to obtain quotes and manage their policies efficiently. The services include comprehensive coverage for property damage, liability protection, and additional endorsements to enhance policy flexibility. By streamlining the insurance experience, Steadily aims to support property owners in safeguarding their investments effectively.",101-250,support@steadily.com,Darren Nix,"Commercial Insurance, Insurance, InsurTech, Property Insurance"
Clairity,Austin,Texas,Series B,"Nov 13, 2025",,Active,clairity.com,"Clairity provides an AI-powered precision health platform focused on predicting future disease risk from routine medical imaging. Its product, Clairity Breast, uses only a standard screening mammogram to generate a five-year risk estimate of developing breast cancer. The system analyzes subtle patterns in breast tissue that may not be visible to human readers, generating a risk score intended to support clinical decision making rather than diagnose disease. Clairity is also working to extend its predictive imaging framework into other areas of health beyond breast cancer.",11-50,info@clairity.com,Constance Lehman,"Science and Engineering, Software, Artificial Intelligence (AI), Health Care, Machine Learning"
Loyal,San Francisco,California,Series C,"Feb 11, 2026",$10M to $50M,Active,loyalfordogs.com,"Loyal is a veterinary biotechnology company that develops pharmaceutical therapies for dogs aimed at extending their healthy lifespan and delaying age-associated diseases. It researches and formulates drug candidates designed to address the biological mechanisms of aging in different dog populations, including senior and large-breed dogs, with products progressing through clinical and regulatory pathways. Loyal engages in clinical studies and collaborates with veterinary professionals to advance its therapeutic programs and share scientific insights with the broader field. The company publishes research summaries to support transparency and enable other practitioners to build on its findings.",101-250,info@loyalfordogs.com,Celine Halioua,"Science and Engineering, Biotechnology, Pet, Pharmaceutical, Veterinary"
Canopy,Draper,Utah,Series C,"Apr 23, 2025",$10M to $50M,Active,www.getcanopy.com,"Canopy offers a cloud-based Practice Management solution for Accounting firms. This includes CRM, Client Portal, Document Management, eSignatures, Workflow, Time & Billing, Payments, Tax Resolution, and Transcripts and Notices.",101-250,info@canopytax.com,Doug McLean,"Other, Payments, Professional Services, Accounting, Billing, CRM, Document Management"
Hilbert's AI,California,Kentucky,Series A,"Apr 15, 2026",,Active,www.hilberts.ai,The AI-native B2C Growth Infrastructure.,1-10,brain@hilberts.ai,Ceyda Erten,"B2C, Software"
Alaffia Health,New York,New York,Series B,"Feb 3, 2026",$1M to $10M,Active,www.alaffiahealth.com,"Alaffia Health offers artificial intelligence solutions that support health plan claims operations by automating and improving clinical review workflows. Its platform uses AI agents to analyze complex medical claims data, extract structured clinical facts, and assist with payment integrity, utilization management, and appeals processing. The company’s tools integrate with existing claims systems to prioritize cases, support clinician review, and help identify errors, waste, and inconsistencies before payment. Alaffia Health combines machine learning with clinician oversight to enhance accuracy in claims decisions and streamline administrative tasks for health insurance payers and related organizations.",51-100,,Adun Akanni,"Science and Engineering, Software, Agentic AI, Artificial Intelligence (AI), Health Care, Machine Learning"
Coverbase,San Francisco,California,Series A,"Nov 20, 2025",$1M to $10M,Active,www.coverbase.com,"Coverbase provides an AI-native procurement and third-party risk management platform. It helps enterprises automate vendor onboarding by collecting documents and answers through intelligent agents, reducing manual back-and-forth. Its system supports risk assessment by validating controls, comparing questionnaires, and tracking exceptions across information security, privacy, compliance, and legal. Coverbase also centralizes contract management by extracting key clauses from agreements and monitoring vendor obligations. Finally, it offers continuous supplier monitoring by aggregating internal and external data feeds to surface emerging risks in real time.",11-50,security@coverbase.ai,Clarence Chio,"Professional Services, Science and Engineering, Software, Artificial Intelligence (AI), Compliance, Procurement, Risk Management, Security"
Rox,San Francisco,California,Series B,"Mar 12, 2026",,Active,rox.com,"Rox provides an artificial intelligence software platform that supports sales teams with account research, engagement planning, and monitoring of customer activity. The platform uses a system of AI agents that gather and analyze information from internal systems and external sources to organize customer data and surface relevant insights. It generates meeting briefs, territory summaries, and follow-up recommendations while tracking interactions across communication channels and customer records. Rox integrates with tools such as CRM platforms, messaging systems, and calendars to synchronize information and maintain updated records across workflows. The system also assists with drafting outreach messages and identifying account changes or engagement signals so sales teams can plan actions and manage ongoing relationships with customers.",101-250,,Avanika Narayan,"Sales and Marketing, Science and Engineering, Software, Agentic AI, Artificial Intelligence (AI), Sales Automation"
Vibe,New York,New York,Series B,"Sep 30, 2025",$50M to $100M,Active,www.vibe.co,"Vibe is a streaming TV advertising company for small and medium-sized businesses. Advertisers select which app(s), channel(s), or live sports league(s) to advertise with, target specific audiences, optimize their spending based on performance metrics, upload their creative assets, and go live on TV. It is a self-serve CTV and OTT ad platform that allows advertisers to launch or insert CTV and OTT ad campaigns. The platform provides insights into the ads and allows advertisers to edit the ad strategy.",101-250,arthur@vibe.co,Arthur Querou,"Sales and Marketing, Software, Video, Advertising, Internet, Marketing, TV"
Arch,New York,New York,Series B,"Sep 15, 2025",$50M to $100M,Active,arch.co,"Arch manages private investment operations for leading investors and investment advisors, reinventing private portfolio management through a digital solution that replaces traditionally paper based processes.",101-250,info@arch.co,Jason Trigg,"Enterprise Software, Finance, Financial Services"
QuEra Computing,Boston,Massachusetts,Series B,"Feb 11, 2025",$10M to $50M,Active,www.quera.com,"QuEra Computing is a company focused on developing quantum computing technology. They specialize in building large-scale quantum computers using neutral atoms. QuEra uses innovative techniques to manipulate and control qubits for quantum computation, aiming to solve complex problems in fields like chemistry, materials science, and machine learning. Their quantum computers operate on a platform that leverages arrays of neutral atoms that are highly scalable, providing a path toward achieving quantum advantage for practical applications.",101-250,info@quera.com,Dirk Englund,"Hardware, Science and Engineering, Computer, Consumer Research, Quantum Computing"
Mem0,San Francisco,California,Series A,"Oct 28, 2025",,Active,mem0.ai,"Mem0 is a startup that provides a dedicated memory layer for large-language-model (LLM) applications, enabling AI agents to retain, retrieve, and build upon past interactions over time. The platform offers both an open-source version and a managed cloud service, allowing developers to integrate Mem0 with a one-line install and begin tracking user preferences and history.",1-10,taranjeet@mem0.ai,Deshraj Yadav,"Science and Engineering, Software, Artificial Intelligence (AI), Information Technology, Machine Learning, SaaS"
Metsera,New York,New York,Series B,"Nov 13, 2024",$100M to $500M,Active,metsera.com,Metsera is a biotechnology company that develops and manufactures therapies. The company's focus is on nutrient-stimulated hormone therapies for obesity and related conditions. Its portfolio includes both injectable and oral therapeutic candidates.,51-100,,Whit Bernard,"Biopharma, Health Care, Medical, Pharmaceutical"
Bedrock Robotics,San Francisco,California,Series B,"Feb 4, 2026",,Active,bedrockrobotics.com,"Bedrock Robotics delivers enhanced autonomy to the built environment, allowing the construction sector to build at the rate that today's society requires.",51-100,info@bedrockrobotics.com,Ajay Gummalla,"Information Technology, Science and Engineering, Software, Artificial Intelligence (AI), Robotics"
Rad AI,San Francisco,California,Series C,"May 20, 2025",$1M to $10M,Active,www.radai.com,"Rad AI develops an artificial intelligence automated report generation platform to automate repetitive tasks for radiologists. Its platform integrates with existing workflow, automating repetitive tasks, and enabling radiologists to improve radiology workflow that maximizes efficiency and accuracy while reducing burnout for radiologists and improving patient care.",101-250,info@radai.com,Doktor Gurson,"Science and Engineering, Software, Artificial Intelligence (AI), Enterprise Software, Health Care"
Datarails,New York,New York,Series C,"Jan 21, 2026",$1M to $10M,Active,www.datarails.com,"Datarails is a financial planning and analysis platform that centralizes and automates the consolidation, reporting, planning, and forecasting of financial data while letting finance teams continue using their existing Excel models. It integrates data from multiple sources including ERPs, CRMs, HR systems, and spreadsheets into a single database to reduce manual work and create version-controlled, real-time financial reporting. The platform provides dashboards, scenario modeling, and collaborative workflows that support budgeting, variance analysis, and forward-looking projections. It includes AI features that generate tailored insights and summaries to help teams analyze trends and answer business questions directly from consolidated financial data.",251-500,hello@datarails.com,Didi Gurfinkel,"Financial Services, FinTech, Information Technology, SaaS, Software"
Range,Mclean,Virginia,Series C,"Nov 25, 2025",,Active,www.range.com,"Range provides a wealth management dashboard and expert advisory service for high earners. The service empowers high earners to maximize their financial potential through expert advisory and a user-friendly dashboard. Range aims to simplify financial management by consolidating various financial tools into one platform, reducing the need to switch between different applications.",11-50,support@range.com,David Cusatis,"Media and Entertainment, Science and Engineering, Software, Advice, Artificial Intelligence (AI), Financial Services, FinTech, Wealth Management"
Biobot Analytics,Cambridge,Massachusetts,Series A,"Jun 6, 2025",$10M to $50M,Active,www.biobot.io,"Biobot is the pioneer and market leader in wastewater epidemiology intelligence with a mission to deliver population-level health insights across various infectious diseases and high risk substances. Customers include federal, state and local governments, pharmaceutical companies, universities, and more. Founded at MIT in 2017, Biobot's vision is that healthcare intelligence is inclusive and proactive.",11-50,hello@biobot.io,Mariana Matus,"Health Care, Information Technology, Natural Resources, Analytics, Artificial Intelligence (AI), Big Data, Biotechnology"
FriendliAI,Redwood City,California,Seed,"Aug 28, 2025",$1M to $10M,Active,friendli.ai,"FriendliAI is a generative AI infrastructure platform that enables deployment, scaling, and monitoring, including text, image, video, and audio, from sources like Hugging Face, and integrates quantization techniques such as FP8, INT8, and AWQ to improve inference efficiency. It offers managed services that automate GPU provisioning, auto-scaling, failure recovery, and performance tracking, helping businesses streamline generative AI deployment with reduced infrastructure complexity and cost. It also supports integrations with model hubs and tooling for debugging, observability, and structured API outputs.",11-50,contact@friendli.ai,Byung-Gon Chun,"Internet Services, Science and Engineering, Software, Artificial Intelligence (AI), Generative AI, Information Technology, Internet, SaaS"
MangoBoost,Bellevue,Washington,Series B,"Apr 21, 2026",$10M to $50M,Active,mangoboost.io,"As AI workloads evolve from simple chatbot to complex agentic workflows, traditional infrastructure has hit a wall. MangoBoost is building the next-generation AI infrastructure for the agentic AI era: a unified, end-to-end platform that transforms fragmented hardware into a single, dynamically orchestrated system. By replacing static, legacy infrastructure, MangoBoost eliminates the ""Coordination Tax""—the compounding overhead of data movement—and maximizes accelerator utilization across heterogeneous resources. The result is materially higher token efficiency and lower lifetime TCO than incumbent solutions, with performance that scales as AI workloads continue to evolve.

Founded in 2022 and headquartered in Bellevue, WA, MangoBoost is built on more than a decade of systems research published at top-tier venues, including MICRO, OSDI, ISCA, ASPLOS, and SIGCOMM. With a global team of 115+ engineers, a portfolio of 50+ patents, and over $100M raised from 20+ investors worldwide, MangoBoost leverages strategic alliances with global industry leaders to accelerate the deployment of the world's most efficient AI infrastructure.",101-250,contact@mangoboost.io,Dongup Kwon,"Information Technology, Internet Services, Science and Engineering, Agentic AI, AI Infrastructure, Artificial Intelligence (AI), Cloud Infrastructure, Data Center"
VulnCheck,Lexington,Massachusetts,Series B,"Feb 17, 2026",$1M to $10M,Active,vulncheck.com,"VulnCheck provides vulnerability intelligence and exploit monitoring services for security teams. The company collects and analyzes data on disclosed software vulnerabilities, exploitation activity, and threat actor behavior, delivering structured intelligence through feeds and an API. Its platform tracks proof-of-concept releases, ransomware associations, and exploitation in the wild to support prioritization and remediation workflows. VulnCheck also offers contextual enrichment, historical records, and integration capabilities that align with security operations tools. The company supports organizations seeking visibility into emerging threats and vulnerability risk management processes.",101-250,support@vulncheck.com.,Anthony Bettini,"Privacy and Security, Science and Engineering, Software, Artificial Intelligence (AI), Cyber Security, Information Technology, Network Security"
AvoMD,New York,New York,Series A,"Mar 31, 2026",$1M to $10M,Active,www.avomd.com/,"AvoMD is a no-code software platform that transforms clinical content – guidelines, algorithms, pathways, and checklists - into ""virtual clinical consults"" available instantly at the point-of-care on standalone web/mobile apps and in the EHR. Leading societies and health systems partner with AvoMD to transform authoritative clinical expertise into instant expert guidance at the bedside. Studies show that AvoMD improves outcomes while saving clinicians ~50% of their time in accessing and using information at the point-of-care.",11-50,lc@avomd.io,Joongheum Park,"Health Care, Medical Device, Software"
Aalyria,Livermore,California,Series B,"Feb 23, 2026",,Active,www.aalyria.com,"Aalyria develops network orchestration software and optical communication technologies for space and terrestrial connectivity. The company provides a platform called Spacetime that manages routing, resource allocation, and link optimization across satellites, aircraft, maritime systems, and ground networks. It also offers Tightbeam, a laser-based communication technology designed to transmit high-bandwidth data through atmospheric and space environments. Aalyria’s solutions support government and commercial programs that require secure, resilient, and scalable communications infrastructure. The company works with satellite operators, defense organizations, and telecommunications providers to coordinate complex, multi-domain networks.",101-250,,Brian Barritt,"Internet Services, Privacy and Security, Internet, Military, Network Security, Satellite Communication, Telecommunications"
Inception,Palo Alto,California,Seed,"Nov 6, 2025",,Active,www.inceptionlabs.ai,"Inception develops diffusion large language models for latency-sensitive applications. The company creates AI models and also reduces the GPU footprint, allowing organizations to run larger models at the same latency and cost or serve more users with the same infrastructure.",11-50,hello@inceptionlabs.ai,Stefano Ermon,"Science and Engineering, Software, Artificial Intelligence (AI), Information Technology, Natural Language Processing"
Echo,New York,New York,Series A,"Dec 16, 2025",,Active,www.echo.ai/,"Echo develops and provides container base images designed to eliminate known software vulnerabilities in cloud-native applications by rebuilding and hardening images with only essential components. The company’s offerings include a catalog of CVE-free images that integrate into existing development workflows and are continuously updated to address emerging security concerns, supported by automated processes and compatibility with common scanning tools. Echo’s platform uses AI-driven methods to produce and maintain these images, aiming to support engineering and security teams in reducing vulnerability management tasks and easing compliance efforts. The company also supplies resources and technical support to help users adopt secure base images within their DevOps pipelines.",11-50,,Eilon Elhadad,"Hardware, Information Technology, Privacy and Security, Artificial Intelligence (AI), Computer, Cyber Security, Network Security, Software"
Courtyard,San Francisco,California,Series A,"Jul 24, 2025",$10M to $50M,Active,courtyard.io,"Courtyard is a platform that provides liquidity to collectible assets via physically backed NFTs. It allows ownership of physical collectibles to be instantly and securely transferred anywhere in the world via NFTs, without the physical item itself having to be moved. Connected Collectibles - a new, frictionless way of storing and trading physical goods - is redefining physical asset ownership.",11-50,info@courtyard.io,Nicolas le Jeune,"Other, Blockchain, FinTech, Marketplace, Non-Fungible Token (NFT)"
Pinnacle Medicines,Doylestown,Pennsylvania,Series B,"Mar 26, 2026",,Active,www.pinnaclemedicines.com/,,11-50,info@pinnaclemedicines.com,,"Biopharma, Biotechnology, Medical"
Fleet Device Management,San Francisco,California,Series B,"Jun 17, 2025",$1M to $10M,Active,fleetdm.com/,"Fleet is an open-source platform for IT and endpoint security teams with lots of computers (macOS, Windows, Linux, ChromeOS, OT, data centers). The company is dedicated to making IT more accessible with an open API for every endpoint, while maintaining privacy, transparency, and trust through open-source software. Organizations like Fastly and Gusto use Fleet for device management, device health (""zero trust""), posture assessment, endpoint operations, and more.",11-50,,Mike McNeil,"Cyber Security, IT Infrastructure, IT Management, Network Security, Software"
TensorWave,Las Vegas,Nevada,Series A,"May 14, 2025",$100M to $500M,Active,tensorwave.com,"TensorWave is an AI and HPC cloud platform that uses AMD accelerators to support demanding AI workloads. The company's infrastructure supports memory-focused applications and allows scaling by adding multiple GPUs, making it suitable for various business needs in AI development.",51-100,contact@tensorwave.com,Darrick Horton,"Internet Services, Science and Engineering, Software, AI Infrastructure, Artificial Intelligence (AI), Cloud Computing, Cloud Infrastructure, Generative AI"
Lava,New York,New York,Series A,"Nov 3, 2025",$1M to $10M,Active,www.lava.xyz,,1-10,hello@lava.xyz,Shehzan Maredia,"Software, Bitcoin, Financial Services, Lending"
Kojo,San Francisco,California,Series C,"Sep 12, 2025",$10M to $50M,Active,www.usekojo.com,"Kojo provides a cloud-based software solution for the construction industry that manages the procurement, tracking, receipt, and payment of materials. It connects field teams, purchasing, warehouse, accounting, and vendor partners to centralize visibility into material costs, availability, and workflows. The platform integrates with existing ERP and project management tools to sync data across systems and reduce manual data entry. Features include mobile requisitioning, warehouse inventory tracking, tool tracking, and invoice processing. The mission is to help contractors modernize procurement workflows in order to gain more control over outcomes, increase sustainability, and reduce waste.",101-250,info@usekojo.com,Maria Davidson,"Construction, Logistics, Procurement, SaaS, Software"
Rise,Beachwood,Ohio,Series A,"Nov 21, 2024",$1M to $10M,Active,www.riseworks.io,"Rise is an innovative payroll and compliance provider. It is a Web3-enabled platform that helps businesses onboard, manage, and pay local and international contractors while ensuring full compliance and alleviating burdensome tax processes. Rise provides an all-in-one compliance and payment platform for companies with global workforces, streamlining onboarding, payments, and compliance tasks. It allows businesses to hire, onboard, and pay international contractors compliantly.",11-50,hello@riseworks.io,Andrew Maurer,"Internet Services, Other, Professional Services, Blockchain, Bookkeeping and Payroll, Compliance, Human Resources, Web3"
Spectro Cloud,San Jose,California,Series C,"Nov 19, 2024",$10M to $50M,Active,www.spectrocloud.com,"Spectro Cloud delivers simplicity and control to organizations running Kubernetes at any scale. 

With its Palette platform, Spectro Cloud empowers businesses to deploy, manage, and scale Kubernetes clusters effortlessly — from edge to data center to cloud — while maintaining the freedom to build their perfect stack. 

Trusted by leading organizations worldwide, Spectro Cloud transforms Kubernetes complexity into elegant, scalable solutions, enabling customers to master their cloud-native journey with confidence.

Spectro Cloud is a Gartner Cool Vendor, CRN Tech Innovator, a ‘leader’ and ‘outperformer’ in GigaOm’s 2025 Radars for Kubernetes for Edge Computing, and Managed Kubernetes, and a Strong Performer in the 2025 Forrester Wave for Multicloud Container Platforms.",251-500,contact@spectrocloud.com,Gautam Joshi,"Internet Services, Science and Engineering, Software, Artificial Intelligence (AI), Cloud Management, Information Technology, SaaS"
Augment Code,Palo Alto,California,Series B,"Nov 4, 2024",$10M to $50M,Active,www.augmentcode.com,"Augment Code builds AI agents that understand entire codebases to generate, review, and manage software. It offers deep contextual code comprehension, IDE and CLI integration, and automated task coordination. Developers can also leverage semantic code analysis, remote agents, and personalized prompt suggestions to streamline complex projects.",51-100,privacy@augmentcode.com.,Guy Gur-Ari,"Software, Artificial Intelligence (AI), Generative AI, Web Development"
Starship Technologies,San Francisco,California,Series C,"Oct 15, 2025",,Active,www.starship.xyz,"Starship Technologies is a robotics company building fleets of self-driving delivery robots designed to deliver goods locally within 30 minutes. The robots drive autonomously 99% of the time to make safe and environmentally friendly curb-side deliveries from a local hub. They also offering people convenient new services that improve everyday life.

Starships Technologies robots are equipped with a sensor suite that includes cameras, GPS, and inertial measurement units. The company's aim is to fundamentally reshape how goods are shipped and delivered, and make local delivery, ultimately, free. It also enables a new era of instant delivery that works around your schedule at much lower costs.

Starships Technologies was founded in 2014 and is headquartered in San Francisco, California.",501-1000,info@starship.xyz,Ahti Heinla,"Hardware, Science and Engineering, Software, Artificial Intelligence (AI), Delivery, Delivery Service, Robotics"
Daytona,New York,New York,Series A,"Feb 5, 2026",$10M to $50M,Active,www.daytona.io,"Daytona provides secure, elastic, and agent-native cloud infrastructure that enables AI agents to execute tools and code autonomously in isolated environments. Its sandboxes spin up in under 100ms, can run indefinitely, and are designed for strong isolation. 

Daytona equips agents with headless APIs for terminals, file systems, Git, and LSP, and supports parallel execution, persistent storage, and declarative image builds. 

It’s built for velocity, scales globally, and powers advanced agent use cases across code, data, and game environments.",11-50,support@daytona.io,Goran Draganic,"Internet Services, Science and Engineering, Software, Artificial Intelligence (AI), Cloud Infrastructure, Generative AI"
Opus,New York,New York,Series B,"Feb 24, 2026",$1M to $10M,Active,www.opus.so,"Opus is a hospitality training platform purpose-built for the frontline that provides digital tools to help service staff learn skills, complete training modules, and access performance resources. The platform offers structured learning pathways, micro-lessons, and interactive content tailored to operational roles such as servers, housekeepers, bartenders, and guest services teams. It supports onboarding, upskilling, and continuous education by enabling employees to engage with training materials on mobile devices and track progress through competency checklists. Opus also includes features for managers to assign courses, monitor completion rates, and align training activities with service standards and operational needs. The platform integrates assessment and feedback mechanisms that help learners reinforce knowledge and demonstrate proficiency in core hospitality tasks. Through its digital training infrastructure, Opus supports workforce development and skill alignment within hospitality environments.",11-50,hello@opus.so,Jeffrey Silver,"E-Learning, Hospitality, SaaS, Software, Training"
Braveheart Bio,San Francisco,California,Series A,"Nov 5, 2025",,Active,www.braveheart.bio/,"Braveheart Bio is a biotechnology startup in late clinical development, working on innovative treatments for hypertrophic cardiomyopathy and related disorders. Braveheart's small molecule therapy candidate, BHB-1893, is a selective cardiac myosin inhibitor designed to improve heart function in HCM patients. Overcontraction in HCM can result in thicker heart muscle and a decline in the heart's ability to fill and pump blood. HCM is among the most frequent uncommon diseases, affecting one in every 500 people in the United States.",11-50,info@braveheart.bio,,"Biotechnology, Life Science, Therapeutics"
Axiamatic,Saratoga,California,Series A,"Mar 11, 2026",$1M to $10M,Active,www.axiamatic.com,"Axiamatic is an AI company for transformation and implementation of ERP systems. With a team of experts led by co-founders Rajiv Gupta and Kaushik Narayan, Axiamatic leverages their experience to offer AI solutions to speed up and reduce the risk of large technology transformations like ERP that are core to how enterprises run their business. The company aims to empower organizations going through ERP transformations by providing chat and workflow-capable AIs with ERP-specific knowledge and skills to help teams implement an ERP solution that's fit right for their business and delivered on time.",11-50,,Kaushik Narayan,"Software, Artificial Intelligence (AI), Enterprise Resource Planning (ERP), Generative AI"
GMI Cloud,Mountain View,California,Series A,"Oct 29, 2024",,Active,www.gmicloud.ai,"GMI Cloud specializes in offering cloud-based access to top-tier GPUs, such as the NVIDIA H100, for generative AI applications. The platform features scalable GPU instances, a robust cluster engine, and an application platform tailored for AI development.",51-100,Info@gmicloud.ai,Alex Yeh,"Information Technology, Other, Science and Engineering, Artificial Intelligence (AI), Data Center, Service Industry"
Faye,Newark,Delaware,Series B,"Jul 30, 2024",$1M to $10M,Active,www.withfaye.com,"Faye is a travel insurance company that provides whole-trip travel coverage and care that brings in industry technology for each journey that enables smarter, faster, smoother assistance and claims resolutions.

Their travel insurance covers your health, your trip, your stuff, and even your pet via an app that provides real-time proactive solutions, quick reimbursements, and 24/7 customer experience specialists who turn travel mishaps into laugh-about-it-later memories.",101-250,support@withfaye.com,Daniel Green,"Software, Transportation, Travel and Tourism, FinTech, Insurance, InsurTech, Predictive Analytics"
HavocAI,Providence,Rhode Island,Series A,"Oct 9, 2025",,Active,www.havocai.com,HavocAI is an artificial intelligence company that offers maritime autonomy solutions to the defense and commercial markets.,11-50,info@havocai.com,Joe Turner,"Science and Engineering, Software, Artificial Intelligence (AI), Marine Technology, Public Safety"
Altana,New York,New York,Series C,"Jul 29, 2024",,Active,altana.ai,"Altana is the only Product Network connecting buyers, suppliers, logistics providers, and government agencies to drive resilience, compliance, and efficiency across the global supply chain. By applying artificial intelligence to the world’s largest body of supply chain data, Altana reveals these previously opaque global networks and powers workflows across them. Customers like Boston Scientific, General Atomics, L.L.Bean, Maersk, US Customs and Border Protection, and the UK Ministry of Defence and Department of Business and Trade use Altana to design optimal product lines, protect national security, and promote economic growth through collaboration.",101-250,info@altana.ai,Evan Smith,"Transportation, Data Integration, Logistics, Software, Supply Chain Management"
Clutch,San Francisco,California,Series B,"Jan 23, 2025",$100M to $500M,Active,www.withclutch.com,"Clutch provides solutions for transforming Credit Unions into modern FinTechs, focusing on loan and deposit onboarding. The company addresses inefficiencies in traditional banking by offering tailored digital experiences that improve member satisfaction and operational efficiency.",101-250,refi@withclutch.com,Christopher Coleman,"Finance, Financial Services, FinTech"
Stablecore,Dallas,Texas,Series A,"Sep 16, 2025",,Active,stablecore.com/,,1-10,,,"Asset Management, Financial Services, Non-Fungible Token (NFT)"
webAI,Austin,Texas,Series A,"Jan 13, 2026",$1M to $10M,Active,www.webai.com,,51-100,,David Stout,"Science and Engineering, Software, Artificial Intelligence (AI), Information Technology, Machine Learning"
Alembic,San Francisco,California,Series B,"Nov 13, 2025",,Active,getalembic.com,"Alembic’s software predicts revenue and ROI from marketing, applying AI and mathematics developed during the pandemic to identify causes, treatments, and mortality in disparate data and populations. Based on the results, Alembic analyzes and evaluates unstructured and complex data to predict marketing ROI and future revenue. Alembic is proud to have Fortune 200 and top brands as customers, including NVIDIA, Texas A&M, and North Sails.",101-250,PRforAlembic@bospar.com,John Adams,"Software, Big Data, Business Intelligence, Marketing, Predictive Analytics, SaaS"
Perelel,Los Angeles,California,Series A,"Nov 20, 2025",$10M to $50M,Active,perelelhealth.com,Perelel is a supplement manufacturer designed for various stages of a woman's reproductive life cycle.,11-50,hi@perelelhealth.com,Banafsheh Bayati,"Science and Engineering, Biotechnology, Health Care, Life Science, Retail"
True Footage,Austin,Texas,Series C,"Apr 7, 2026",$1M to $10M,Active,truefootage.tech,True Footage is a residential valuation company providing services in the appraisal space and building software for the valuation space,251-500,,John Liss,"Consulting, Residential, Tax Consulting"
Indigo,New York,New York,Seed,"Jan 23, 2025",$1M to $10M,Active,www.indigo.app,,1-10,,Frances Bryant,"Science and Engineering, Software, Artificial Intelligence (AI), Real Estate, Residential"
Videa,Boston,Massachusetts,Series B,"Jan 28, 2025",$1M to $10M,Active,videa.ai/,"VideaHealth is offers dentistAI’s software automatically detects pathologies in dental imaging, helping dentists avoid missing diseases and effectively communicating treatment recommendations to patients. Today, dentists miss up to 50% of pathologies in dental x-rays. Treatment delays or non-treatment often results in significant health risks for the patient and a loss of revenue for the dentists as he cannot treat missed diseases.",51-100,,Florian Hillen,"Software, Biotechnology, Health Care"
PlayerZero,Atlanta,Georgia,Series A,"Jul 30, 2025",$1M to $10M,Active,www.playerzero.ai,"PlayerZero delivers an AI-powered platform that helps engineering teams resolve software defects, predict future issues, and accelerate overall development quality. The platform integrates telemetry, user sessions, support tickets, and code repositories to trace problems directly to specific lines of code. It supports proactive detection of regressions, anomaly monitoring, and context-aware documentation using natural language queries. PlayerZero enables automated defect resolution agents and predictive analysis engines grounded in live user behavior and historical commit data. The system emphasizes data privacy by masking sensitive information in the browser and allowing clients to use their own secure storage for session data.",1-10,marketing@testgram.ai,Animesh Koratana,"Software, Artificial Intelligence (AI), Developer Platform, Developer Tools"
Kite AI,San Francisco,California,Series A,"Oct 27, 2025",,Active,gokite.ai/,"Kite AI is building the base layer for the agentic internet: an open, decentralized infrastructure where autonomous agents can operate with interoperability and verifiability.  By leveraging a network design that incentivizes both the provision and consumption of agentic services,  Kite provides unified identity, payment, and governance rails that allow agents to authenticate, transact, and coordinate securely without intermediaries. Leveraging a protocol to protocol token model that promotes ecosystem alignment, Kite is convening a vertically integrated AI ecosystem purpose-built to drive real business outcomes and long term network sustainability
Backed by leading investors including PayPal Ventures, General Catalyst, 8VC, Samsung Next, and others, Kite AI is led by AI and systems infrastructure veterans from Databricks, Uber, Salesforce, and Near, and supported by partners across AI and enterprise technology. landscape.",11-50,Laughing.qiao@gokite.ai,Chi Zhang,"Information Technology, Other, Science and Engineering, Artificial Intelligence (AI), Blockchain"
Runpod,Mount Laurel,New Jersey,Seed,"May 8, 2024",$1M to $10M,Active,www.runpod.io,"Runpod is a cloud platform specifically designed for AI, providing GPU infrastructure that simplifies the building and deployment of models in a matter of seconds. It offers cost-effective GPU cloud computing services tailored for training, deploying, and scaling AI models efficiently.",51-100,support@runpod.io,Pardeep Singh,"Internet Services, Science and Engineering, Software, AI Infrastructure, Artificial Intelligence (AI), Cloud Infrastructure, GPU"
Ricursive Intelligence,Palo Alto,California,Series A,"Jan 26, 2026",,Active,www.ricursive.com,"Ricursive Intelligence develops AI-driven systems that automate and optimize semiconductor design by creating a feedback loop where machine learning models design the next generation of chips, and those chips support more capable models. The company focuses on compressing traditional chip development processes by applying recursive AI techniques to tasks like layout, floorplanning, and verification to deliver ready-to-build chip designs. Its technology builds on methods used to design multiple generations of AI accelerator hardware, and it aims to enable closer co-evolution of compute and intelligence within the broader technology ecosystem. Ricursive Intelligence engages with enterprise partners to bring its platforms and tools into practical deployment.",1-10,info@ricursive.com,Anna Goldie,"Science and Engineering, Software, AI Infrastructure, Artificial Intelligence (AI), Business Intelligence, Semiconductor"
BackOps AI,San Francisco,California,Series A,"Mar 12, 2026",,Active,backops.ai,"BackOps AI develops software that automates operational workflows for logistics and supply chain teams using artificial intelligence. The platform connects with transportation management systems, communication channels, and internal data sources to process tasks such as shipment updates, document handling, and operational messaging. Its system analyzes incoming information from emails, documents, and logistics platforms to trigger automated actions or generate responses within operational processes.

The software includes AI agents that monitor workflows, extract data from shipping documents, and update records across connected systems. These tools support tasks such as order tracking, status communication, and internal coordination between logistics teams and external partners.",11-50,info@backops.ai,Henry Ou,"Software, Transportation, Artificial Intelligence (AI), Supply Chain Management"
Giga,San Francisco,California,Series A,"Aug 1, 2025",,Active,giga.ai,"Giga provides an AI platform that enables enterprises to deploy AI-driven support agents for automating customer service and operational workflows. The platform supports voice and chat interactions, allowing businesses to configure agents using company knowledge, policies, and logic to handle complex conversations and issues at scale. Giga’s system includes tools for building, customizing, and governing agents with analytics and performance insights that help organisations monitor and improve outcomes over time. Its technology is designed to integrate with enterprise systems to support multilingual, contextual reasoning across interactions.",11-50,founders@gigaml.com,Esha Manideep,"Science and Engineering, Software, Agentic AI, Artificial Intelligence (AI), B2C"
Omeza,Sarasota,Florida,Series A,"Apr 21, 2026",$1M to $10M,Active,omeza.com/,"Omeza is a hospital and healthcare company that provides wound care, venous leg ulcers, omega 3, and innovation. The company is driven by its mission is to improve healthcare efficiency one market at a time, beginning with wound care. 

The company was founded in 2014 and headquartered in Florida, United States.",11-50,info@omeza.com,Thomas E. Gardner,"Biotechnology, Health Care, Health Diagnostics, Medical Device, Wellness"
TidalWave,New York,New York,Series A,"Nov 14, 2025",$10M to $50M,Active,www.tidalwave.ai,"Tidalwave.ai is a New York–based mortgage technology startup building agentic AI software for lenders and borrowers. Its platform automates parts of mortgage origination, including document review, data extraction, borrower communication, underwriting support, and income/asset verification. It integrates with systems such as Fannie Mae and Freddie Mac, as well as verification providers like Plaid.",11-50,founders@tidalwave.ai,Cheng Li,"Science and Engineering, Software, Agentic AI, Artificial Intelligence (AI), FinTech"
RAPIDFORT,Sunnyvale,California,Series A,"Feb 3, 2026",$1M to $10M,Active,www.rapidfort.com,"RapidFort provides software supply chain security solutions focused on identifying, prioritizing, and remediating vulnerabilities in containerized applications without requiring code changes. The company’s platform combines curated near-zero CVE container images, automated scanning, profiling, and runtime protection tools to manage software attack surfaces and support compliance workflows. RapidFort’s technology generates software bills of materials and runtime insights to help teams reduce exposure to vulnerabilities across the development lifecycle and integrate security into existing CI/CD processes. The platform is designed to assist engineering and security teams in streamlining vulnerability management and optimizing container security at scale.",51-100,sales@rapidfort.com,George Manuelian,"Software, Cloud Management, Cloud Security, Cyber Security, Information Technology, SaaS"
EPIC Microsystems,San Francisco,California,Series A,"Mar 25, 2026",$1M to $10M,Active,www.epicmicro.com/,,11-50,,,"Application Specific Integrated Circuit (ASIC), Data Center, Data Center Automation"
Arcade.dev,San Francisco,California,Seed,"Mar 18, 2025",,Active,arcade.dev,"Arcade.dev is an MCP runtime that enables users to connect AI to various integrations, allowing it to act on their behalf through authenticated tools. It facilitates tasks such as managing emails, files, calendars, and APIs, while providing pre-built connectors and a custom SDK for users to create their own assistants. The platform supports seamless interactions between AI and existing workflows, streamlining processes for sales teams and sales development representatives, enhancing productivity by automating routine tasks, and simplifying the management of multiple applications within a single environment. Additionally, Arcade.dev offers comprehensive documentation and support to help users maximize the functionality of their AI integrations.",11-50,,Alex Salazar,"Privacy and Security, Science and Engineering, Software, Artificial Intelligence (AI), Cyber Security, Data Integration, Developer APIs, Developer Platform"
Variance,San Francisco,California,Series A,"Mar 31, 2026",,Active,www.variance.com,"Variance is an AI software firm that creates autonomous AI agents to detect threats, automate investigations, and enforce policies across content, transactions, and conversations. It enables firms to identify hidden dangers, streamline trust and safety operations, and enforce compliance in real time. The technology uses powerful machine learning to deliver meaningful insights and proactive risk management.",11-50,support@variance.co,Karine Mellata,"Developer APIs, Information Technology, Software"
Edra,New York,New York,Series A,"Mar 18, 2026",,Active,edra.ai/,"Edra AI is an automation platform that analyzes existing company data such as tickets, logs, and messages.",11-50,,Eugen Alpeza,"Software, Artificial Intelligence (AI), Enterprise Software"
Xccelera,San Diego,California,Seed,"Apr 7, 2026",,Active,xccelera.ai,"Xccelera provides data engineering, analytics, and AI services to help organizations manage and use data. The company develops solutions for data integration, processing, and governance to enable structured and unstructured data use across systems. It offers machine learning and analytics capabilities that support use cases such as forecasting, automation, and decision support.

The company also delivers consulting and implementation services to help integrate data platforms with existing technology environments. Its offerings include tools and frameworks that assist in building scalable data pipelines and deploying AI models into operational workflows.",11-50,info@xccelera.ai,Rohit Singh,"Information Technology, Manufacturing, Science and Engineering, Artificial Intelligence (AI), Generative AI, Health Care, Machine Learning"
Joy,Oakland,California,Series A,"Nov 12, 2025",$100M to $500M,Active,joy.co,"A world of parenting resources in one place, so you can get the exact help you need to be the parent you want to be.",11-50,hello@joy.co,Alan Chan,"Professional Services, Software, Apps, Consulting, Consumer Software, Parenting, Subscription Service"
Mintlify,San Francisco,California,Series B,"Apr 14, 2026",$10M to $50M,Active,mintlify.com,"Powering the knowledge infrastructure for companies like Anthropic, Microsoft, Coinbase, Perplexity, OpenClaw, and over 20,000 others",51-100,hi@mintlify.com,Hahnbee Lee,"Developer Tools, Information Technology, Software"
Fountain Life,Orlando,Florida,Series B,"Aug 13, 2025",$1M to $10M,Active,www.fountainlife.com,"Fountain Life delivers AI-powered diagnostics, multi-modal imaging, genetic analysis, and personalized health plans designed to support longevity and proactive disease prevention. It integrates functional-medicine protocols with comprehensive “Upload” diagnostics, blood, imaging, and genomics, to detect early signs of illness and guide tailored health optimization. Members engage with a care team that includes physicians, coaches, and nutritionists to translate diagnostic insights into individualized longevity and wellness strategies.",101-250,care@fountainlife.com,Peter Diamandis,"Science and Engineering, Software, Artificial Intelligence (AI), Health Care, Health Diagnostics, Medical, Wellness"
ChipAgents,Goleta,California,Series A,"Feb 17, 2026",,Active,chipagents.ai,"ChipAgents is reinventing semiconductor design and verification through advanced AI agent techniques. Alpha Design AI is pioneering an AI-native approach to Electronic Design Automation (EDA), transforming how chips are designed and verified. Our flagship product, ChipAgents, aims to boost RTL design and verification productivity by 10x, driving innovation across industries with smarter, more efficient chip design.",11-50,,,"Privacy and Security, Science and Engineering, Software, Agentic AI, Artificial Intelligence (AI), Data Governance, Electronic Design Automation (EDA), Enterprise Software"
Oobli,Davis,California,Series B,"Feb 13, 2025",$10M to $50M,Active,oobli.com,"Joywell Foods is developing the first healthy, protein sweeteners. Derived from exotic plants, protein sweeteners are rare compounds that provide an amazing taste without the calories. These proteins, produced through fermentation, have no glycemic impact and do not affect the gut microbiome. The company has received regulatory approvals, including FDA ""no questions"" letters and GRAS status for multiple proteins",11-50,hello@oobli.com,Jason Ryder,"Confectionery, E-Commerce, Food and Beverage, Nutrition"
Thesis Care,New York,New York,Series A,"Mar 25, 2026",,Active,www.trovohealth.com,"Thesis Care uses AI technology to provide comprehensive healthcare solutions, combining smart algorithms with professional human coaching to deliver personalized patient care.",11-50,,Aditya Pandyaram,"Science and Engineering, Software, Artificial Intelligence (AI), Health Care"
Sundayapp,Atlanta,Georgia,Series B,"Nov 12, 2025",$100M to $500M,Active,sundayapp.com,"Sundayapp is a fintech company that provides a fully integrated solution built for restaurants, bars, pubs, cafés, and hotels for customers to pay for their food via a QR code. It is built by restaurateurs for restaurateurs to connect the front- and back-of-house operations and to deliver the fastest payment method.",251-500,press@sundayapp.com,Christine de Wendel,"Software, FinTech, Payments, QR Codes, Restaurants, Transaction Processing"
Arize AI,Berkeley,California,Series C,"Feb 20, 2025",$10M to $50M,Active,arize.com,"Arize is a leading AI and agent engineering platform that helps teams design, evaluate, and operate production-grade AI systems with reliability and speed. Built to be independent and interoperable across models, frameworks, and clouds — with open-standard instrumentation at its core — Arize unifies development and production workflows in Arize AX (with Alyx for copilot-powered analysis) and complements them with the open-source Phoenix and OpenInference projects. Arize is headquartered in Berkeley, CA.",101-250,contacts@arize.com,Aparna Dhinakaran,"Information Technology, Science and Engineering, Software, AI Infrastructure, Artificial Intelligence (AI), Machine Learning"
Navi AI,San Francisco,California,Seed,"Mar 25, 2026",,Active,www.flynavi.com/,,1-10,,Nikola Kostic,"Science and Engineering, Software, Aerospace, Artificial Intelligence (AI), Training"
CloudZero,Boston,Massachusetts,Series C,"May 28, 2025",,Active,www.cloudzero.com,"CloudZero offers a cloud cost intelligence platform that enables organizations to analyze and manage their cloud expenditures. The platform provides real-time visibility into cloud costs, allowing teams to allocate expenses to specific products, features, or customers. By integrating with various cloud providers and services, CloudZero assists businesses in identifying cost-saving opportunities and optimizing their cloud investments. The company has developed tools such as CloudZero Intelligence, an AI-driven system that enhances cost prediction and optimization capabilities. Additionally, CloudZero supports organizations in managing expenses related to AI workloads by providing detailed insights into usage and costs across different teams and services. Through partnerships and integrations, CloudZero aims to facilitate efficient cloud spending and improve financial accountability within organizations.",101-250,info@cloudzero.com,Erik Peterson,"Internet Services, Software, Cloud Computing, Cloud Management, Developer Tools, DevOps, Machine Learning"
AgentMail,San Francisco,California,Seed,"Mar 10, 2026",,Active,agentmail.to,,1-10,contact@agentmail.cc,Haakam Aujla,"Internet Services, Messaging and Telecommunications, Science and Engineering, Artificial Intelligence (AI), Email, Software"
Rad Security,San Francisco,California,Series A,"Feb 24, 2025",$1M to $10M,Active,radsecurity.ai,"RAD Security offers a complete AI-driven platform that empowers organizations to secure their AI workloads and cloud infrastructure with real-time, behavior-driven defense. Building on its battle-tested Cloud Detection and Response (CDR) platform, RAD enhances its capabilities to help enterprises safeguard their AI systems as they grow and adapt. With a focus on proactive security and continuous adaptation, RAD Security enables businesses to confidently navigate the complexities of AI security while maintaining seamless, scalable protection.",11-50,info@rad.security,Brooke Motta,"Information Technology, Media and Entertainment, Science and Engineering, Artificial Intelligence (AI), Event Management, IT Infrastructure, SaaS"
Freed,San Francisco,California,Series A,"Mar 5, 2025",$10M to $50M,Active,www.getfreed.ai,"Freed is an AI scribe that listens, transcribes, and writes SOAP notes in real time—saving clinicians hours on documentation.  It generates comprehensive SOAP notes quickly, enhancing work efficiency. Freed's platform listens, transcribes, and generates comprehensive clinical notes during patient visits. Clinicians initiate the process by starting the app at the beginning of a visit; the AI captures the conversation and produces structured notes within 60 seconds after concluding the visit. These notes can be reviewed and seamlessly integrated into electronic health records (EHRs).",11-50,info@getfreed.ai,Andrey Bannikov,"Information Technology, Science and Engineering, Software, Artificial Intelligence (AI), Document Management, Electronic Health Record (EHR), Health Care"
Aktis Oncology,Boston,Massachusetts,Series B,"Sep 30, 2024",,Active,www.aktisoncology.com,"Aktis Oncology is a biotechnology company pioneering the discovery and development of a new class of targeted radiopharmaceuticals to treat a broad range of solid tumor cancers. Founded and incubated by MPM Capital, the company has developed proprietary platforms to generate tumor-targeting agents with ideal properties for alpha radiotherapy. Designed for high tumor penetration and long residence time, Aktis Oncology's molecules will quickly clear other areas of the body, thereby maximizing tumor elimination while minimizing the side effects of treatment. This approach would also enable clinicians to visualize and verify target engagement prior to exposure to therapeutic radioisotopes.",51-100,info@aktisoncology.com,Brian Goodman,"Biotechnology, Health Care, Life Science, Oncology"
Casap,New York,New York,Series A,"Aug 7, 2025",,Active,casaphq.com,"Casap is an AI-powered platform that helps financial institutions automate disputes and reduce fraud. The company's platform offers a copilot and collaboration tool to streamline the dispute process, improve recovery rates, and identify patterns of fraud. Casap also provides built-in regulatory expertise and support for various transaction types.",1-10,hello@casap.capital,Saisi Peter,"Software, Finance, Fraud Detection"
Sift,El Segundo,California,Series B,"Mar 25, 2026",$1M to $10M,Active,www.siftstack.com,Sift offers transformative tools for machine creators to innovate at speed and scale.,51-100,info@siftstack.com,Austin Spiegel,"Machine Learning, SaaS, Software"
Crescendo,San Francisco,California,Series C,"Oct 2, 2024",$50M to $100M,Active,www.crescendo.ai,"Crescendo developed the world’s first augmented-AI customer experience (CX) platform that combines advanced AI with a global service team to deliver outcome-driven results for fast-moving, digitally-native enterprises growing quickly. With its unique approach, Crescendo offers scalable solutions that optimize both frontline and back office operations, helping companies create meaningful, personalized customer experiences.",1001-5000,info@crescendo.ai,Anand Chandrasekaran,"Professional Services, Science and Engineering, Software, Artificial Intelligence (AI), Customer Service, Outsourcing"
Venteur,San Francisco,California,Series A,"Apr 1, 2025",$1M to $10M,Active,www.venteur.com,"Venteur is the health insurance operating system designed to end ""job lock"" and return healthcare agency to the individual. Leveraging the ICHRA model, we enable employers to provide predictable, defined-contribution benefits while giving employees the freedom to choose and own their coverage.

By balancing technology-driven scale with people-centric advocacy, we service the real-life needs of individuals navigating complex care. Venteur is on a mission to decouple health insurance from employment, building the reliable infrastructure for a personalized, portable healthcare future.",11-50,hello@venteur.com,Stacy Edgar,"Data and Analytics, Financial Services, Health Care, Artificial Intelligence (AI), Employee Benefits, Finance"
GovDash,San Francisco,California,Series B,"Jan 15, 2026",,Active,govdash.com,"GovDash is a technology company that provides a data and analytics platform designed to track, visualize, and benchmark government and public policy metrics across jurisdictions. The platform aggregates public sector data, including economic, demographic, and policy indicators, into interactive dashboards that help analysts, researchers, and decision-makers interpret trends, compare outcomes, and monitor changes in areas such as public finance, social services, employment, and regulatory environments. GovDash’s tools support custom reporting, peer comparisons, and user-defined data filtering to enable deeper analysis of specific policy questions or performance areas. The company also offers data integration and support services that allow organizations to connect internal datasets with public data sources for more comprehensive analysis. Users apply the platform to research initiatives, strategic planning, policy evaluation, and stakeholder communication. GovDash continues to expand its data coverage and analytics functionality to support informed public sector analysis and decision-making.",11-50,sean@govdash.com,Curtis Mason,"Information Technology, Science and Engineering, Software, Artificial Intelligence (AI), Government, Procurement"
Zorro,New York,New York,Series A,"Jun 11, 2025",$10M to $50M,Active,www.myzorro.co,"Zorro is an insurtech company that provides health insurance and health services. It reduces health insurance costs for employers and helps them create personalized, better benefits that employees value and want.",11-50,contact@myzorro.co,Guy Ezekiel,"Health Care, Insurance, InsurTech"
NetBox Labs,New York,New York,Series B,"Jul 14, 2025",$1M to $10M,Active,netboxlabs.com/,"At NetBox Labs, we’re building the central nervous system for modern infrastructure — the foundation that helps companies run, scale, and secure the networks that power the world. We make it easier for teams at companies including ARM, Cisco, Constant Contact, CoreWeave, J.P. Morgan, Kaiser Permanente, and Riot Games to build and manage complex networks and infrastructure with a world-class portfolio of open, composable products across network discovery, assurance, operations and observability. As the commercial steward of open source NetBox, the most popular platform for operating, automating, understanding and securing complex networks and infrastructure, NetBox Labs fosters and invests in a vibrant community of tens of thousands of network and infrastructure professionals.",101-250,info@netboxlabs.com,Bill Lapcevic,"Software, AI Infrastructure, Information Technology, IT Infrastructure, Network Hardware, Open Source"
Keye,New York,New York,Seed,"Jul 29, 2025",,Active,www.keye.co,"Keye provides an AI-powered due diligence platform that transforms raw deal files into structured, investor-ready outputs. The platform automates data cuts, runs calculations, and surfaces insights for faster decision-making. Keye ensures accuracy and transparency, linking every output to its raw source and offering Excel-ready exports.",11-50,contact@keye.co,Conor Brown,"Financial Services, Information Technology, Science and Engineering, Artificial Intelligence (AI), Enterprise Applications, Finance"
Utila,New York,New York,Series A,"Sep 3, 2025",,Active,utila.io,"Utila provides a digital asset management platform for institutions to securely store, transfer, and manage digital assets. It uses Multi-Party Computation (MPC) technology to enhance security and control across multiple blockchains and wallets. The platform supports trading operations, payments, Treasury management, and tokenization. Utila also offers APIs and an SDK for developers to integrate its services into custom applications.",11-50,contact@utila.io,Bentzi Rabi,"Asset Management, Blockchain, Financial Services"
Empathy,New York,New York,Series C,"May 29, 2025",$10M to $50M,Active,www.empathy.com,"Empathy is a platform for families to deal with the loss of their people. Empathy combines technology and human support to provide a digital companion application built to empower bereaved families. The company's flagship offering is a multi-platform app that guides users through the emotional and practical aspects following the loss of a loved one. This includes assistance with tasks such as funeral planning, closing accounts, and managing estate affairs. Empathy's approach is designed to reduce the complexity and stress associated with these responsibilities.",101-250,hello@empathy.com,Ron Gura,"Software, Apps, Health Care, Information Technology"
Basis,New York,New York,Series B,"Feb 24, 2026",,Active,www.getbasis.ai,"Basis is an AI platform that equips accounting professionals with autonomous agents capable of understanding, learning, and executing complex accounting workflows under directed instruction. Its platform integrates with existing accounting systems and ledgers to perform tasks such as transaction processing, reconciliations, and financial statement preparation, adapting to specific client needs rather than relying on rigid rules. Basis’s AI agents automate routine work, generating outputs ready for review and allowing accountants to shift focus toward higher-value activities like judgment application and advisory tasks. The platform supports a range of practice areas, including client accounting services, tax, audit, and advisory, with systems designed to conform to firm standards and practices. Basis positions its technology alongside existing software ecosystems so that accounting teams can leverage agentic automation within familiar environments. The solution aims to enhance workflow efficiency by reducing manual effort and enabling professionals to oversee and manage intelligent agents at scale. Basis’s offerings are oriented toward improving internal processes for accounting firms and augmenting the capabilities of practitioners with adaptive AI assistance.",11-50,,Matt Harpe,"Information Technology, Professional Services, Science and Engineering, Accounting, Artificial Intelligence (AI)"
Seaport Therapeutics,Boston,Massachusetts,Series B,"Mar 3, 2026",,Active,seaporttx.com,"Seaport Therapeutics develops therapeutics for neuropsychiatric disorders, focusing on antidepressants and anxiolytics. The company utilizes its Glyph™ platform to create compounds designed for oral bioavailability while minimizing first-pass metabolism and reducing hepatotoxicity and other side effects. Its pipeline includes candidates that aim to address underlying mechanisms of depression and anxiety, with ongoing research to optimize clinical efficacy and safety. Seaport Therapeutics also conducts meta-analyses and clinical studies to refine trial design and better understand factors influencing treatment outcomes. The company integrates pharmacological research with translational strategies to advance potential therapies from discovery through clinical development.",101-250,info@seaporttx.com,Daphne Zohar,"Biopharma, Biotechnology, Therapeutics"
AIM,Bellevue,Washington,Series A,"Jun 10, 2025",$1M to $10M,Active,aim.vision,"AIM = AI autonomy platform for heavy machinery

Scalable earthmoving is not optional. It’s required for our civilization to flourish.

Critical materials like copper, iron ore, lithium are in short supply and dangerous to mine. One billion people live less than 10 meters above rising oceans, 1 in 6 people live in areas with significant wildfire risk, 43% of critical infrastructure is in disrepair and will cost $2.6T to fix, and pollution from the Manhattan Project is still being cleaned up with a $300B invoice, food production must increase 60% to feed 2050 population, it will take 757 years to remove mines in Ukraine with traditional methods. What do these problems have in common? One, our civilization does not have a feasible way to address challenges of this magnitude. Two, earthmoving is a key part of the solution.

Our commercially deployed autonomy product runs a wide range of existing earthmoving machinery (new, older, large, small, any brand). As a result, our customers run their operations at maximum throughput and safety. The AIM platform unlocks tremendous value across mining, construction, and defense.

AIM has been built by world-class engineers who developed cutting-edge products Google, Waymo, Tesla & SpaceX. We bring deep expertise in autonomy, robotics, hardware, and advanced AI deployed at scale.",11-50,hello@aim.vision,Adam Sadilek,"Manufacturing, Natural Resources, Other, Artificial Intelligence (AI), Construction, Industrial Automation, Infrastructure, Machine Learning"
Ontic,Austin,Texas,Series C,"Aug 21, 2025",,Active,www.ontic.co,"Ontic provides software that helps corporate and government security teams identify threats, assess risk, and respond faster to keep people and organizations safe. Its Connected Intelligence Platform unifies security operations and data into a centralized system of record, enabling organizations to conduct risk assessments, protect against workplace violence, and manage threats and incidents more efficiently. Fortune 500 companies and federal agencies rely on Ontic to support security programs such as executive protection, threat intelligence, and corporate investigations.",251-500,contact@ontic.co,Gagan Jain,"Information Technology, SaaS, Security, Software"
Majestic Labs ai,San Francisco,California,Series A,"Nov 10, 2025",,Active,majestic-labs.ai/,,11-50,,,"Software, Artificial Intelligence (AI)"
Constructor,San Francisco,California,Series B,"Jun 17, 2024",$100M to $500M,Active,www.constructor.io,"Constructor.io is the only search and product discovery platform tailor-made for enterprise eCommerce where conversions matter. 

Constructor's cloud-based solutions use natural language processing, machine learning-enhanced results ranking, and collaborative personalization to deliver powerful user experiences across all facets of product discovery -- from search to browse, recommendations, autosuggest, quizzes, and attribute enrichment.

We optimize revenue before relevance. This has allowed us to generate consistent $10M+ lifts for our customers, which include some of the biggest brands in retail like Sephora, American Eagle, Backcountry, Birkenstock, and Bonobos. 

Constructor is a remote-first company with employees around the world. We were founded in 2015 by Eli Finkelshteyn and Dan McCormick.",101-250,info@constructor.io,Dan McCormick,"Science and Engineering, Software, Artificial Intelligence (AI), Machine Learning, SaaS, Search Engine, Semantic Search"
Artie,San Francisco,California,Series A,"Jan 22, 2026",$1M to $10M,Active,www.artie.com,"Artie is a technology platform that provides real-time data replication and streaming services to synchronize data across systems for AI and analytics use cases. It captures and moves only changed data from source databases into targets like data warehouses, handling schema evolution, pipeline monitoring, and consistency with low latency and minimal infrastructure maintenance. The platform supports flexible deployment options, observability tools, and integrations with popular databases and analytic destinations to help teams power applications with fresh, reliable data. Artie’s offering is centered on enabling data teams to reduce operational complexity while maintaining secure and continuous data flows.",11-50,hi@artie.com,Jacqueline Cheong,"Software, Analytics, B2B, Database, Data Integration, Real Time"
Astor,San Francisco,California,Seed,"Apr 23, 2026",,Active,www.astor.app,,1-10,founders@astor.app,Bruno Koba,"Financial Services, Science and Engineering, Software, Analytics, Artificial Intelligence (AI), FinTech, Market Research"
Quilter,Los Angeles,California,Series B,"Oct 8, 2025",,Active,www.quilter.ai/,"Quilter develops physics-based autonomous AI software for printed circuit board (PCB) design aimed at accelerating hardware development. The platform offers a layout engine that automates board design without the need for scripting or templates, allowing engineers to input constraints and receive design files quickly. Quilter supports rapid iteration by enabling engineers to maintain control over their development cycles and reduce wait times for board layouts. The software integrates with existing workflows to facilitate early design exploration and faster testing. Quilter focuses on reducing the time required for design iteration, helping hardware teams increase innovation speed.",1-10,,Sergiy Nesterenko,"Hardware, Science and Engineering, Software, Artificial Intelligence (AI), Electronics"
PeakMetrics,Los Angeles,California,Series A,"Apr 9, 2026",Less than $1M,Active,www.peakmetrics.com,"PeakMetrics provides a narrative intelligence platform that helps enterprises and governments identify and combat emerging online narrative threats. Using state-of-the-art ML technology, PeakMetrics analyzes more than 1.5 million media sources and 10 different social media platforms to identify media manipulation and adversarial attacks in real-time,  before they cause damage. Organizations use PeakMetrics to discern source credibility, understand how audiences spread narratives, and quantify risk and response scenarios — without spending millions on crisis communication and manual sentiment analysis. Detect, decipher, defend at peakmetrics.com.The internet is manipulated. Narratives are engineered, accelerated by AI, and amplified by algorithms before most organizations even see them coming. PeakMetrics is an AI-powered narrative intelligence platform built to help enterprises, agencies, and public sector organizations see through it. We built AI agents that surface where threats are coming from, who is driving them, and where they are headed next, so teams can protect their brand, their reputation, and their bottom line before it reaches the headlines.",11-50,info@peakmetrics.com,Bobby Lincoln,"Privacy and Security, Sales and Marketing, Software, Cyber Security, Machine Learning, Marketing Automation, Natural Language Processing"
Miravoice,San Francisco,California,Seed,"Apr 2, 2026",,Active,www.miravoice.com/,,1-10,,Danny D. Leybzon,"Software, Artificial Intelligence (AI), Robotic Process Automation (RPA), Virtual Assistant"
BNTO,Los Angeles,California,Series B,"Mar 25, 2026",$1M to $10M,Active,www.bnto.com,"BNTO is an AI-powered subscription platform that offers personalized fashion experiences by integrating new purchases, rentals, and resales. The platform uses ALMA.AI, a proprietary AI solution, to optimize fashion supply and demand by analyzing real-time inventory data and user behavior. This allows BNTO to make informed decisions about which products to offer, how to provide access to them, and at what price. By unifying rental, resale, and new purchase options into a single inventory pool, NTO efficiently matches products with consumer demand. This approach enables flexibility in inventory management, reduces waste and overproduction, and increases profitability while giving consumers more options.",11-50,support@bnto.com,Andrea Pasinetti,"Data and Analytics, Design, Hardware, Artificial Intelligence (AI), E-Commerce, Fashion, Retail Technology, Supply Chain Management"
Lighthouse Pharma,Novato,California,Series A,"Apr 23, 2026",,Active,www.lighthousepharma.com,Lighthouse Pharma's strategy combines translational insights with considerable clinical experience to better understand and treat dementia and other illnesses.,1-10,info@lighthousepharma.com,,"Health Care, Medical, Pharmaceutical"
Antheia,Menlo Park,California,Series C,"Jan 27, 2026",$1M to $10M,Active,www.antheia.bio,"Antheia specializes in producing biosynthetic key starting materials (KSMs) and active pharmaceutical ingredients (APIs) for essential medicines using synthetic biology. By engineering yeast to reconstruct complex biosynthetic pathways, the company converts simple sugars into pharmaceutical compounds through fermentation. This approach aims to reduce reliance on traditional agricultural sources and chemical synthesis, offering a more controlled and consistent supply chain. Antheia's product pipeline includes compounds for therapeutic areas such as neurology, oncology, and gastroenterology. The company supports pharmaceutical partners from development through regulatory submission to facilitate the adoption of biomanufactured ingredients.",11-50,info@antheia.bio,Christina Smolke,"Science and Engineering, Biotechnology, Health Care, Manufacturing, Pharmaceutical"
Zyphra,Palo Alto,California,Series A,"Jun 9, 2025",$1M to $10M,Active,zyphra.com,,51-100,info@zyphra.com,Danny Martinelli,"Science and Engineering, Software, Artificial Intelligence (AI), Cloud Computing, Machine Learning"
MIND,Seattle,Washington,Series A,"Jun 4, 2025",,Active,mind.io,"MIND is a cybersecurity company that offers an AI-driven data security platform to automate data loss prevention and insider risk management programs. By leveraging advanced machine learning algorithms, MIND enables organizations to automatically identify, classify, and protect sensitive information across various environments, including SaaS applications, endpoints, on-premises systems, and emails. The platform's core capabilities encompass data discovery and classification, real-time data detection and response, and proactive loss prevention and mitigation. MIND's AI engine continuously monitors data at rest, in motion, and in use, providing context-aware insights to prioritize risks and automate remediation actions. This approach reduces the manual effort typically associated with traditional DLP solutions and enhances the efficiency of security teams.",11-50,,Eran Barak,"Privacy and Security, Science and Engineering, Software, Artificial Intelligence (AI), Cyber Security, Machine Learning, Network Security"
ORAN Development Company,Virginia,Minnesota,Series A,"Mar 26, 2026",,Active,orandevco.com/,,51-100,,,"Manufacturing, Science and Engineering, Software, Artificial Intelligence (AI), Industrial, Telecommunications"
Newo.ai,San Francisco,California,Series A,"Feb 10, 2026",,Active,newo.ai,"Newo.ai provides a cloud software platform that enables businesses to create and deploy AI Agents capable of handling customer communications across voice, text, and chat channels. The company’s technology focuses on automating tasks such as answering calls, scheduling appointments, managing bookings, and qualifying leads through omnichannel interactions. Newo.ai’s platform generates AI Agents rapidly by analyzing business data and supports integrations with existing tools like calendars and CRM systems. Its services include tools for inbound and outbound use cases, such as AI receptionists, lead nurturing, and customer service automation, designed to reduce missed opportunities and streamline communication workflows.",11-50,david@newo.ai,David Yang,"Other, Professional Services, Science and Engineering, Artificial Intelligence (AI), Customer Service, Information Technology, Scheduling, Software"
Owner,Palo Alto,California,Series C,"May 13, 2025",$10M to $50M,Active,owner.com,"Owner provides a suite of tools designed to assist local restaurant owners in enhancing their sales and online visibility. The platform features solutions like mobile ordering and customer rewards, which aim to improve customer engagement. Additionally, Owner offers a free website grading tool that helps restaurants evaluate their online presence and identify areas for improvement. These resources empower restaurant owners to optimize their marketing strategies and connect more effectively with their customers. By focusing on practical solutions, Owner supports the growth and development of local dining establishments.",101-250,support@owner.com,Adam Guild,"Software, CRM, Restaurants"
Lumotive,Redmond,Washington,Series B,"Feb 19, 2025",$1M to $10M,Active,www.lumotive.com,"Lumotive develops optical semiconductor solutions that enhance sensing and perception capabilities across various industries. The company focuses on products such as the Light Control Metasurface beam steering chips, which facilitate advanced functionalities in mobile devices, autonomous vehicles, and robotics. These chips are designed for easy integration and provide a compact solution for applications requiring precise control of light. Lumotive’s technology supports a range of uses in consumer electronics, mobility, and industrial automation, enabling improved performance in sensing and imaging tasks.",51-100,info@lumotive.com,Bill Colleran,"Science and Engineering, Software, Transportation, Autonomous Vehicles, Drones, Electronics, Robotics, Semiconductor"
Beep,Orlando,Florida,Series A,"Apr 10, 2025",$1M to $10M,Active,ridebeep.com,"Beep is an autonomous mobility solution company that delivers transportation utilizing driverless, electric, multi-passenger vehicles. It specializes in planning, deploying, and managing advanced autonomous shuttles in both public and private communities seeking to more safely connect people, places, and services in first-mile, last-mile mobility networks within controlled speed areas. 

The company aims to enable mobility for all with the services they provide. Beep also leverages the data and learnings from each live deployment to produce vehicle agnostic, edge solutions that are advancing the safety, access, artificial intelligence, and driverless operating capabilities of autonomous platforms thus advancing the use of these new, innovative, environmentally-friendly transportation solutions.",101-250,info@go-beep.com,Joe Moye,"Science and Engineering, Software, Transportation, Artificial Intelligence (AI), Automotive, Autonomous Vehicles, Information Technology"
Beinsure,New York,New York,Seed,"Mar 15, 2026",,Active,beinsure.com,"Beinsure.com—B2B digital media platform focused on insurance, reinsurance and InsurTech, SaaS and blockchain technologies. Since 2006, we have delivered industry news, research, rankings and technology insights for insurance professionals, founders, and decision-makers. The platform was completely relaunched in 2022 as an insurance and insurtech research hub. Beinsure reaches 250K monthly users and 2.2M+ annual readers across key insurance markets.

Beinsure is a professional insurance digital platform that offers comprehensive coverage, in-depth analyses, and trusted reviews on a wide range of topics related to insurance and technology.

The content is curated to inform and educate readers about market trends, investment opportunities, and technological advancements in the insurance and InsurTech sectors.
Beinsure serves a global audience interested in finance, insurance, and technology, offering an integrated platform for both industry professionals and the general public.
The content is curated to inform and educate readers about market trends, investment opportunities, and technological advancements in the insurance and InsurTech sectors.
It’s a great resource for re/insurers and investors looking to stay informed on market news, and it also offers helpful tools and resources.

Audience: Insurance executives, brokers, reinsurers, Insurtech founders & investors, risk, compliance & technology decision-makers.

Key Aspects of Beinsure

    Global Reach: Aimed at an international audience interested in insurance, reinsurance, insurtech, SaaS and emerging technologies.
    Editorial Focus: Covers Insurance, reinsurance, insurtech, AI, blockchain, cybersecurity, and risk modeling in the re/insurance sector.
    Trusted Source: Known for unbiased insurance insights, market ratings, insurance market statistics, and data-driven analysis to help users understand insurance and investment needs.
    Global Audience: B2B (insurers, reinsurers, investors, tech firms) and B2C (individuals interested in finance, insurance, tech).
    Goal: To simplify complex insurance and tech topics, offering unbiased information and analysis.
    Technology: Uses AI and big data for insurance data analysis and market research. 

Our Vision

To be the world’s most influential and trusted media platform for insurance and InsurTech, empowering professionals, companies, and investors with the knowledge to navigate and thrive in a rapidly evolving financial ecosystem.

Our Mission

Beinsure’s mission is to simplify complex insurance and technology topics by providing reliable news, in-depth analysis, and forward-looking insights. We aim to help insurers, reinsurers, and investors understand market trends, identify opportunities, and make better-informed decisions.

Our Philosophy

We believe information is the foundation of transformation. Our philosophy is to provide clarity, accuracy, and accessibility in every piece of content. By combining journalistic rigor with industry expertise, Beinsure fosters transparency, collaboration, and innovation in global insurance and financial markets.

Our Strategy

    Deliver high-quality, data-driven reporting on insurance, reinsurance, InsurTech, and investment markets.
    Expand global reach with localized insights into key markets including North America, Europe, and Asia.
    Strengthen partnerships with leading industry organizations, events, and analysts to provide authoritative coverage.
    Integrate digital tools, indices, and analytics to create a one-stop knowledge hub for insurance and finance professionals.
    Continue to scale readership by maintaining editorial independence and investing in digital innovation.

We are committed to connecting ideas, people, and opportunities—transforming insurance into assurance, and making industry knowledge available to all who seek it.",1-10,go@beinsure.com,Oleg Parashchak,"Privacy and Security, Cyber Security, Digital Media, Finance, FinTech, Information Services"
Valon Technologies,New York,New York,Series C,"Oct 23, 2024",$50M to $100M,Active,www.valon.com,"Valon Mortgage is a Fannie Mae and Freddie Mac approved, tech-enabled residential mortgage servicer. The company’s mission is to champion homeowners on their financial journey as the partner they trust with their home and their future.",251-500,contact-us@valon.com,Andrew Wang,"Financial Services, FinTech, Real Estate"
Gameto,New York,New York,Series C,"Aug 12, 2025",$1M to $10M,Active,gametogen.com,"Gameto is a biotechnology company whose mission is to redefine female reproductive health by developing therapies that improve lives.

Women’s health is a vastly underserved therapeutic area. Most conditions have few treatment options, and those available often cause frequent complications and offer limited clinical benefit. Gameto aims to change that.

Gameto is committed to using cutting-edge scientific advances to deliver better solutions to patients. Using cellular engineering, they have developed a platform to produce female reproductive cell lines. They use proprietary combinations of transcription factors to reprogram hiPSCs into engineered ovarian and endometrium cell lines that mimic the functions of endogenous cells, producing and responding to all hormones. 

Their team of cellular engineers is using this platform to advance a portfolio of cellular therapeutics for female reproductive diseases. 

Gameto's first program, Fertilo,  is a therapeutic for IVF and egg freezing, aiming to make the process shorter, safer and more effective. Additional applications of our platform include, an organoid of the female reproductive system, Deovo,  and a cell-based therapeutic to ameliorate the health consequences of primary ovarian insufficiency and menopause, Ameno.",11-50,,Dina Radenkovic,"Biopharma, Biotechnology, Genetics, Life Science"
9amHealth,Encinitas,California,Series B,"Mar 29, 2026",$10M to $50M,Active,www.9am.health,"9amHealth offers complete cardiometabolic care—a first-of-its-kind, whole-body approach to preventing and treating diabetes, obesity, high cholesterol, and hypertension. We partner with employers, PBMs, and health plans to provide effective health benefits for those living with chronic conditions. 9am's members receive personalized care plans, prescription delivery, at-home lab tests, and unlimited specialist access. 9amHealth was founded in 2021 by the team behind mySugr and is backed by Cigna Ventures, 7Wire Ventures, Human Capital, Founders Fund, and Define Ventures. More at www.join9am.com.",11-50,,Anton Kittelberger,"Health Care, Medical, Wellness"
Percent,New York,New York,Series B,"May 31, 2024",$1B to $10B,Active,percent.com,"Percent has created the modern credit marketplace, empowering investors, borrowers, and underwriters with innovative technology to increase the speed and velocity of transactions at a fraction of the cost. The company’s core infrastructure delivers public market efficiencies to the analog private credit market by powering the sourcing, structuring, syndication, surveillance and servicing of private credit transactions from beginning to end. Founded in 2018, Percent’s platform is becoming the market standard for asset-based and corporate lending, powering over $1.2 billion in transaction volume in a multi-trillion-dollar private credit industry. For additional information, please visit www.percent.com and follow the company on Facebook, Instagram, LinkedIn and Twitter.",11-50,hello@percent.com,Nelson Chu,"Credit, Financial Services, FinTech, Information Services"
Gail,Miami,Florida,Seed,"May 21, 2025",,Active,www.meetgail.com,"GAIL is an AI platform that provides conversational automation and virtual AI employees, primarily for insurance agencies and other regulated industries. It helps businesses automate sales, support, and customer engagement 24/7, aiming to reduce costs and improve efficiency with easy onboarding and integration",11-50,support@meetgail.com,Matthew Vega-Sanz,"Professional Services, Science and Engineering, Software, Artificial Intelligence (AI), Business Development, Information Technology"
Bridge,San Antonio,Texas,Series A,"Aug 29, 2024",,Closed,www.bridge.xyz,"Bridge is developer of an application programming interface for money movement within the financial technology sector. The company provides APIs that enable developers to convert various forms of currency into stablecoins and to facilitate instant, global transactions with built-in compliance and programmability features.",11-50,support@bridge.xyz,Sean Yu,"Software, Cryptocurrency, Developer Tools, Financial Services, FinTech"
Nectir,San Francisco,California,Series A,"Mar 10, 2026",$1M to $10M,Active,www.nectir.io/,"Nectir AI is a powerful platform that allows educators to create customizable, FERPA-compliant AI Assistants that live within the LMS. Provide students with 24/7 personalized support, lighten faculty and staff workloads, and drive measurable improvements in student outcomes.",11-50,support@nectir.io,Jordan Long,"Science and Engineering, Software, Artificial Intelligence (AI), EdTech, Education, SaaS"
Circular Genomics,Albuquerque,New Mexico,Series A,"Dec 1, 2025",$1M to $10M,Active,www.circulargenomics.com,"Circular Genomics develops circular RNA (circRNA)-based diagnostic and biomarker tools for neurological and psychiatric disorders. The company uses brain-derived circRNAs, a class of stable non-coding RNA molecules enriched in the brain, to build blood-based assays that reflect disease biology in real time. Its first product, MindLight™, predicts whether a patient with major depressive disorder will respond to SSRI antidepressants. Circular Genomics is also creating additional assays designed for early detection and risk prediction of neurodegenerative diseases such as Alzheimer’s disease. The company applies its circRNA platform to help clinicians make more informed treatment decisions using molecular indicators of brain health.",11-50,,Alexander Hafez,"Biotechnology, Health Care, Life Science, Neuroscience"
Arcjet,San Francisco,California,Series A,"Oct 8, 2025",$1M to $10M,Active,arcjet.com,"Arcjet is the runtime security platform that ships with your AI code. Stop bots and automated attacks from burning your AI budget, leaking data, or misusing tools with Arcjet's AI security building blocks.",1-10,support@arcjet.com,David Mytton,"Other, Privacy and Security, Science and Engineering, Artificial Intelligence (AI), Cyber Security, Developer Tools, Infrastructure, Security"
Carecubes,San Francisco,California,Series A,"Mar 19, 2026",$1M to $10M,Active,www.carecubes.com,,1-10,support@carecubes.com,Alex Laskey,"Biotechnology, Medical, Medical Device"
Read AI,Seattle,Washington,Series B,"Oct 28, 2024",$1M to $10M,Active,www.read.ai,"Read AI helps enhance meeting wellness by providing better scheduling options, real-time analytics, and detailed meeting summaries to keep everyone on the same page. The tool offers AI-generated summaries, known as “Readouts”, for email and messaging platforms like Gmail, Outlook, Teams, and Slack, streamlining communication. Read AI is capable of summarizing video calls across various platforms, including Zoom, Microsoft Teams, and Google Meet, making it versatile for different meeting types.",11-50,info@read.ai,David Shim,"Science and Engineering, Software, Analytics, Artificial Intelligence (AI), Enterprise Software, Machine Learning, Meeting Software"
Seneca,America,Alabama,Series A,"Oct 20, 2025",$10M to $50M,Active,seneca.com,"Seneca is a company that develops advanced AI, robotic, and autonomous drone systems specifically designed to combat the escalating threat of wildfires. Their flagship product is an autonomous rapid response fire suppression drone system that can be controlled by a single pilot managing multiple drones carrying fire retardants. These AI-powered drones use infrared and video technology for precise targeting, enabling rapid detection and suppression of fires and smoldering embers, often before they grow out of control.",11-50,,Adrian Aoun,"Information Technology, Science and Engineering, Software, Artificial Intelligence (AI), Public Safety"
Canopy Works,San Francisco,California,Series B,"Jan 8, 2026",,Active,www.canopyworks.com/,"Canopy is a mission-driven healthtech company dedicated to protecting the frontline workforce. Its flagship product, Canopy Protect, provides hospitals with real-time tools to prevent and de-escalate workplace violence. Since its founding in 2019, Canopy has grown to serve more than 60 health systems, protecting more than 300,000 healthcare workers nationwide and ensuring compliance with safety standards.
Canopy was built in partnership with leading health systems and a veteran leadership team with executive experience at Google, Microsoft, and Amazon. Canopy is backed by top-tier Silicon Valley investors committed to building a safer, more resilient healthcare environment.",101-250,info@canopyworks.com,Hemanth Meenakshisundaram,"Health Care, Information Technology, Internet Services, Cloud Security, Information Services, Location Based Services, Medical"
Sceye,Moriarty,New Mexico,Series C,"Jun 25, 2025",$1M to $10M,Active,www.sceye.com,"Sceye is a material science company that is leading the development of a new generation of high-altitude platform stations. Sceye can be found in Moriarty, New Mexico.",51-100,,Mikkel Vestergaard Frandsen,"Natural Resources, Science and Engineering, Software, 3D Technology, Aerospace, Internet, Sensor, Solar"
Kytopen,Cambridge,Massachusetts,Series B,"Apr 7, 2026",$1M to $10M,Active,www.kytopen.com,"Kytopen develops genome engineering platforms that enable cell therapy research and manufacturing. The company provides non-viral gene delivery systems that facilitate the delivery of mRNA, DNA, and CRISPR Cas9 RNP into cells while retaining cell functionality. Its Flowfect® technology allows high-throughput transfections and scalable optimization from small experiments to large-scale manufacturing.

Kytopen’s platforms include Flowfect Discover™ for automated small-volume screening and Flowfect TX® for large-scale delivery, supporting drug discovery and process development. The systems integrate electrical, mechanical, and chemical forces to fine-tune gene delivery, enabling controlled and predictable scaling. The company’s solutions focus on removing bottlenecks in gene delivery and streamlining the transition from laboratory research to therapeutic production.",11-50,hello@kytopen.com,Cullen Buie,"Biotechnology, Genetics, Health Care, Life Science"
Ambrook,New York,New York,Series A,"Jul 1, 2025",,Active,ambrook.com,"The Ambrook platform includes bookkeeping, invoicing, bill pay, analytics, inventory, and more tools. Ambrook aims to help these businesses manage finances, track profitability, and prepare for the future.",11-50,hello@ambrook.com,Dan Schlosser,"Professional Services, Software, Accounting, Agriculture, FinTech, Payments"
Firecrawl,San Francisco,California,Series A,"Aug 19, 2025",,Active,www.firecrawl.dev,"Firecrawl converts websites into clean, AI-ready data through a unified API. It provides functionality to crawl entire websites or scrape individual pages, returning outputs in markdown, structured data (JSON), HTML, screenshots, and more. It handles dynamic content, JavaScript-rendered pages, proxies, rate limits, and caching behind the scenes to simplify integration for developers. It supports integrations with popular AI frameworks and tools, including LangChain, LlamaIndex, and Zapier, offering flexible usage across different environments.",1-10,help@firecrawl.com,Caleb Peffer,"Software, Artificial Intelligence (AI), Developer APIs, SaaS, Web Development"
BRINC Drones,Seattle,Washington,Series B,"Apr 8, 2025",$10M to $50M,Active,brincdrones.com,"BRINC Drones develops technology that enhances public safety, focusing on hardware, software, and services for emergency responders. The company's drones enable first responders to communicate in real time with individuals during incidents, facilitating crisis management and de-escalation.",101-250,contact@brincdrones.com,Blake Resnick,"Data and Analytics, Government and Military, Hardware, Aerospace, Artificial Intelligence (AI), Drones, Law Enforcement, Public Safety"
Flagright,San Francisco,California,Seed,"Mar 27, 2025",$1M to $10M,Active,flagright.com,"Flagright is a global leader in AI-native transaction monitoring and AML compliance solutions, featuring a highly customizable, risk-based platform with the industry’s fastest two-week integration, enabling financial institutions to centralize detection, investigate and report suspicious activity, streamline regulatory workflows, and strengthen financial crime controls. Flagright has also been recognized as the fastest growing AML compliance platform in Europe on Sifted’s Europe 250 in 2025, also globally recognized by Chartis as a leader in AI for fincrime compliance in Chartis’s Financial Crime Compliance50 2025, amongst several other global recognitions. Trusted by fintechs and banks in 30+ countries, Flagright helps reduce false positives by 93% and lower compliance costs by 80%, thereby setting the modern standard for financial crime compliance.",11-50,hello@flagright.com,Baran Ozkan,"Privacy and Security, Professional Services, Compliance, Financial Services, FinTech, Fraud Detection, Information Technology"
RIIG,Charlottesville,Virginia,Series A,"Apr 21, 2026",,Active,www.riigtech.com,"RIIG is a risk intelligence and cybersecurity solutions company, that focuses on improving organizational cybersecurity resilience and advanced threat detection.",11-50,,Denver Riggleman,"Cyber Security, Information Technology, Risk Management"
Portkey,San Francisco,California,Series A,"Feb 19, 2026",$1M to $10M,Active,portkey.ai,"Portkey is a unified control plane for production AI that enables teams to manage, monitor, and optimize large language model deployments across applications. The platform provides centralized routing, logging, and governance capabilities for AI requests, allowing organizations to control how models are accessed and used in live environments. It supports features such as request tracing, performance monitoring, cost tracking, caching, fallback logic, and guardrails to help maintain reliability and policy compliance in AI systems.

Portkey integrates with multiple model providers and infrastructure components, enabling teams to switch between models, manage API keys, and configure usage rules from a single interface. The system includes observability tools that surface latency, error rates, and response quality metrics to assist with debugging and operational oversight. It also offers role-based access controls and policy enforcement mechanisms to support secure collaboration across engineering and product teams. Through these capabilities, Portkey structures and standardizes the operational layer required to run AI applications in production environments.",11-50,Rohit@portkey.space,Ayush Garg,"Information Technology, Science and Engineering, Software, Apps, Artificial Intelligence (AI), Generative AI"
Golden Analytics,Seattle,Washington,Seed,"Apr 7, 2026",,Active,www.goldenanalytics.com,"Golden Analytics develops an AI-native business intelligence platform that automates analytics workflows from data connection through insight delivery. The product provides a Discover experience that summarizes connected datasets, highlights patterns, and suggests questions to explore. It combines manual analysis with configurable AI assistance for data cleaning, anomaly detection, calculations, and dashboard creation. Users can control how much autonomy to give the AI, review generated outputs, and adapt them for interactive data stories. The platform targets organizations that want to reduce friction in analytics and enable more people to work directly with data.",1-10,,,"Science and Engineering, Software, Analytics, Artificial Intelligence (AI), Data Integration, Data Management"
Standard Template Labs,New York,New York,Seed,"Mar 17, 2026",,Active,stlabs.com/,,11-50,hello@stlabs.com,,"Science and Engineering, Software, Artificial Intelligence (AI), Business Intelligence, Business Process Automation (BPA), Information Services, Information Technology"
Amae Health,San Francisco,California,Series B,"Nov 6, 2025",$1M to $10M,Active,www.amaehealth.com,"Amae Health provides outpatient care that integrates psychiatric treatment, primary care, therapy, and peer support for adults living with severe mental illness. The company delivers personalized treatment plans through multidisciplinary teams comprising psychiatrists, therapists, primary care physicians, health coaches, dietitians, and peer mentors. Its services cover conditions such as schizophrenia, bipolar disorder, refractory depression, trauma, and co-occurring substance-use disorders, and it emphasizes long-term engagement and whole-person wellness. Amae Health also collaborates with academic medical centers to develop clinician training programs and to use data-driven insights to refine care pathways.",51-100,contact@amaehealth.com,Sonia Priscilla Garcia,"Health Care, Medical, Mental Health, Personal Health"
Brix,Costa Mesa,California,Seed,"Jan 20, 2026",$1M to $10M,Active,joinbrix.com,"Brix is an AI-driven platform for hiring employees. It is a software that hires, manages, and onboard developers on autopilot. It helps to find contractors, freelancers, teams, and project leaders with the power of AI.",51-100,info@joinbrix.com,Alex Shuwei Yang,"Professional Services, Science and Engineering, Software, Artificial Intelligence (AI), Online Portals, Recruiting"
AtoB,San Francisco,California,Series C,"Sep 19, 2024",$10M to $50M,Active,www.atob.com,"AtoB is a technology company building payments infrastructure for the transportation industry.

AtoB was founded by Harshita Arora, Vignan Velivela, and Tushar Misra and is based in San Francisco, California.",101-250,founders@atob.com,Harshita Arora,"Transportation, FinTech, Payments, Sustainability"
Thatch,San Francisco,California,Series B,"Apr 3, 2025",,Active,thatch.com,"Thatch is a health benefits platform that helps companies give employees more flexible, personalized healthcare. Employers set individual healthcare budgets, and employees choose the coverage and care that works best for them.",101-250,support@thatch.com,Adam Stevenson,"Health Care, Information Technology, PaaS, Software"
Simbe Robotics,San Francisco,California,Series C,"Oct 24, 2024",$1M to $10M,Active,www.simberobotics.com,"Simbe Robotics automates repetitive tasks in retail execution. Tally, performs the repetitive and laborious tasks of auditing shelves for out-of-stock items, low stock items, misplaced items, and pricing errors. Tally operates safely during normal store hours alongside shoppers and employees.",51-100,sales@simberobotics.com,Bradley Bogolea,"Hardware, Information Technology, Sales and Marketing, Artificial Intelligence (AI), Retail Technology, Robotics, Sales Automation"
Crossover Markets Group,New York,New York,Series B,"Mar 4, 2026",$1M to $10M,Active,www.crossovermarkets.com,"Crossover Markets Group develops trading technology for digital asset markets and operates CROSSx, an execution-only electronic communication network used for cryptocurrency transactions. The platform connects institutional participants such as liquidity providers, brokers, and trading firms to execute spot digital asset trades through a matching engine that processes orders and generates market pricing. It separates trade execution from custody and brokerage functions, allowing participants to choose their own counterparties and service providers for settlement and credit relationships. The system supports configurable liquidity pools, order matching rules, and connectivity through APIs and graphical interfaces for trading and market data access. Crossover Markets Group also maintains infrastructure and tools that facilitate order routing, liquidity interaction, and continuous trading in cryptocurrency markets.",11-50,,Anthony Mazzarese,"Finance, Financial Services, FinTech, Trading Platform"
Manychat,San Francisco,California,Series B,"Apr 22, 2025",,Active,manychat.com,"Manychat is a chat marketing platform that helps businesses automate interactive conversations and engage with customers across messaging channels (eg. Instagram, Facebook, WhatsApp). With its user-friendly interface, Manychat assists businesses in growing their brand, increasing sales, generating leads, and delivering personalized support. The platform offers a visual drag-and-drop interface, known as the Flow Builder, which allows users to easily create and automate chatbot conversations without coding experience. Manychat supports omnichannel messaging, enabling businesses to manage and automate conversations across multiple platforms from a single dashboard. It also integrates with various third-party tools like Google Sheets, MailChimp, Klaviyo, HubSpot, and Zapier, enhancing its functionality and streamlining workflows.",251-500,hello@manychat.com,Mikael Yang,"Sales and Marketing, Software, Marketing, Messaging, Sales"
Sorcero,Washington,District Of Columbia,Series B,"Nov 21, 2025",$1M to $10M,Active,www.sorcero.com,"Sorcero provides an AI-powered intelligence platform tailored for life sciences teams. It enables medical affairs, safety, scientific communications, and medtech groups to extract meaningful insights from unstructured and structured biomedical data. Through its Instant Insights Engine and agentic AI framework, users can ask conversational questions and quickly receive medically validated answers linked to their source material. Sorcero also offers tools for literature monitoring, safety signal detection, and converting complex science into clear, plain-language summaries. The platform supports compliant workflows by providing auditability, AI guardrails, and access controls to manage insights securely.",51-100,info@sorcero.com,Dipanwita Das,"Health Care, Science and Engineering, Software, Artificial Intelligence (AI), Enterprise Software, Life Science"
Censia,San Francisco,California,Series B,"Sep 18, 2024",Less than $1M,Active,www.censia.com,"Censia is a talent intelligence company that leverages AI to provide skills data and insights to employees and HR teams. The platform offers comprehensive talent insights, including skills, candidate modeling, and slate creation to aid in effective recruitment and workforce. Through its Talent Intelligence Platform, it transforms talent acquisition into a strategic business partner that shapes the future enabling companies to scale quickly, enable innovation, and improve operational excellence for a fraction of the time and cost it takes today.",101-250,info@censia.com,Bruce Cooper,"Professional Services, Science and Engineering, Software, Artificial Intelligence (AI), Employment, Human Resources, Recruiting"
Picus,San Francisco,California,Series C,"Sep 19, 2024",$50M to $100M,Active,www.picussecurity.com,"Picus developed a novel and holistic approach to IT security: Continuous Security Validation. The Picus Security Validation Platform simulates real-world cyber threats to evaluate and optimize cybersecurity measures, ensuring organizations are prepared for potential security breaches. Picus enables businesses to test their security controls continuously, identifying gaps and weaknesses in their defenses. The company's technology integrates with existing security tools, providing actionable insights to enhance an organization’s ability to detect, prevent, and respond to cyber-attacks.",251-500,info@picussecurity.com,Hamdi Memiş,"Cloud Security, Cyber Security, Enterprise Software, Network Security"
BrightAI,Palo Alto,California,Series A,"Jul 18, 2025",$100M to $500M,Active,www.bright.ai,"BrightAI provides a Stateful Platform that brings physical AI to essential services, transforming operations from reactive to proactive. It enables real-time monitoring, autonomous inspection, and workforce wearables for various infrastructures like water pipelines, power grids, and HVAC systems. The company's solutions aim to increase efficiency, resilience, and safety across diverse physical environments.",101-250,info@bright.ai,Alex Hawkinson,"Mobile, Science and Engineering, Software, Artificial Intelligence (AI), Cloud Computing, Internet of Things"
Hanover Park,New York,New York,Series A,"Mar 18, 2026",,Active,www.hanoverpark.com,"Hanover Park is an information technology company that offers fund administration, portfolio management, artificial intelligence, enterprise resource planning, analytics, data collection, and SaaS services.",11-50,team@hanoverpark.com,Chris Hladczuk,"Science and Engineering, Software, Analytics, Artificial Intelligence (AI), Data Collection and Labeling, Enterprise Resource Planning (ERP), Information Technology"
Datacurve,San Francisco,California,Series A,"Oct 9, 2025",$1M to $10M,Active,datacurve.ai,"Datacurve provides curated data solutions focusing on code and software tasks for AI model training and evaluation. It offers supervised fine-tuning data, reinforcement learning environments, and human feedback loops tailored for coding workloads. Datacurve also designs algorithmic challenge tasks, agentic workflow traces, and debugging scenarios to simulate development realities. It uses a gamified contributor platform to engage skilled engineers to produce precise, diverse datasets. Datacurve supports customers in identifying model weaknesses, defining data requirements, scaling production, and integrating complex code datasets into their ML workflows.",1-10,founders@datacurve.ai,Charley Lee,"Information Technology, Internet Services, Science and Engineering, AI Infrastructure, Artificial Intelligence (AI), Internet, Software Engineering"
Atsena Therapeutics,Durham,North Carolina,Series C,"Apr 2, 2025",$10M to $50M,Active,atsenatx.com,"Atsena Therapeutics is a clinical-stage gene therapy company focused on developing treatments for inherited retinal diseases. Their clinical programs include therapies for X-linked retinoschisis (XLRS) and GUCY2D-associated Leber congenital amaurosis (LCA1). Atsena utilizes an adeno-associated virus (AAV) technology platform, including a novel spreading capsid (AAV.SPR), to target specific retinal conditions. Their ongoing research aims to prevent blindness caused by genetic mutations and is powered by their innovative approach to ocular gene therapy.",11-50,info@atsenatx.com,Sanford Boye,"Biotechnology, Health Care, Therapeutics"
cadootz!,Vauxhall,New Jersey,Seed,"Apr 7, 2026",,Active,cadootz.com/,,1-10,hello@cadootz.com,Jordan Carpenter,"Nutrition, Organic Food, Snack Food"
Axion,Brooklyn,New York,Series B,"Dec 15, 2025",$50M to $100M,Active,www.axion.com,"Axion provides an AI-driven platform that helps product and quality teams detect, investigate, and resolve customer-facing issues earlier by unifying data from field, service, and design sources. Its software continually analyzes structured and unstructured data to surface emerging problems, correlate root causes, and support workflow collaboration from early signal through corrective action. The platform also offers insights into patterns and trends in product performance, connects cross-functional teams on a shared workspace, and helps organizations monitor the effectiveness of fixes over time. Axion’s technology emphasizes proactive identification of issues to improve product outcomes and support ongoing quality improvement across complex product lifecycles.",251-500,contact@axionray.com,Daniel First,"Design, Hardware, Information Technology, Aerospace, Automotive, Business Intelligence, Consumer Goods, Data Center"
Vertical Data,Las Vegas,Nevada,Seed,"Aug 14, 2024",$1M to $10M,Active,www.verticaldata.io/,,1-10,,,"Software, Data Integration, Data Management, GPU, SaaS"
Native,Seattle,Washington,Series A,"Mar 17, 2026",,Active,www.native.security,"Native Security is a cloud security control plane for enterprises. It translates security outcomes into native cloud controls, simulates deployment impacts, and maintains alignment as environments change. The platform enforces security at the architectural level across multi-cloud setups.",101-250,,,"Privacy and Security, Cloud Security, Computer, Network Security"
Route,Lehi,Utah,Series C,"Jun 25, 2024",$50M to $100M,Active,route.com,"Route elevates the online customer journey by providing a simple way to protect and track all of the user's orders. It automatically connects to everything ordered from all retailers while allowing the user to visually track its packages, anytime, anywhere.",101-250,info@route.com,Mike Moreno,"Other, Software, Transportation, Apps, E-Commerce, Mobile Apps, Real Time, Shipping"
Nerdio,Chicago,Illinois,Series C,"Mar 18, 2025",$10M to $50M,Active,www.getnerdio.com,"Nerdio provides solutions for managing Azure Virtual Desktop and Windows 365, helping Managed Service Providers and enterprise IT teams streamline virtual desktop deployment. Its platform simplifies automation, cost optimization, and scaling within Microsoft Azure environments. By enhancing management efficiency, Nerdio enables businesses to maximize performance and reduce operational complexity.",251-500,sayhello@getnerdio.com,Joseph Landes,"Cloud Computing, Information Services, Information Technology, Software"
Aureka Biotechnologies,Laguna Hills,California,Series A,"Apr 28, 2026",,Active,www.aurekabio.com,Aureka Biotechnologies is a pioneering biotech firm dedicated to democratizing the pharmaceutical sector in order to conquer sickness.,11-50,,Alon Wellner,"Biotechnology, Pharmaceutical"
Healthie,New York,New York,Series B,"Oct 15, 2024",$10M to $50M,Active,gethealthie.com/,"Healthie offers infrastructure for next generation digital health organizations that offer virtual-first care. Our API-first and fully brandable suite of solutions - EMR, coaching platform, scheduling software, and patient engagement - enable healthcare builders to launch and scale best-in-class experiences for their members and quickly scale a provider network. Our organizations deliver holistic care in verticals like behavioral health, women's health, pediatrics and caregiving, and health coaching. We also offer a built-in marketplace of business and clinical integrations used by our organizations. Healthie is HIPAA Compliant and SOC-2 Certified.",101-250,hello@gethealthie.com,Cavan Klinsky,"Electronic Health Record (EHR), Enterprise Software, Health Care, Software"
Moxie,New York,New York,Series C,"Mar 10, 2026",$1M to $10M,Active,www.joinmoxie.com,"Moxie empowers individual entrepreneurs in launching, running, and growing their own, independent MedSpas. The company helps clients thrive by providing the tools and expertise normally reserved only for the big chains. Moxie helps thousands of entrepreneurs across the country start and build their own businesses. A seed-stage startup with paying customers, the founders have previously built and exited two companies.",101-250,,Daniel Friedman,"Health Care, SaaS, Software, Wellness"
Digit,Atlanta,Georgia,Seed,"Mar 12, 2026",,Active,www.digit-software.com,"Digit provides software tools that support business process management, automation, and application development for organizations. The platform includes low-code development capabilities that allow teams to design workflows, build internal applications, and manage operational processes through configurable components. Its system integrates with existing enterprise software and data sources to coordinate tasks, track process activities, and manage information across departments.

The software supports functions such as workflow orchestration, document handling, case management, and task assignment within structured business processes. It enables organizations to define rules, automate repetitive steps, and monitor progress through dashboards and reporting tools.",11-50,hello@digit-software.com,Alena Dagneau,"Enterprise Resource Planning (ERP), Information Technology, Manufacturing, Software"
Spectrum Security,San Francisco,California,Seed,"Apr 22, 2026",,Active,spectrum.security,,11-50,,,Cyber Security
Awardco,Lindon,Utah,Series B,"May 20, 2025",$50M to $100M,Active,www.awardco.com,"Awardco is a human resources technology company that specializes in employee recognition and rewards solutions. Its platform enables organizations to build culture, incentivize performance, and drive modern engagement strategies by providing customizable recognition programs integrated with major online retailers like Amazon and Lazada. Awardco's platform is utilized by over 3,000 organizations across 163 countries, serving more than six million users. The company's services are designed to reduce employee turnover and absenteeism by fostering a culture of appreciation and engagement.",501-1000,info@awardco.com,Mike Sonnenberg,"Software, B2B, Employee Benefits, Human Resources, SaaS"
Balerion AI,San Francisco,California,Seed,"Apr 16, 2026",,Active,balerion.ai,Balerion AI specializes in an agentic AI platform designed specifically for the mortgage lending industry.,51-100,info@balerion.ai,Naren Krishna,"Agentic AI, Financial Services"
XCath,Houston,Texas,Series C,"Mar 12, 2026",$1M to $10M,Active,xcath.com/,"XCath, meanwhile, is developing steerable robotic microcatheters for treating endovascular conditions such as cerebral strokes. Devices such as these are expected to help treat patients remotely, especially in parts of the world where special surgical procedures are not readily available.",11-50,,,"Software, Health Care, Medical Device, Robotics"
Champ,Cleveland,Ohio,Series C,"Dec 30, 2025",$10M to $50M,Active,www.champtitles.com,"Through the application of its secure, patented SaaS technology, Champ Titles (www.champtitles.com) digitizes the process of vehicle titling between state government, insurance carriers, financial institutions, vehicle sellers, consumers, and others. Champ Titles, founded in 2018, is focused on creating efficiencies and benefits for all vehicle title ecosystem members. Champ Titles has developed several solutions, all of which are built on a shared platform that serves different industry verticals. This common chassis has allowed the company to adapt its technology for insurance carriers, automotive retailers, and state governments, resulting in lower costs, increased security, and the easy transfer of ownership, benefiting all members of the vehicle title ecosystem.",51-100,info@champtitles.com,Bernie Moreno,"SaaS, Software"
Converge Bio,Wilmington,Delaware,Series A,"Jan 13, 2026",$10M to $50M,Active,converge-bio.com/,"Converge Bio integrates Generative AI with biological data. Converge Bio mission is to empower biotech and pharmaceutical companies to discover and develop more effective drugs faster, utilizing the power of Large Language Models (LLMs) specifically trained on biological languages.",11-50,,Dov Gertz,"Health Care, Science and Engineering, Software, Artificial Intelligence (AI), Biotechnology, Medical"
Niobium Microsystems,Dayton,Ohio,Seed,"Dec 3, 2025",$1M to $10M,Active,niobiummicrosystems.com/,"Niobium offers the industry’s first purpose-built fully homomorphic encryption (FHE) hardware accelerator: A custom PCIe card that can accelerate the performance of FHE software by multiple orders of magnitude. Niobium’s hardware accelerator supports all major FHE schemes, giving organizations and hardware manufacturers the flexibility to improve any application or environment.",51-100,careers@niobiummicrosystems.com,Rob Wiltbank,"Internet Services, Privacy and Security, Software, Application Specific Integrated Circuit (ASIC), Cloud Computing, Cloud Security, Cyber Security, Electronics"
ICON,Austin,Texas,Series C,"Feb 14, 2025",,Active,www.iconbuild.com,"ICON is a construction technology company that uses 3D robotics, software, and advanced materials.",251-500,info@iconbuild.com,Jason Ballard,"Real Estate, Science and Engineering, Software, 3D Printing, Advanced Materials, Construction, Mechanical Design, Robotics"
Notion,San Francisco,California,Series C,"Dec 15, 2025",$100M to $500M,Active,www.notion.com,"Notion is a versatile productivity and collaboration tool that combines note-taking, task management, and database features into a single platform. It allows users to create customizable workspaces for various purposes, including personal organization, project management, and collaborative work. Notion offers templates for various tasks, such as CRM systems, personal finance tracking, and content management, making it adaptable for individuals and teams. The platform supports integration with external tools like Google Calendar, Slack, and GitHub, enhancing its functionality. It also features Notion AI, which assists users with tasks like text generation and predictive analytics.",501-1000,team@makenotion.com,Chris Prucha,"Apps, Collaboration, Productivity Tools, Product Management, Real Time"
Hayden AI,San Francisco,California,Series C,"Jul 10, 2024",$10M to $50M,Active,www.hayden.ai,"Hayden AI’s mission is to develop cutting-edge artificial intelligence and machine learning technologies that enable the automated enforcement of bus lanes and stops—accelerating public transit, improving street safety, and advancing a more sustainable urban future.",101-250,info@hayden.ai,Bo Shen,"Navigation and Mapping, Science and Engineering, Software, Analytics, Artificial Intelligence (AI), Big Data, Computer Vision, Geospatial"
ServiceUp,Los Gatos,California,Series B,"Jul 9, 2025",$1M to $10M,Active,serviceup.com,"ServiceUp provides an all-in-one platform designed to streamline and automate vehicle repair management. Its services cater to fleets and insurance carriers, offering features for collision, maintenance, and mechanical repairs. The platform centralizes workflows, provides live repair tracking, and aims to reduce repair cycle times.",51-100,info@serviceup.com,Brett Carlson,"Automotive, Business Process Automation (BPA), Service Industry"
Second Front Systems,Wilmington,Delaware,Series C,"Sep 13, 2024",$10M to $50M,Active,www.secondfront.com,"Second Front Systems (2F) securely fast-tracks government access to software-as-a-service (SaaS) applications to help build a safer tomorrow. The 2F Suite is the only fully integrated platform that empowers you to build, secure, extend, and observe your software, and get it accredited for deployment in regulated environments with ease. With roots in U.S. Government service, this public-benefit, venture-backed software company is trusted by Government agencies and leading software providers, to empower them to succeed in their contributions to global security. For more information, visit https://secondfront.com/.",101-250,info@secondfront.com,Joshua Mummert-Stern,"Software, Information Technology, National Security, SaaS, Security"
Acelab,New York,New York,Series A,"Sep 30, 2025",$1M to $10M,Active,acelabusa.com,"Acelab is building the operating system for the $2.4 trillion building materials industry, transforming how architects, designers, and building owners discover, specify, and manage material decisions for construction projects. The company's AI-powered platform serves as a comprehensive material intelligence hub that solves a critical pain point in the architecture and construction workflow - the fragmented and outdated process of researching and selecting building materials. By creating a centralized database with advanced search capabilities, intelligent recommendations, and collaborative project management tools, Acelab connects architects who specify materials with manufacturers who supply them, while streamlining the entire decision-making process from design through procurement. Founded by second-generation architect Vardhan Mehta and led by Executive Chairman Dave Lemont (former CEO of Revit), Acelab is positioned to become the essential infrastructure that powers material decisions across the global construction industry.",51-100,info@acelabusa.com,Andrew Setiawan,"Real Estate, Science and Engineering, Software, Architecture, Artificial Intelligence (AI), B2B, Construction"
Daydream,San Francisco,California,Seed,"Jun 20, 2024",,Active,daydream.ing,"Daydream focuses on providing personalized shopping results through generative AI, machine learning, and computer vision.",11-50,support@daydream.ing,Dan Cary,"Data and Analytics, Design, Science and Engineering, Artificial Intelligence (AI), Fashion, Generative AI, Shopping"
Thoughtly,New York,New York,Seed,"Apr 22, 2026",,Active,thoughtly.com,Thoughtfully assists companies in creating and implementing AI speech agents that mimic humans.,11-50,,Alex Casella,"Software, Artificial Intelligence (AI)"
AmplifyMD,Los Gatos,California,Series B,"Sep 24, 2025",$1M to $10M,Active,amplifymd.com,"AmplifyMD is a telemedicine platform connecting over 3,300 medical institutions with a lack of specialty access, often in rural or small regions to a network of leading specialists.AmplifyMD provides both the clinical team as well as the software to streamline and automate virtual care delivery and billing workflows and integrates seamlessly with hospitals' existing EHRs.",11-50,info@amplifymd.com,Anand Nathan,"Health Care, Information Services, Telehealth"
Trunk Tools,New York,New York,Series B,"Jul 24, 2025",$1M to $10M,Active,trunktools.com,"Trunk Tools offers an AI-driven platform designed to automate construction-specific workflows. The company focuses on enhancing team efficiency in the construction industry through tailored solutions. It supports a wide range of users, including superintendents and project managers, to streamline operations on job sites. In contrast to conventional tools that act merely as static digital storage, Trunk Tools operates as a clever partner, organizing chaotic documentation, alerting users to potential risks, and providing insights instantly.",51-100,support@trunk.tools,Sarah Buchner,"Other, Real Estate, Science and Engineering, Artificial Intelligence (AI), Construction, Productivity Tools, Project Management, Software"
OpenMind,San Francisco,California,Series A,"Aug 4, 2025",$1M to $10M,Active,openmind.org/,,11-50,hello@openmind.org.,Jan Linhart,"Science and Engineering, Software, Artificial Intelligence (AI), Robotics"
Qunnect,New York,New York,Series A,"Jun 24, 2025",$1M to $10M,Active,www.qunnect.inc,"Qunnect is a spin-off venture from the Quantum Information Technology group at Stony Brook university that focusses on engineering novel quantum devices enabling future information networks and quantum computing using photons to communicate and atoms to store and process quantum information. In particular, Qunnect focuses on engineering novel quantum memories and quantum sources that will enable future information networks and quantum computing.",11-50,contact@quconn.com,Mael Flament,"Science and Engineering, Cyber Security, Information Technology, Quantum Computing, Telecommunications"
Legion Health,Austin,Texas,Seed,"Jan 13, 2026",$1M to $10M,Active,legionhealth.com,Legion Health provides telepsychiatry services that enhance patient access to mental health care. The company focuses on integrating technology to streamline interactions between patients and providers while ensuring services are covered by insurance. It aims to support comprehensive mental wellness through personalized treatment plans and collaboration with other care team members.,11-50,hello@legion.health,Arthur MacWaters,"Home Health Care, Mental Health, Telehealth, Wellness"
Penguin Ai,Palo Alto,California,Series A,"Sep 11, 2025",,Active,www.penguinai.co/,"Penguin Ai is a healthcare-native AI platform that analyzes health records to support care decisions and improve patient outcomes. It addresses challenges faced by payers, providers, and partners using purpose-built healthcare AI.",11-50,privacy@penguinai.co,Fawad Butt,"Science and Engineering, Software, Artificial Intelligence (AI), Health Care, Medical"
1Kosmos,Edison,New Jersey,Series B,"Aug 12, 2025",$10M to $50M,Active,www.1kosmos.com,"1Kosmos is a company that offers a distributed identity cloud service. This platform unifies identity verification and passwordless authentication for workers, customers, and citizens. The company's service helps to eliminate passwords and verify user identity to prevent fraud and secure digital services.",101-250,sales@1kosmos.com,Hemen Vimadalal,"Cyber Security, Identity Management, Security, Software"
TurbineOne,San Francisco,California,Series B,"May 14, 2025",$1M to $10M,Active,turbineone.com/,"TurbineOne is the frontline perception company. It started with the vision of a world where people could sense every threat, speak any language, and deploy robots to dangerous environments instead of putting people unnecessarily in harm's way.",11-50,,Daniel Portillo,"Public Safety, Security"
Arena,San Francisco,California,Series A,"Jan 6, 2026",$1M to $10M,Active,arena.ai,"Arena provides an online platform that enables users and organizations to evaluate and compare artificial intelligence models through real-world prompts and human-driven feedback. The company’s services include side-by-side AI model interactions where responses are collected and ranked to reveal comparative performance across text, coding, and multimodal tasks. Arena supports contributions from major AI providers by showcasing model outputs before identities are revealed, and it captures user evaluations to inform model assessment. Its platform also offers tools for exploring AI behavior, generating insights on model strengths and limitations based on practical usage rather than static benchmarks.",51-100,,Anastasios Angelopoulos,"Software, Analytics, Artificial Intelligence (AI), Developer Tools, Enterprise Software, SaaS"
Oxide Computer Company,Emeryville,California,Series C,"Feb 5, 2026",$10M to $50M,Active,oxide.computer,"Oxide Computer Company is a maker of server racks for on-premises compute infrastructure. The company uses technology to bring cloud hyper-scale innovations in the areas of density, efficiency, cost, reliability, manageability, and security of hardware and software, as well as the ability to segment racks into zones or regions based on where the rack is located, allowing companies and IT professionals to access computer infrastructure built with innovation and to deliver hyper-scale cloud computing.",101-250,,Bryan Cantrill,"Science and Engineering, Software, Cloud Infrastructure, Embedded Systems, Hardware, Information Technology"
Heven AeroTech,Dulles,Virginia,Series B,"Nov 24, 2025",,Active,www.hevendrones.com/,"Heven AeroTech creates and manufactures the next generation of autonomous technologies for military, commercial, and public safety applications.",51-100,info@hevendrones.com,Bentzion Levinson,"Manufacturing, Real Estate, Software, Drones, Smart Cities"
Inhabitr,Milpitas,California,Series B,"Apr 30, 2024",$1M to $10M,Active,www.inhabitr.ai,"Inhabitr is an AI-driven technology platform that provides end-to-end furnishing solutions, covering design, procurement, installation, and financing. The platform connects with a global ecosystem of over 1,000 factories, warehouses, furniture makers, installers, movers, and financiers, enabling faster, more cost-effective, and sustainable delivery compared to traditional providers. Initially focused on B2C, Inhabitr shifted to a B2B strategy during the pandemic and has since established product-market fit across multiple segments of commercial real estate.",101-250,information@inhabitr.com,Ankur Agrawal,"Design, Internet Services, Real Estate, Artificial Intelligence (AI), Commercial Real Estate, Furniture, Interior Design, Internet"
Shouxing Technology,New City,New York,Series A,"Apr 7, 2026",,Active,www.aheadform.com,"Shouxing Technology develops humanoid robots that integrate AI, robotics, and biomimetic design to simulate human behavior and interaction. The company builds full-stack systems that integrate software and hardware, enabling robots to perceive environments, process multimodal inputs, and respond with coordinated speech, facial expressions, and body movement. Its product portfolio includes humanoid robot platforms and core components such as micro-actuators designed for precise facial motion and expressive capabilities.

The company focuses on emotional interaction systems that interpret voice, visual cues, and context to generate lifelike responses, supporting applications in service, education, and human-facing environments. Its technology incorporates large language and vision-language models alongside self-supervised learning to enable adaptive communication and autonomous learning. Shouxing Technology also develops customizable robotic characters and digital-human integrations that extend human-robot interaction beyond functional tasks into social engagement.",1-10,uhang.hu@qq.com,Yuhang Hu,"Hardware, Science and Engineering, Software, Artificial Intelligence (AI), Product Design, Robotics"
Nucleus Security,Sarasota,Florida,Series C,"Feb 11, 2026",$1M to $10M,Active,www.nucleussec.com,"Nucleus Security provides a unified vulnerability and exposure management platform that helps organizations integrate, analyze, and act on security and asset data. The company’s software aggregates and normalizes information from multiple security tools to prioritize risk and automate remediation workflows across complex environments. Its solutions include contextual threat intelligence, automated risk scoring, and workflow orchestration to support vulnerability mitigation efforts. Nucleus Security’s platform also supports compliance alignment and enables teams to streamline security findings into actionable insights at scale.",101-250,info@nucleussec.com,Michael Nixon,"Software, Cyber Security, Information Technology, Network Security, Risk Management, SaaS"
Levelpath,San Francisco,California,Series B,"Jun 30, 2025",$10M to $50M,Active,www.levelpath.com,"Levelpath is the premier AI procurement platform. Powered by its proprietary Hyperbridge reasoning engine, Levelpath automates administrative work and provides unprecedented clarity at every step from intake and sourcing to contracting and payment. Procurement teams can focus on unlocking maximum value from supplier relationships, while finance, legal, and IT gain a complete view of spend and risk. Levelpath’s embedded AI agents, underpinned by the industry’s first supplier graph, deliver contextually relevant and genuinely helpful answers, uncover valuable opportunities, and reliably handle tasks to high standards, dramatically increasing team productivity. Global brands, including Ace Hardware, American Airlines, Amgen, AON, Blue Cross Blue Shield, Coupang, GATX, Levi's, Teva Pharmaceuticals, Western Union, and Zendesk, trust Levelpath’s deep procurement expertise to transform their purchasing and drive value from their supplier relationships. Headquartered in San Francisco, Levelpath is backed by Battery, Benchmark, Redpoint Ventures, Menlo Ventures, NewView Capital, and World Innovation Lab.",101-250,info@levelpath.com,Alex Yakubovich,"Software, Transportation, Agentic AI, Artificial Intelligence (AI), Procurement, Productivity Tools"
Reevo,Santa Clara,California,Series A,"Nov 5, 2025",,Active,reevo.ai,"Reevo offers an integrated sales platform that supports go-to-market teams through every stage of the revenue process, from prospecting and outreach to deal closing and post-sale management. It enables users to source and enrich target accounts, run multi-channel sequences, handle email deliverability and dialing, capture meeting recordings and insights, and manage pipelines and forecasts all within a unified interface. Reevo also embeds native AI tools that surface next steps, draft follow-ups, and provide contextual insights across customer interactions so that sales activity is tied directly to meaningful outcomes.",51-100,david@reevo.ai,Cindy Hao,"Software, Artificial Intelligence (AI), Business Intelligence"
Modern Relay,San Francisco,California,Seed,"Apr 14, 2026",,Active,modernrelay.com/,Modern Relay provides context graph for enterprise AI.,1-10,,,"Software, Artificial Intelligence (AI)"
Collate,Menlo Park,California,Series A,"Jul 15, 2025",,Active,www.getcollate.io,"Collate utilizes AI agents to help data teams organize their data efficiently and improve its quality. The platform automates governance processes, making data management simpler and more effective for organizations. Collate's data intelligence platform automates processes and fosters collaboration among data teams. It enhances the virtuous cycle through AI tailored for data teams, allowing them to provide the necessary data for AI preparedness. Collate's integrated suite of automated workflows and collaborative workspaces forms a cohesive solution based on the open-source foundation of the rapidly expanding OpenMetadata project.",11-50,help@getcollate.io,Sriharsha Chintalapani,"Software, Artificial Intelligence (AI), Data Governance, Data Management, Generative AI"
Accordance,San Francisco,California,Seed,"Sep 8, 2025",,Active,accordance.com,"Accordance is the frontier AI platform for world-class tax, audit, and CPA teams. The company's mission is to empower every professional to deliver excellence, enabling professionals to become the architects of tomorrow's financial world. Its technology was developed by former researchers from the Stanford Artificial Intelligence Laboratory in collaboration with industry experts, professors, and practitioners. The company was founded in 2024 and is backed by Khosla Ventures, General Catalyst, Sequoia Capital, and Menlo Ventures.",11-50,legal@accordance.ai,David Yue,"Science and Engineering, Software, Artificial Intelligence (AI), Financial Services, FinTech"
Recraft,San Francisco,California,Series B,"May 5, 2025",$1M to $10M,Active,recraft.ai,"Recraft is a generative AI design platform that enables professional designers, illustrators, and marketers to create high-quality visuals. The company's proprietary model, Recraft V3, allows for precise control over visual elements, including the placement and appearance of text and images, catering to the needs of designers seeking brand consistency. The platform offers features such as an AI image generator, vectorizer, photo editor, mockup generator, image upscaler, background remover, and AI eraser. Recraft's infinite canvas supports real-time collaboration, making it suitable for teams working on branding and marketing projects. The company has attracted users from various industries, including professionals from organizations like Ogilvy, HubSpot, Netflix, Asana, and Airbus.",11-50,,Anna Veronika Dorogush,"Design, Media and Entertainment, Science and Engineering, Art, Artificial Intelligence (AI), Graphic Design, Photo Editing, Productivity Tools"
Terra Security,New York,New York,Series A,"Oct 28, 2025",,Active,www.terra.security,Terra Security provides web application penetration testing as a service. The company uses AI agents supervised by expert testers to find and verify vulnerabilities continuously. The service helps businesses identify and remediate security risks with context.,11-50,support@terra.security,Gal Malachi,"Privacy and Security, Science and Engineering, Software, Artificial Intelligence (AI), Cyber Security, Information Technology, Penetration Testing"
Aeon,Austin,Texas,Seed,"Mar 14, 2025",,Active,www.aeonindustrial.org/,Aeon develops advanced capabilities at scale for maximum deterrence.,11-50,contact@aeonindustries.co,Joseph Cieslik,"Hardware, Information Technology, Manufacturing, Aerospace, Artificial Intelligence (AI), Computer Vision, Intelligent Systems"
Autonomize AI,Austin,Texas,Series A,"Jun 12, 2025",$1M to $10M,Active,autonomize.ai,"Autonomize develops AI-powered copilot platforms to organize and summarize unstructured data for healthcare and life sciences professionals. The company delivers tools that organize, contextualize, and summarize unstructured medical data—such as charts, authorization requests, care metrics, and clinical research documents—to streamline administrative workflows and support decision-making. It offers a suite of copilots for tasks like prior authorization review, medical chart summarization, HEDIS care-gap analysis, clinical trial planning, and case management. Its platform integrates with major cloud providers, complies with HIPAA and SOC 2 standards, and provides multi-agent orchestration and explainability features.",11-50,,Ganesh Padmanabhan,"Information Technology, Science and Engineering, Software, Artificial Intelligence (AI), Health Care, Medical"
Pillar,New York,New York,Seed,"Apr 14, 2026",$1M to $10M,Active,pillarhq.com,,1-10,,Chinmay Deshpande,"Analytics, FinTech, Risk Management"
Candid Health,San Francisco,California,Series C,"Feb 12, 2025",$50M to $100M,Active,www.candidhealth.com,"Candid Health is a platform designed to automate healthcare providers' revenue cycle management process, allowing them to track claims and manage billing efficiently. Their platform leverages machine learning and artificial intelligence to streamline medical billing, coding, and claims processing, helping healthcare providers reduce administrative burdens, increase efficiency, and ensure faster service reimbursement. By providing end-to-end automation, Candid Health aims to optimize financial operations for clinics and hospitals while enhancing overall patient experiences.",101-250,hello@joincandidhealth.com,Adam Reis,"Health Care, Payments, Science and Engineering, Artificial Intelligence (AI), Billing, Software, Transaction Processing"
Levels,New York,New York,Series A,"Aug 14, 2024",$10M to $50M,Active,levelshealth.com,"Levels develops a health and wellness platform designed to monitor metabolic fitness. The platform tracks blood glucose in real-time, enabling users to optimize their diet and exercise.

The company was founded in 2019 and is a remote-first company.",11-50,support@levelshealth.com,Andrew Conner,"Information Technology, Science and Engineering, Software, Biometrics, Health Care, Wellness"
Archil,San Francisco,California,Series A,"Apr 20, 2026",,Active,archil.com,"Archil is a software company that develops cloud storage software that enables organizations to access and manage large datasets through a file system interface backed by object storage services. Its platform converts storage environments such as Amazon S3 into POSIX-compatible disks that behave like local file systems while maintaining the scalability of cloud storage. The company provides tools that allow users to mount, share, and interact with data across servers without requiring traditional data transfers or infrastructure provisioning. Its solution incorporates a high-speed caching layer that improves performance and supports workloads such as artificial intelligence model training, analytics, and data processing. Archil also enables execution of compute tasks directly on stored data, reducing the need for separate compute resources and simplifying workflows. The platform integrates with multiple storage providers and synchronizes data between environments to maintain consistency. Its offerings are used by teams that require efficient access to large volumes of unstructured data across distributed systems.",11-50,sales@regattastorage.com,Hunter Leath,"Information Technology, Internet Services, Science and Engineering, Artificial Intelligence (AI), Big Data, Cloud Computing, Data Center, Software"
Curve Biosciences,Mountain View,California,Series A,"Oct 29, 2025",$1M to $10M,Active,www.curvebio.com,"Curve Biosciences is a biotechnology company focused on enhancing chronic disease care through precision medicine. With a team led by experts such as Nathan Hunkapiller, PhD, as Chief Scientific Officer, and Chuba Oyolu, PhD, as Chief Technology Officer, the company is at the forefront of research and development in the biotech field. Curve Biosciences aims to leverage scientific advancements to provide targeted solutions for chronic diseases, emphasizing the importance of precision in treatment approaches. The company operates within the biotechnology industry and is dedicated to improving patient outcomes through innovative research.",11-50,contact@curvebio.com,Chuba Oyolu,"Biotechnology, Health Care, Health Diagnostics"
Herald,Boston,Massachusetts,Series A,"Oct 16, 2024",$1M to $10M,Active,www.heraldai.com,"Herald is a digital infrastructure that uses a single API to connect software developers to commercial insurance carriers. Herald's API is used by software developers to obtain quotes from multiple carriers across multiple lines of business, including Workers' Compensation, Business Owners Policy (BOP), and General Liability.",11-50,hello@heraldapi.com,Duncan Crystal,"Developer APIs, Insurance, InsurTech"
Speak,San Francisco,California,Series C,"Dec 10, 2024",,Active,www.speak.com,Speak is an AI-powered language tutor on your phone.,51-100,support@usespeak.com,Andrew Hsu,"Science and Engineering, Software, Artificial Intelligence (AI), E-Learning, Language Learning, Speech Recognition"
Zingage,New York,New York,Seed,"Oct 7, 2025",,Active,zingage.com,Zingage is an AI-powered platform that automates workflows for home care agencies to ensure daily visit coverage and reduce administrative time. The Operator solution monitors channels and uses standard operating procedures to resolve and document scheduling needs 24/7. Zingage also includes the Perform tool to help agencies cut caregiver turnover through engagement features.,11-50,team@zingage.com,Daniel Tian,"Science and Engineering, Software, Artificial Intelligence (AI), Health Care, Home Health Care"
Rhea Space,Washington,District Of Columbia,Series A,"Apr 16, 2026",Less than $1M,Active,www.rheaspaceactivity.com,"Rhea Space Activity (RSA) is an astrophysics start-up company in the science and technology industry. Specifically, RSA ideates and creates high-risk/high-reward R&D concepts to support U.S. national security objectives. RSA has developed various technologies in the fields of infrared satellites, directed energy, artificial intelligence, LIDAR, astroparticle physics, small satellites, cislunar operations, intelligence collection, autonomous underwater vehicles, and the F35 Lightning II.",11-50,info@rheaspaceactivity.com,,"Science and Engineering, Software, Aerospace, Artificial Intelligence (AI), Satellite Communication"
Uplane,Dover,Delaware,Seed,"Apr 16, 2026",,Active,uplane.com,,1-10,contact@uplane.com,Julius Korfgen,"Other, Sales and Marketing, Science and Engineering, Advertising, Analytics, Artificial Intelligence (AI), B2B, Marketing"
HYFIX Spatial Intelligence,Santa Clara,California,Seed,"Apr 15, 2026",,Active,hyfix.ai/,,1-10,,Mike A Horton,"Software, Hardware, Internet of Things, Manufacturing"
Leland,Stanford,California,Series A,"Mar 1, 2025",$1M to $10M,Active,www.joinleland.com,"Leland is a coaching marketplace for education and career goals. The marketplace provides coaches to assist people in taking standardized tests such as the SAT, ACT, GMAT, or GRE, as well as breaking into private equity, product management, investment banking, and other tech fields. It navigates career transitions and receives specialized mentorship to build skills in your chosen field. Leland charges transaction fees depending on how much a client pays a coach.",11-50,info@joinleland.com,Erika Mahterian,"Career Planning, Consulting, Education, Marketplace"
Glyphic Biotechnologies,New York,New York,Series A,"Sep 26, 2025",$1M to $10M,Active,www.glyphic.bio,"Glyphic Biotechnologies is a biotechnology company that develops a protein sequencing platform. While DNA can reveal biological insights, proteins provide the actual insights into the functions of our bodies. The company is in the process of developing a pioneering, next-generation protein sequencing platform that will empower researchers to acquire unprecedented insights into both biology and diseases.",11-50,letschat@glyphic.bio,Daniel Estandian,"Biotechnology, Health Care, Life Science"
ReflexAI,New City,New York,Seed,"Apr 7, 2026",$1M to $10M,Active,www.reflexai.com/,"ReflexAI equips human support and contact centers with scalable AI tools that deliver advanced roleplay simulations and intelligent quality assurance, driving better outcomes for every human interaction.",11-50,connect@reflexai.com,John Callery,"Software, Information Technology, Machine Learning, Natural Language Processing"
Azra AI,Franklin,Tennessee,Series A,"Jul 3, 2025",$1M to $10M,Active,www.azra-ai.com/,"Azra AI provides a better care experience and better outcomes by quickly analyzing, identifying, and classifying oncology patients.",11-50,azraai@knbcomm.com,Chris Cashwell,"Science and Engineering, Software, Artificial Intelligence (AI), Health Care, Medical, Oncology"
micro1,Palo Alto,California,Series A,"Sep 12, 2025",$50M to $100M,Active,www.micro1.ai,"Micro1 offers a platform that converts human expertise into structured datasets and recruitment processes for companies using AI. It provides a Data Engine that handles the recruitment of experts and manages human-in-the-loop operations to generate data used in post-training of AI models. It also provides Zara, an AI recruiter agent, which discovers, vets, and qualifies talent globally for enterprises and large-volume recruitment firms. The company maintains a Research Lab that publishes studies related to evaluating AI-assisted recruitment, speech-to-text systems, proctoring models, and other aspects of human-data integration into AI systems. It delivers APIs to access its human-data services and recruiter tools.",101-250,ali@micro1.ai,Ali Ansari,"Professional Services, Science and Engineering, Software, Artificial Intelligence (AI), Employment, Human Resources, Recruiting"
Ark Labs,San Francisco,California,Seed,"Mar 12, 2026",,Active,arklabs.xyz,"Ark Labs develops financial technology infrastructure focused on payment systems built on the Bitcoin network. The organization creates software tools that enable programmable payments, recurring transactions, and automated financial interactions using Bitcoin-based protocols. Its technology explores mechanisms that allow users to schedule payments, manage subscriptions, and execute conditional transfers without relying on traditional banking systems.

The platform designs systems that combine Bitcoin transactions with application-level logic to support payment coordination between users, services, and digital platforms. These tools include payment channels, automated billing structures, and transaction management frameworks that interact with blockchain networks.",1-10,,,"Software, Bitcoin, FinTech, Payments"
Observe,San Mateo,California,Series C,"Jul 30, 2025",$10M to $50M,Active,www.observeinc.com,"Observe is an observability platform built on a streaming data lake for faster search and correlation at a lower cost. The company uses an O11y Knowledge Graph to structure logs, metrics, and traces as entities with semantic relationships. It also uses O11y AI to help resolve incidents faster and reduce costs.",101-250,hello@observeinc.com,Jacob Leverich,"Science and Engineering, Software, Analytics, Artificial Intelligence (AI), Business Information Systems, Data Integration, Information Technology"
Mave Health,San Francisco,California,Seed,"Mar 18, 2026",,Active,www.mavehealth.com,"Mave Health provides digital mental healthcare services focused on therapy, psychiatric support, and structured care programs. The platform connects individuals with licensed clinicians through virtual sessions, offering treatment for conditions such as anxiety, depression, and stress-related disorders. It supports care delivery through scheduled consultations, ongoing monitoring, and personalized treatment plans.

The system integrates assessments, progress tracking, and communication tools to support continuity of care between patients and providers. It also includes features for medication management and outcome measurement to help guide treatment decisions. Mave Health structures its services to enable remote access to mental health support while maintaining coordinated care across different stages of treatment.",11-50,contact@mavehealth.com,Aman Kumar,"Fitness, Health Care, Mental Health, Nutrition, Psychology"
Nexus,San Francisco,California,Series A,"Jun 10, 2024",,Active,nexus.xyz/,"Nexus is building a world supercomputer by leveraging the latest advancements in cryptography, engineering and science. Nexus is backed by premier investors and has a team of world-leading experts developing and deploying the Nexus Layer 1, the Nexus Network and Nexus zkVM in support of the mission to enable the Verifiable Internet.",11-50,hello@nexus.xyz,Daniel Marin,"Science and Engineering, Software, Blockchain, Cloud Computing, Infrastructure, Software Engineering, Web3"
Xellar Biosystems,Newton,Massachusetts,Series A,"Apr 2, 2026",,Active,www.xellarbio.com,,11-50,info@xellarbio.com,,"Health Care, Science and Engineering, Software, Artificial Intelligence (AI), Biotechnology, Pharmaceutical"
Olipop,Oakland,California,Series C,"Feb 12, 2025",$100M to $500M,Active,www.drinkolipop.com,"Olipop is a scientifically formulated beverage crafted with plant fiber and prebiotics to promote optimal digestive health. From Peaches & Cream to Vintage Cola, OLIPOP offers a wide range of flavors that provide a refreshing alternative to traditional sugary sodas. Packed with prebiotics and natural plant fiber, OLIPOP helps promote a healthy microbiome and digestive function, making it a better choice for soda lovers.",101-250,,Ben Goodwin,"Food and Beverage, Health Care, Nutrition, Plant-Based Foods"
Corridor,San Francisco,California,Series A,"Mar 18, 2026",,Active,corridor.dev/,"Corridor provides a security platform that integrates directly with AI coding tools and developer workflows to guide secure code generation in real time. It reviews code and pull requests to identify vulnerabilities, enforce security guardrails, and deliver actionable remediation guidance at the source. The platform also offers visibility into AI-generated code usage, policy compliance, and security events across engineering teams.",11-50,contact@corridor.dev,Ashwin Ramaswami,"Privacy and Security, Science and Engineering, Software, Artificial Intelligence (AI), Information Technology, Security"
Anumana,Cambridge,Massachusetts,Series C,"Apr 24, 2025",$1M to $10M,Active,www.anumana.ai,"Anumana develops AI algorithms that analyze ECG data to support early diagnosis of cardiovascular conditions. The company focuses on enhancing cardiac care through innovative technology, providing tools that assist healthcare professionals in identifying potential heart issues. Anumana's platform extends beyond diagnostics, aiming to improve patient outcomes throughout the entire continuum of cardiovascular care, including perioperative and acute settings. By utilizing machine learning techniques, Anumana aims to refine screening processes, making it easier for clinicians to detect heart diseases and intervene promptly. This approach contributes to more efficient healthcare delivery and better management of cardiovascular health.",101-250,info@anumana.net,Murali Aravamudan,"Science and Engineering, Software, Artificial Intelligence (AI), Health Care, Health Diagnostics, Medical Device"
RenoFi,Philadelphia,Pennsylvania,Series B,"Mar 3, 2026",$1M to $10M,Active,renofi.com,RenoFi is a financial technology company that focuses on providing renovation-focused lending solutions and related services. It offers home equity loans and lines of credit that use the projected future value of a property after renovation to increase borrowing potential without requiring refinancing of an existing mortgage. The company’s platform connects homeowners with a network of lending partners and includes tools to assess renovation plans and support the loan process. RenoFi also offers resources for contractors and homeowners to integrate financing options into renovation projects and supports design consultation services as part of its offerings.,51-100,sayhi@renofi.com,Justin Goldman,"Commercial Lending, Finance, Financial Services, FinTech, Lending"
Anvil Robotics,Palo Alto,California,Seed,"Apr 2, 2026",,Active,anvil.bot,"Anvil develops a platform that integrates robotics hardware and software for building physical AI applications. The company provides configurable devkits that include robot arms, sensors, cameras, and compute systems designed for tasks such as teleoperation, data collection, and model training. Its platform supports real-time control systems, inverse kinematics solvers, and compatibility with frameworks such as ROS2 and LeRobot, enabling teams to develop and deploy robotic workflows. Anvil’s ecosystem allows users to mix and customize components across different robotic configurations, supporting research, enterprise, and startup use cases.",1-10,,Haomiao Huang,"Science and Engineering, Software, Artificial Intelligence (AI), Robotics, Sensor"
GetReal Security,Austin,Texas,Series A,"Mar 26, 2025",,Active,www.getrealsecurity.com,"GetReal Security is on a quest to defend companies throughout the world from the risks posed by the malicious use of modified and synthetic information. The company was incubated by Ballistic Ventures, the venture capital firm dedicated exclusively to funding and incubating entrepreneurs and innovations in cybersecurity, and Dr. Hany Farid, the preeminent expert in media forensics.",11-50,,Hany Farid,"Media and Entertainment, Privacy and Security, Science and Engineering, Artificial Intelligence (AI), Cyber Security, Digital Media, Generative AI"
Vivoo,San Francisco,California,Series B,"Jul 15, 2024",$10M to $50M,Active,www.vivoo.io,"Vivoo is the world’s first at-home health tracker that uses urine tests to provide personalized lifestyle and nutritional advice based on your results. Vivoo tracks Vitamin C, Salinity, Oxidative Stress, Calcium, pH, Hydration and Ketones. You can get your results in just 60 seconds in the comfort of your home. Take the wheel with your health and wellness journey now - we are here for you every step of the way.


The company was founded in 2017 and is based in San Francisco, California.",51-100,hello@vivoo.io,George Radman,"Science and Engineering, Software, Artificial Intelligence (AI), Health Care, Machine Learning, Test and Measurement, Wellness"
PaleBlueDot AI,Palo Alto,California,Series B,"Jan 28, 2026",,Active,palebluedot.ai,PaleBlueDot AI is a technology company that provides AI cloud computing infrastructure and services connecting suppliers and users of GPU resources through a marketplace and dedicated cluster solutions. The company’s offerings include a platform for brokering unused GPU capacity to AI developers and building large-scale GPU clusters for enterprise computing workloads. Its services support deployment and scaling of AI models by enabling access to GPU resources and tools for managing compute demand. PaleBlueDot AI’s platform also incorporates capabilities to assist developers and organizations in planning and optimizing GPU deployments. The company’s model serves both early-stage technology teams and larger enterprise clients seeking tailored AI compute solutions.,11-50,pr@palebluedot.ai,Jonathan Zhu,"Information Technology, Internet Services, Science and Engineering, Artificial Intelligence (AI), Cloud Infrastructure, Software"
Operant,San Francisco,California,Series A,"Sep 12, 2024",$1M to $10M,Active,operant.ai,"Operant offers automatic discovery and analytics, real-time risk rankings, and intelligent runtime enforcement. They offer real-time catalogs for all of your APIs, services, and RBACs, across every cluster and cloud, as well as quick visibility of API endpoints, service interactions, and security vulnerabilities. With risk-weighted scorecards that are prioritized by criticality, access, and exposure, they consistently highlight the security gaps with the highest level of severity. Contextual controls are used to impose fine-grained security constraints on legacy endpoints, data storage, and APIs.",11-50,hello@operant.ai,Ashley Roof,"Software, Cloud Data Services, Cloud Security, Cyber Security, Network Security"
Atraverse Medical,Chicago,Illinois,Series A,"Jun 10, 2025",,Active,atraversemedical.com/,Atraverse Medical offers a product development for left-heart access technology to simplify workflows and improve patient outcomes.,11-50,,Eric Sauter,"Health Care, Medical, Medical Device"
Smartcat,Cambridge,Massachusetts,Series C,"Sep 10, 2024",$50M to $100M,Active,www.smartcat.com,"Smartcat is an all-in-one platform connecting businesses and translators into a continuous translation delivery loop. By combining a collaborative workflow solution and a network of translation professionals, Smartcat drives the language industry to its full technological potential, making both customers and vendors happy in the process.",251-500,support@smartcat.com,Ivan Smolnikov,"Information Technology, Software"
Synthpop,Brooklyn,New York,Series A,"Feb 3, 2026",,Active,www.synthpop.ai,"Synthpop is a company that develops AI-driven solutions to streamline healthcare workflows and improve patient care. The company's platform leverages advanced technologies to automate data entry, insurance verification, and other administrative tasks, freeing up healthcare professionals to focus on core clinical responsibilities.",11-50,info@synthpop.ai,Elad Ferber,"Science and Engineering, Software, Artificial Intelligence (AI), Health Care, SaaS"
Tiiny AI,Dover,Delaware,Seed,"Mar 11, 2026",,Active,tiiny.ai,Tiiny AI offers a ready-to-use open-source ecosystem with one-click installation for models.,,,,"Software, Artificial Intelligence (AI), Business Intelligence"
Aleph,New York,New York,Series B,"Sep 17, 2025",$1M to $10M,Active,www.getaleph.com,"Aleph is a financial software company that provides AI-native financial planning and analysis tools and data management infrastructure. The company's platform helps finance teams consolidate data from multiple systems—ERP, HRIS, CRM, etc.—using over 150 no-code connectors, enabling real-time syncing and automated transformations so that data becomes clean, reliable, and ready-to-use. Its key offerings include automated financial reporting & closing, collaborative budgeting and forecasting, modeling, investor/board reporting, and headcount planning—all intended to reduce manual work, improve accuracy, and scale output without scaling headcount. Aleph supports existing workflows by integrating with Excel and Google Sheets via add-ins so teams can keep using their familiar reporting tools while benefiting from automation, variance analysis, and live data dashboards.",51-100,contact@getaleph.com,Albert Gozzi,"Information Technology, Internet Services, Science and Engineering, Artificial Intelligence (AI), Cloud Data Services, Financial Services, FinTech"
Windfall,San Francisco,California,Series B,"Apr 23, 2025",$10M to $50M,Active,www.windfall.com,"Windfall provides people intelligence and AI workflow solutions to help organizations identify, understand, and engage with their target audiences through data-driven insights and automation. The platform integrates machine learning and propensity modeling to enhance go-to-market strategies across various sectors, including marketing, sales, analytics, and nonprofit development.

Windfall's services include data enrichment, wealth screening, and predictive analytics, allowing clients to gain a comprehensive understanding of their constituents. These tools facilitate the creation of targeted campaigns and personalized outreach efforts. The platform supports integration with systems such as Salesforce, Microsoft Dynamics, and Blackbaud, enabling seamless incorporation into existing workflows.",51-100,,Arup Banerjee,"Science and Engineering, Software, Analytics, Artificial Intelligence (AI), Financial Services, Machine Learning"
LiveKit,San Jose,California,Series C,"Jan 22, 2026",$1M to $10M,Active,livekit.io,"LiveKit provides an open-source framework and cloud platform that enables developers to build, deploy, and manage real-time communication and AI-driven applications involving voice, video, and data streams. The company’s tools abstract the complexity of WebRTC infrastructure by offering scalable media routing, session management, and SDKs for platforms such as web, iOS, Android, and backend environments, supporting low-latency interaction across diverse use cases. LiveKit’s platform includes features to support AI agent development, multimodal communication, telephony integration, and real-time conferencing that help engineering teams incorporate interactive media into applications without building the underlying transport layer from scratch. Its offering allows teams to choose between self-hosting or using a globally managed cloud service with consistent APIs, enabling a unified development experience across deployment models. LiveKit’s capabilities also extend to real-time data exchange, encryption, and adaptive streaming features that support secure and responsive applications. The company works with developers to integrate its communication layer into solutions such as collaborative tools, live streaming, customer support interfaces, and AI voice agents that interact through audio and video in real time.",11-50,,David Zhao,"Information Technology, Internet Services, Other, Artificial Intelligence (AI), Cloud Infrastructure, Real Time, SaaS"
Pactum,Mountain View,California,Series C,"Jun 2, 2025",$10M to $50M,Active,www.pactum.com,"Pactum is an AI platform that automates commercial negotiations for businesses, allowing sales teams to engage in personalized discussions with suppliers. The platform streamlines the negotiation process, enabling companies to optimize contract terms and improve procurement efficiency. By leveraging advanced algorithms, Pactum analyzes data to support informed decision-making during negotiations. This approach helps organizations manage multiple supplier relationships effectively while reducing the time and resources spent on negotiations. Pactum's technology empowers sales development representatives to focus on strategic initiatives rather than administrative tasks, enhancing overall productivity within sales teams.",101-250,hello@pactum.com,Kaspar Korjus,"Science and Engineering, Software, Artificial Intelligence (AI), Business Intelligence, Information Technology"
Parker,New York,New York,Series B,"Nov 9, 2024",$1M to $10M,Active,getparker.com,"Parker offers corporate credit cards to help e-commerce businesses pay expenses and manage their finances. In order to increase profits and unleash the full potential of your brand, Parker offers its users a card to pay for expenses as well as tools to monitor important metrics. The company's eCommerce business credit card offers net terms on each transaction, has average credit limits higher than conventional business credit cards, and is targeted at middle-market businesses.",1-10,support@getparker.com,Milan Ray,"Banking, E-Commerce, Finance, Financial Services, FinTech"
Enkrypt AI,Boston,Massachusetts,Seed,"Jul 17, 2024",,Active,www.enkryptai.com,"Enkrypt AI helps companies build and deploy generative AI securely and responsibly. Our platform automatically detects, removes, and monitors risks like hallucinations, privacy leaks, and misuse across every stage of AI development. With tools like industry-specific red teaming, real-time guardrails, and continuous monitoring, Enkrypt AI makes it easier for businesses to adopt AI without worrying about compliance or safety issues. Backed by global standards like OWASP, NIST, and MITRE, we’re trusted by teams in finance, healthcare, tech, and insurance. Simply put, Enkrypt AI gives you the confidence to scale AI safely and stay in control.",1-10,hello@enkryptai.com,Prashanth Harshangi,"Information Technology, Sales and Marketing, Science and Engineering, Artificial Intelligence (AI), Asset Management, Digital Marketing"
Cymbiotika LLC,San Diego,California,Seed,"Nov 5, 2025",$10M to $50M,Active,Cymbiotika.com,Cymbiotika focuses on scientifically advanced formulations and combines cutting-edge research with high-quality ingredients to help customers achieve optimal health.,101-250,shahab@cymbiotika.com,Chervin Jafarieh,"Health Care, Retail"
Audicin,Austin,Texas,Seed,"Apr 1, 2026",,Active,www.audicin.com/,Audicin is a science-based digital health startup that offers audio medicine through music tracks to help people recharge while working.,1-10,,,"Audio, Health Care, Music"
Venice,Wilmington,Delaware,Series A,"Dec 1, 2025",,Active,www.venice.io,"Venice is a modern Privileged Access Management (PAM) platform that enables Zero Standing Privilege through Just-in-Time, contextual access for cloud and on-prem environments. It eliminates vault sprawl, rigid workflows, and agents.",11-50,,,"Internet Services, Privacy and Security, Science and Engineering, Artificial Intelligence (AI), Cloud Computing, Cyber Security"
Daybreak,San Francisco,California,Series A,"Jun 10, 2025",$10M to $50M,Active,www.daybreak.ai,"Daybreak is an enterprise AI company that offers an AI-native platform for supply chain planning and decision automation. The company offers business solutions in Enterprise Artificial Intelligence, a unique collaboration among business executives, process experts, and artificial intelligence technologies (e.g., machine learning, predictive data analytics, data science).  The company creates and implements these solutions to solve complex business challenges and drive improvements in customer, product, and enterprise operations.  Daybreak is on a mission to leverage Enterprise AI to create a world without wasted time, money, or materials by optimizing supply chain decisions. They precisely identify and define the problem by breaking it down into its fundamental truths.",51-100,hello@noodle.ai,Matt Denesuk,"Software, Transportation, Analytics, Artificial Intelligence (AI), Big Data, Machine Learning, SaaS"
Lettuce Financial,San Francisco,California,Series A,"Oct 30, 2025",,Active,lettuce.co,Lettuce Financial is an AI-powered platform for single entrepreneurs.,11-50,info@lettuce.co,Ran Harpaz,"Financial Services, FinTech"
Tour24,Medfield,Massachusetts,Series B,"Oct 22, 2024",$1M to $10M,Active,tour24.io,"Tour24 develops an app-based platform offering multifamily operators custom self-guided tours giving prospective renters easy access to self-tour properties with a custom interactive and audio/visual tour experience. It partners with multifamily owners, operators, and major prop-tech partners to control the chaos of a busy leasing office through trusted, proven self-guided tour technology.",11-50,sales@tour24.io,Georgianna Oliver,"Real Estate, Software, Mobile Apps, Property Management, Rental"
Code Metal,Boston,Massachusetts,Series B,"Feb 19, 2026",,Active,www.codemetal.ai,"Code Metal is an AI software company that provides a platform for automated code translation and verification, converting high-level code into production-ready formats for deployment across varied hardware targets. Its technology combines machine reasoning with formal analysis to produce verified and compliant software, supporting code modernization, portability, and adaptation to different languages and systems. The platform is applied in contexts where stringent correctness and safety checks are essential, helping technical teams move research or legacy code toward reliable operational use. Code Metal also integrates testing and traceability into its workflows to support rigorous software validation during automated transformations.",51-100,info@codemetal.ai,Alex Showalter-Bucher,"Science and Engineering, Software, Artificial Intelligence (AI), Information Technology, Software Engineering"
Confido,New York,New York,Series A,"Aug 11, 2025",Less than $1M,Active,www.confidotech.com,"Confido is a software company that provides financial operations automation for consumer packaged goods brands. Confido helps CPG brands save time and money by automating cash applications, fighting deductions, and tracking trade costs in a platform. The company is based in New York, New York.",11-50,,Justin Hunter,"Software, Consumer Software, FinTech, Information Technology, Sales Automation"
Metronome,San Francisco,California,Series C,"Feb 25, 2025",$10M to $50M,Active,metronome.com,"Metronome helps software companies launch, iterate, and scale their business models, with billing infrastructure that works at any size and stage. Metronome prioritizes rapid deployment, flexibility, and user-friendliness, minimizing the usual engineering demands associated with billing. It empowers business and product teams to take full control of revenue and pricing. After the initial platform integration, teams can promptly introduce new products and pricing, simplify revenue workflows, and provide customers with immediate insight into their spending.",101-250,info@getmetronome.com,Kevin Liu,"Billing, Enterprise Software, SaaS, Software"
Strada,San Francisco,California,Seed,"Sep 1, 2025",,Active,www.getstrada.com,,11-50,,Amir Prodensky,"Other, Science and Engineering, Software, Artificial Intelligence (AI), B2B, Insurance, SaaS"
WideField Security,Santa Clara,California,Series A,"Mar 19, 2026",$1M to $10M,Active,www.widefield.ai,"WideField Security is a seed-stage cybesecurity startup. Backed by leading seed investors like Engineering Capital, WideField aims to solve pressing challenges in enterprise identity security.",1-10,contact@widefield.io,Abhay Kulkarni,Software
Serval,San Francisco,California,Series B,"Dec 11, 2025",,Active,www.serval.com,"Serval provides an AI-native IT service management platform designed to automate help desk operations, access management, and workflow creation using natural language. Its software deploys AI agents that interpret requests, route tickets, and execute predefined or custom automations to reduce manual tasks and improve operational flow. The platform supports integration with communication channels such as Slack, email, and web portals while enabling administrators to define automation logic without coding. Serval’s tools include capabilities for provisioning access, synchronizing knowledge bases, and consolidating asset data across systems. The platform also offers flexible deployment options that accommodate cloud-hosted or self-hosted environments and governance controls for workflow permissions and security compliance.",11-50,support@serval.com,Alex McLeod,"Science and Engineering, Software, Agentic AI, Artificial Intelligence (AI), Information Technology, Natural Language Processing"
LeapXpert,New York,New York,Series B,"Jan 21, 2025",$10M to $50M,Active,www.leapxpert.com,"LeapXpert enables enterprises to embrace consumer messaging applications and integrate them into their business-critical applications and processes. The company's Federated Messaging Orchestration Platform (FMOP) is an enterprise conversational solution between employees and clients. It empowers companies to securely communicate from a central source while allowing customers to use the messaging app of their choice. FMOP elevates messaging to a formal business communication channel, similar to calling or emailing. It allows companies to control communications between employees, suppliers, customers, and other interested parties. It resolves the business, compliance, and regulatory challenges that the rise of messaging applications’ use in business channels has created. It currently has three of the ten top global banks as customers, with tens of thousands of users.",101-250,info@leap.expert,Avi Pardo,"Messaging and Telecommunications, Other, Professional Services, B2C, Communications Infrastructure, Compliance, Information and Communications Technology (ICT), Messaging"
Liquid,New York,New York,Seed,"Apr 21, 2026",,Active,www.liquid.trade,,1-10,support@tryliquid.xyz,,"Decentralized Finance (DeFi), Financial Services, Trading Platform"
VertexOne,Houston,Texas,Series C,"Jan 9, 2025",$50M to $100M,Active,www.vertexone.net,"VertexOne provides enhanced SaaS customer billing and payment, customer management and customer experience solutions to mid-market utilities across North America.",251-500,info@vertexone.net,,"GovTech, Information Services, Information Technology, SaaS, Software"
Camber,New York,New York,Series B,"Feb 26, 2025",$10M to $50M,Active,www.camber.health/,"At Camber, we build software for recurring health clinicians to improve quality of care. We streamline and replace manual efforts so clinicians can focus on what they do best: providing high-quality care. We transform healthcare payments by reducing administrative burdens on clinics and families.",51-100,partnerships@camber.health,Celina Qi,"Software, Enterprise Software, Health Care, InsurTech, Medical, Payments"
GrayMatter Robotics,Carson,California,Series B,"Jun 20, 2024",$10M to $50M,Active,www.graymatter-robotics.com,"GrayMatter Robotics is a company that solves the most difficult surface treatment and finishing challenges faced by high-mix, high-variability manufacturers. They offer advanced robotics and proprietary AI technologies, designed into smart robotic cells that assist humans in tedious and ergonomically challenging tasks.",101-250,info@graymatter-robotics.com,Ariyan Kabir,"Science and Engineering, Software, Artificial Intelligence (AI), Machine Learning, Robotics"
Andesite AI,Mclean,Virginia,Seed,"Feb 11, 2025",,Active,andesite.ai,"Andesite AI focuses on improving the capabilities and efficiencies of cyber defense teams. Andesite’s bionic SOC revolutionizes human-AI collaboration in cybersecurity, enhancing human expertise and enabling SOC teams to transition from reactive alert triaging to proactive threat hunting. This streamlines investigations and strengthens security outcomes, equipping defenders with the tools they need to better protect their organizations’ assets, people, and customers.",11-50,,Brian Carbaugh,"Privacy and Security, Science and Engineering, Software, Artificial Intelligence (AI), Cyber Security, Network Security"
Edera,Seattle,Washington,Series A,"Feb 25, 2025",$1M to $10M,Active,edera.dev,"Edera is a cybersecurity company specializing in strong workload isolation solutions for Kubernetes and AI environments. Its technology employs a cloud-native Type 1 hypervisor to provide robust container isolation, preventing lateral movement and eliminating container escapes. This approach ensures that each container operates within its own isolated kernel, enhancing security without compromising performance. Edera's platform is designed for seamless integration, requiring minimal configuration to secure workloads across various infrastructures. The company also supports open-source initiatives, offering tools like 'Am I Isolated,' a Rust-based container runtime scanner that detects gaps in container isolation.",11-50,contact@edera.dev,Alex Zenla,"Privacy and Security, Science and Engineering, Software, Artificial Intelligence (AI), Cyber Security, Developer APIs, Enterprise Software, IT Infrastructure"
Trio,California City,California,Seed,"Jun 1, 2025",,Active,trio.so,"Trio is a modern, AI-powered UEM & MDM platform designed for MSPs, SMBs, and schools. We help IT teams securely manage, automate, and monitor multi-platform devices across Windows, macOS, iOS, Android, and ChromeOS – all from one unified dashboard. Trio replaces fragmented tools with a scalable, policy-driven system that supports patching, compliance, SaaS management, and remote control.

Our mission is to simplify IT operations while meeting modern security standards like Zero Trust and GDPR. Backed by early adoption in education and MSP sectors, Trio combines human-centric design with automation to reduce IT workload by up to 60%. We’re building the future of device management – flexible, secure, and AI-augmented.",11-50,javad.zaeri@trio.so,Javad Zaeri Kamran,"Education, Financial Services, Hardware, Artificial Intelligence (AI), Asset Management, Cloud Security, Compliance"
Summation,Bellevue,Washington,Series A,"Oct 1, 2025",,Active,www.summation.com,"Summation delivers a decision-grade AI platform that helps enterprise teams to generate insights, automate workflows, and surface strategic opportunities. It consolidates data across systems such as ERP, CRM, EPM, and warehouses and enables leaders to trace analytical results back to source records for auditability and confidence. The platform includes modules for finance, operations, revenue, and executive overview.

Summation supports “Verified Tasks,” which automate report generation and analysis, and “Deep Dive,” which uses AI agents to explore large numbers of business questions in parallel. During deployment, the company offers a “Forward Deployed” model in which its engineers collaborate with clients to map workflows, model key metrics, and integrate systems.",11-50,press@summation.com,Ian Wong,"Science and Engineering, Software, Artificial Intelligence (AI), Enterprise Software, Information Technology, Predictive Analytics"
Lio,San Francisco,California,Series A,"Mar 5, 2026",,Active,lio.ai,"Lio develops software tools that support teams in organizing operational data and managing business workflows through customizable digital registers. The platform provides a mobile and web application that allows users to create structured records for activities such as sales tracking, inventory monitoring, expense logging, customer management, and task coordination. It replaces paper registers and spreadsheets by offering configurable tables, forms, and templates that capture and store business information in a centralized system.",101-250,founders@asklio.ai,Lukas Heinzmann,"Software, Transportation, Artificial Intelligence (AI), Enterprise Software, Procurement, SaaS"
Guide Labs,San Francisco,California,Seed,"Dec 4, 2025",Less than $1M,Active,www.guidelabs.ai/,,1-10,info@guidelabs.ai,Fulton Wang,"Science and Engineering, Software, Artificial Intelligence (AI), Information Technology"
NODA AI,Austin,Texas,Series A,"Feb 26, 2026",,Active,www.nodaintelligence.ai/,,51-100,contact@nodaintelligence.ai,,"Military, Software"
Sema4.ai,Atlanta,Georgia,Series A,"Jun 4, 2025",$1M to $10M,Active,sema4.ai,Sema4.ai's mission is to define the future of knowledge work by creating intelligent agents that alter how knowledge workers interact with AI.,11-50,,Antti Karjalainen,"Software, Artificial Intelligence (AI), Generative AI, Web Development"
Nooks,San Francisco,California,Series B,"Oct 22, 2024",$10M to $50M,Active,www.nooks.ai/,"Nooks is an applied AI lab that powers modern sales organizations. Our platform automates sales busywork so reps can focus on the human side of selling and generate more qualified pipeline from outbound. Sellers access a single platform for prospecting, coaching, and calling. The platform learns through AI-powered feedback loops, helping teams to be more targeted and effective in their outbound. Thousands of sales teams at companies like Hubspot, ZoomInfo, Deel, and Udemy rely on the Nooks platform.",101-250,marketing@nooks.ai,Daniel Lee,"Sales and Marketing, Science and Engineering, Software, Artificial Intelligence (AI), Information Technology, Productivity Tools, Sales Automation"
Chalk,San Francisco,California,Series A,"May 28, 2025",,Active,www.chalk.ai,"Chalk is a data platform that powers machine learning and generative AI. Chalk's best-in-class developer experience enables data teams to declare features and their dependencies with idiomatic Python in online, streaming, and batch environments. Chalk compiles these definitions into parallel pipelines that run on a Rust-based engine. These pipelines use the same source code to serve temporally consistent training sets to data scientists and live feature values to models. This re-use ensures that feature values from online and offline contexts match and dramatically cuts development time. With Chalk, engineers, data scientists, and analysts can focus on their unique products while Chalk seamlessly handles data infrastructure.",11-50,hello@chalk.ai,Andrew Moreland,"Software, Artificial Intelligence (AI), Big Data, Machine Learning, Productivity Tools"
Numos,San Mateo,California,Seed,"Apr 2, 2026",,Active,www.numosai.com,"Numos develops an AI-powered platform designed to automate financial operations for businesses. Its platform integrates with existing enterprise systems and uses advanced reasoning to turn raw financial data into actionable insights, helping finance teams reduce manual work and focus on strategic decision-making.",1-10,,Mitul Tiwari,"Professional Services, Science and Engineering, Software, Accounting, Artificial Intelligence (AI), Finance"
Airrived,Dublin,California,Seed,"Feb 3, 2026",,Active,airrived.ai,"Airrived is an enterprise-grade, agentic AI platform tailored specifically for cybersecurity applications.",11-50,,,Agentic AI
Medmo,New York,New York,Series A,"Oct 14, 2025",Less than $1M,Active,www.medmo.com,"Medmo is a healthcare company that develops a platform to connect patients with local medical centers offering medical test and scanning services. Its platform connects patients with radiology centers offering a range of imaging tests such as MRI, CT scans, PET, and ultrasound.",11-50,,Christopher Kelly,"Health Care, Medical, Medical Device, Software"
Iantrek,White Plains,New York,Series C,"Apr 28, 2026",$100M to $500M,Active,iantrekmed.com/,"Iantrek develops technology for minimally invasive microinvasive glaucoma surgery.

It was founded in 2019 and is based in White Plains, New York.",51-100,,Sean Ianchulev,"Manufacturing, Medical, Medical Device"
Atlas Data Storage,South San Francisco,California,Seed,"Mar 5, 2026",,Active,www.atlasds.com,"Atlas Data Storage develops data storage systems utilizing synthetic DNA to encode digital information. The company offers end-to-end solutions that integrate semiconductor-based synthesis and enzyme engineering to store data in DNA strands. This approach aims to provide long-term, high-density storage options for various sectors. Atlas Data Storage's technology is designed to address the growing demand for scalable and energy-efficient data storage solutions.",11-50,info@atlasds.com,,"Database, Data Management, Information Technology"
Transcend Therapeutics,Waltham,Massachusetts,Series A,"Oct 28, 2024",$1M to $10M,Active,www.transcendtherapeutics.com,"Transcend Therapeutics is a clinical-stage biotechnology company focused on developing rapid-acting treatments for neuropsychiatric diseases. The company aims to address mental health conditions such as post-traumatic stress disorder (PTSD) and major depressive disorder (MDD), particularly for patients who do not respond to existing therapies. The company’s lead program, TSND-201 (methylone), is being developed as a next-generation neuroplastogen designed to deliver fast and durable therapeutic effects. Its research emphasizes innovative psychoactive compounds that can improve outcomes while minimizing common limitations of traditional psychiatric medications. Backed by venture funding and an experienced leadership team with multiple FDA approvals, Transcend Therapeutics continues to advance clinical trials and expand its pipeline of mental health treatments.",1-10,,Benjamin Kelmendi,"Biotechnology, Health Care, Mental Health, Pharmaceutical, Therapeutics"
Strand Therapeutics,Cambridge,Massachusetts,Series B,"Aug 3, 2025",$1M to $10M,Active,www.strandtx.com/,"Strand Therapeutics is a developer of a biotechnology platform intended to create gene therapies powered by synthetic biology.The company's offerings include immunotherapies to help cells produce target cancer-killing proteins during immunotherapy, enabling patients to improve their body's immune system to fight cancer.",101-250,contact@strandtx.com,Darrell Irvine,"Biotechnology, Life Science, Pharmaceutical, Therapeutics"
Pathway,Palo Alto,California,Seed,"Oct 8, 2025",$1M to $10M,Active,www.pathway.com,,11-50,contact@pathway.com,Adrian Kosowski,"Software, Artificial Intelligence (AI)"
Outtake,Brooklyn,New York,Series B,"Jan 28, 2026",,Active,www.outtake.one,"Outtake is an AI-driven cybersecurity company that provides autonomous digital threat detection and response solutions. Its platform uses agentic artificial intelligence to continuously scan the open web, social media, domains, apps, and ads to identify and classify threats like impersonation, phishing, and brand abuse. Outtake also offers digital risk protection to dismantle coordinated attack campaigns and tools for verifying communications to enhance trust in email and partner identities. Its system organizes intelligence from multimodal sources into actionable insights and automates response workflows to help security teams manage evolving digital risks.",11-50,protect@outtake.one,Alex Dhillon,"Privacy and Security, Science and Engineering, Software, Artificial Intelligence (AI), Cyber Security, Machine Learning"
Fluency,Burlington,Vermont,Series A,"Dec 16, 2025",$10M to $50M,Active,www.fluency.inc,"Fluency is a digital advertising operating system that centralizes, automates, and scales campaign execution across search, social, display, and programmatic channels. It provides tools to integrate data, manage omnichannel workflows, and automate repetitive advertising tasks so teams can launch, monitor, and optimize large portfolios from one platform. The platform supports campaign setup, budget pacing, reporting, and performance insights with automation and AI-assisted capabilities. Fluency’s solution connects data sources and publishers to streamline workflows and help advertising teams reduce manual processes and manage complex campaigns efficiently.",101-250,,Brian McVey,"Advertising, Enterprise Software, Marketing Automation, Productivity Tools"
TollBit,New York,New York,Series A,"Oct 22, 2024",,Active,tollbit.tech,TollBit is a content monetization platform that allows AI bots and data scrapers to pay websites directly to license their content and protects the health of the entire content ecosystem.,1-10,Toshit@tollbit.tech,Olivia Joslin,"Media and Entertainment, Science and Engineering, Software, Artificial Intelligence (AI), Content, Content Discovery"
Aspen Neuroscience,San Diego,California,Series C,"Nov 20, 2025",$10M to $50M,Active,www.aspenneuroscience.com,"Aspen Neuroscience is a development stage and private biotechnology company that uses innovative genomic approaches combined with stem cell biology to deliver patient-specific, restorative cell therapies that modify the course of Parkinson's disease. It is developing induced-pluripotent stem cells (iPSCs) to address diseases with high unmet medical needs, beginning with autologous neuron replacement for both sporadic and genetic forms of Parkinson's disease (PD) and extending across the brain and affected organs.",101-250,info@aspenneuro.com,Andres Bratt-Leal,"Biotechnology, Life Science, Neuroscience, Pharmaceutical, Therapeutics"
Avenzo Therapeutics,San Diego,California,Series B,"Sep 4, 2025",,Active,avenzotx.com,,11-50,,Athena Countouriotis,"Biotechnology, Health Care, Medical, Oncology, Therapeutics"
Great Sky,Boulder,Colorado,Seed,"Mar 14, 2026",,Active,www.greatsky.ai/,,1-10,contact@greatsky.ai,Bryce Primavera,"Manufacturing, Science and Engineering, Software, AI Infrastructure, Artificial Intelligence (AI), Network Hardware, Semiconductor"
Central,San Francisco,California,Seed,"Aug 27, 2025",,Active,centralhq.com/,,11-50,support@central.inc,Josh Wymer,"Other, Science and Engineering, Software, Artificial Intelligence (AI), B2B, Bookkeeping and Payroll, FinTech"
Farther,San Francisco,California,Series C,"Oct 10, 2024",$100M to $500M,Active,www.farther.com,"Farther is a technology-centric wealth management firm – combining expert advisors with cutting-edge technology to deliver an efficient, comprehensive, and elite client experience. Founded in 2019 and backed by top-tier venture capital firms, Farther caters to high-net-worth professionals who need a more holistic approach to managing their money. The firm emphasizes a data-driven approach, empowering its advisors with cutting-edge tech tools to provide personalized financial advice. Farther aims to set a new standard in wealth management, offering a blend of personal service and advanced analytics to meet clients' financial goals.",101-250,hello@farther.com,Brad Genser,"Consulting, Finance, Financial Services, FinTech, Wealth Management"
MainFunc,Palo Alto,California,Series B,"Mar 12, 2026",$10M to $50M,Active,mainfunc.ai,"MainFunc is a technology company building AI‑driven productivity tools, with a focus on enabling users, including knowledge workers and teams, to get real work done via autonomous AI agents. The company’s flagship product is Genspark, an AI workspace that automates tasks by collecting information from web searches, emails, meetings, and calls, processing it through a “Super Agent” that orchestrates many specialized AI sub‑agents, and generating outputs like full reports, slide decks, spreadsheets, or even prototype applications.

In addition to productivity automation, MainFunc markets Genspark as an enhanced search and research tool: when users query the web, Genspark generates consolidated, bias‑reduced summaries using multiple underlying large‑language or multimodal models rather than relying on traditional keyword‑based ranking.",11-50,press@mainfunc.ai,Eric Jing,"Science and Engineering, Software, Artificial Intelligence (AI), Generative AI, Machine Learning, Search Engine"
Sentient,San Francisco,California,Seed,"Jan 27, 2026",,Active,sentient.foundation,"Sentient focuses on building an open-source artificial general intelligence ecosystem that supports collaborative AI research and development. The organization develops protocols, tools, and community initiatives aimed at enabling shared AI models, decentralized intelligence networks, and grant programs for developers. It also manages platforms and frameworks that connect multiple AI agents and facilitate interaction among contributors and AI builders. Sentient Foundation engages with researchers, institutions, and developers to promote transparent AI systems and distribute resources that support experimentation and integration. Its work includes funding opportunities and community-oriented programs that encourage participation in open AI projects.",1-10,contact@sentient.foundation,,"Media and Entertainment, Science and Engineering, Software, Artificial Intelligence (AI), Content Creators, Information Technology"
HeyDonto,Knoxville,Tennessee,Seed,"Apr 7, 2026",,Active,heydonto.com,"HeyDonto provides AI-driven solutions for dental practices, focusing on the integration and standardization of electronic health records (EHR). The company's API offers real-time access to dental EHR data, enabling seamless integration with healthcare applications, AI models, and research initiatives. HeyDonto's technology supports various dental management systems like Dentrix, Eaglesoft, and OpenDental, aiming to enhance the efficiency and performance of dental office management.",11-50,,Rivers Morrell,"Health Care, Science and Engineering, Software, Apps, Artificial Intelligence (AI), Dental"
Handl Health,Wilmington,Delaware,Series A,"Feb 23, 2026",$1M to $10M,Active,www.handlhealth.com/,"Handl Health is a technology platform transforming how health plans are evaluated, designed and managed. By unifying healthcare pricing, utilization, benefit and quality data into a single analytical and operational layer, Handl empowers  brokers, carriers and third-party administrators  to build flexible, cost-effective health benefits. Handl’s technology delivers the infrastructure, analytics and insights needed to power the next generation of alternative health plans.",11-50,hello+crunchbase@handlhealth.com,Ahmed Marmoush,"Health Care, Science and Engineering, Software, Artificial Intelligence (AI), Employee Benefits"
Juno,Rancho Santa Fe,California,Seed,"Apr 9, 2026",,Active,juno.tax,"Juno offers automation for modern tax firms, focusing on research, preparation, review, and advisory services. The software includes structured tax review features that ensure consistent checks and enhance quality control in tax preparation processes.",11-50,support@juno.tax,Dave Haase,"Financial Services, Tax Consulting, Tax Preparation"
Distyl AI,San Francisco,California,Series B,"Sep 22, 2025",,Active,distyl.ai,"Distyl AI delivers platforms and services that embed artificial intelligence into enterprise operations to generate measurable business outcomes. It offers a platform (“Distillery Platform”) that enables companies to deploy and manage AI systems rapidly, integrating directly with data, workflows, and existing enterprise infrastructure. Custom research, systems optimization, and deep technical deployment are part of its capabilities, with engineering and strategy contribution from teams with backgrounds in major institutions like OpenAI, Apple, and Palantir. Distyl AI works with clients across sectors such as healthcare, telecom, manufacturing, insurance, and retail to create AI-driven solutions tied to financial or operational impact.",101-250,info@distyl.ai,Arjun Prakash,"Science and Engineering, Software, Artificial Intelligence (AI), Generative AI, Information Technology"
Apono,New York,New York,Series B,"Nov 18, 2025",$1M to $10M,Active,www.apono.io,"Apono helps companies become secure and compliant while maintaining their productivity and agility. The company aims to simplify how teams manage access to critical systems by automating the provisioning and deprovisioning of permissions based on real-time needs, ensuring only the right people have access at the right time.",51-100,,Ofir Stein,"Cloud Security, Cyber Security, DevOps, Information Technology, Software"
Benepass,New York,New York,Series B,"Jan 21, 2026",$1M to $10M,Active,www.getbenepass.com,"Benepass is a benefits administration platform that helps companies manage and distribute employee perks and benefits. Through deep investments into the company's financial technology infrastructure, Benepass has made it easy for employers to offer global benefits that are personalized to every employee. The Benepass platform offers employees four different ways to spend their benefit dollars globally: card, mobile wallet, reimbursements, and a marketplace.",51-100,sales@getbenepass.com,Jaclyn Chen,"Software, Employee Benefits, Enterprise Software, FinTech, Human Resources"
Unconventional AI,San Francisco,California,Seed,"Dec 8, 2025",,Active,unconv.me,Unconventional AI develops a novel computing platform that rethinks how hardware and software interact to support artificial intelligence workloads with a focus on energy use and computational efficiency. The company works on integrating principles from biological neural systems into silicon-based circuits and related software interfaces to create a different substrate for running AI models. Its products and research aim to address the rising energy demands of AI by exploring non-traditional architectures that move beyond conventional digital simulation of neural networks. Unconventional AI also engages in early-stage development of prototypes and toolchains that support this new approach to AI computation.,11-50,adam@unconv.me,MeeLan Lee,"Software, Artificial Intelligence (AI), Business Intelligence"
Hyperbound,San Francisco,California,Series A,"Sep 15, 2025",$1M to $10M,Active,www.hyperbound.ai/,"Hyperbound pioneered AI Sales Roleplay technology and is the trailblazer behind the AI Sales Roleplay category for mid-market/enterprise revenue teams.

We provide human-like roleplays with AI buyers customized for your ICP, giving reps more at-bats and leveling up their business acumen in half the amount of time. 

We then inspect live calls to certify that reps are mirroring your top performers and generate personalized AI feedback and targeted roleplays to tackle performance gaps. 

The goal is faster ramp times, more pipeline, higher win rates, increased ACVs, more consistent performance across your team, and more time for your managers.

Interested in trying it out today? Start a free demo simulation at hyperbound.ai and contact us at founders@hyperbound.ai for next steps.",11-50,founders@hyperbound.ai,Atul Raghunathan,"Information Technology, Sales and Marketing, Science and Engineering, Artificial Intelligence (AI), Corporate Training, Generative AI, Lead Generation"
Ember LifeSciences,Los Angeles,California,Series A,"Dec 16, 2025",$10M to $50M,Active,emberlifesciences.com,"Ember LifeSciences is a healthcare technology company that develops cold chain solutions to support the safe transport of temperature-sensitive medicines, vaccines, and biologics using proprietary temperature control systems. The company’s core offering includes the Ember Cube. This self-refrigerated and cloud-connected shipping container provides continuous temperature monitoring, GPS tracking, and real-time data reporting to maintain drug efficacy during transit. Ember LifeSciences leverages its engineering expertise in thermal management and digital monitoring to develop modular shipping solutions that can replace traditional single-use cold chain packaging, thereby reducing waste. It works with pharmaceutical distributors, specialty pharmacies, and laboratories by enabling visibility and control over critical environmental conditions throughout distribution. The company continues to develop next-generation versions of its devices, incorporating improved insulation and configurable features to support broader supply chain use cases.",11-50,support@emberlifesciences.com,Clayton Alexander,"Science and Engineering, Transportation, Biopharma, Health Care, Information Technology, Logistics"
Air Space Intelligence,Boston,Massachusetts,Series B,"Aug 15, 2025",$1M to $10M,Active,airspace-intelligence.com,Air Space Intelligence is a software-first aerospace & defense company. They partner with organizations such as the world’s largest airlines and government agencies to ensure that the global airspace remains safe and secure.,101-250,,Phillip Buckendorf,"Aerospace, Software"
Finix,San Francisco,California,Series C,"Oct 24, 2024",$10M to $50M,Active,finix.com,"Finix is a developer of a B2B payment processing platform designed to let businesses own, manage and monetize their payments. Their platform uses modular, workflow-driven architecture and a real-time interface to track transactions, consolidate disparate payment processor data and underwrite merchant accounts, enabling banks, acquirers, and enterprises to send money anywhere in the facilitate push payments over debit cards.",101-250,bd@finixpayments.com,Richie Serna,"Finance, Financial Services, FinTech, Payments"
CrewAI,San Francisco,California,Series A,"Oct 22, 2024",$1M to $10M,Active,www.crewai.com,"CrewAI is a multi-agent automation platform for enterprises to automate complex tasks. With its automation platform, organizations can deploy and manage AI agents to automate complex tasks and to value across a wide range of use cases, from research and analysis to coding and reporting.

The company also offers a range of advanced new features including self-iteration, performance evaluation, persistent memory, and a range of new agent collaboration structures.",51-100,engineering@crewai.com,Joao Moura,"Science and Engineering, Software, Agentic AI, Artificial Intelligence (AI), Enterprise Software, Generative AI, Information Technology"
HOPPR,Chicago,Illinois,Series A,"Jun 17, 2025",$10M to $50M,Active,www.hoppr.ai,"HOPPR is a remote-first health tech company transforming how medical imaging AI is built, validated, and deployed. Founded in 2019 by radiologists and engineers, we started with a simple belief: AI in healthcare can do more—and it should be easier, safer, and faster to build.

Today, we’ve grown into a trusted partner for medical imaging providers, PACS platforms, and AI developers. Our flagship product, the HOPPR AI Foundry, gives teams a secure, flexible environment to create, fine-tune, and validate medical imaging models with confidence. With best-in-class infrastructure, curated data options, and multimodal foundation models, we help innovators bring impactful AI solutions to life.

We combine scientific rigor with engineering excellence, all with the goal of accelerating responsible AI adoption in healthcare. 

If you’re excited about meaningful innovation, high-impact work, and shaping the future of medical imaging AI, HOPPR is the place to do it.",11-50,info@hoppr.ai,Gerry Stegmaier,"Information Technology, Science and Engineering, Software, Artificial Intelligence (AI), Health Care, Health Diagnostics, Medical"
Carta Healthcare,San Francisco,California,Series B,"May 7, 2025",Less than $1M,Active,www.carta.healthcare,"Carta Healthcare empowers hospitals to personalize the delivery of care to the individual needs of each patient. The approach Carta Healthcare is advocating and enabling to find past patients similar to the current one being treated, quantify what exactly happened to them during their journey through the hospital (this is where our model comes in), and use machine learning to project what the particular patient in question will need, and what the patient can expect their experience to be in the hospital.",51-100,,Anna Chukaeva,"Health Care, Software, Delivery, Hospital, Machine Learning"
Valence,New York,New York,Series B,"Sep 25, 2025",$1M to $10M,Active,www.valence.co,"Valence develops and provides an AI coach named Nadia for employee development and performance support. The coach delivers personalized guidance on setting goals, improving feedback, skill building, and managing conflict. Nadia is also used to support organizational functions like performance reviews, learning and development, and change management.",101-250,,Levi Goertz,"Science and Engineering, Software, Artificial Intelligence (AI), Generative AI, Information Technology, SaaS"
Pickle Robot,Cambridge,Massachusetts,Series B,"Nov 11, 2024",$1M to $10M,Active,www.picklerobot.com,"Pickle Robot is a low cost, collaborative package handling robot that automates several key tasks along the e-commerce supply chain.

Package handling is a physically demanding job with extremely high rates of turnover. The rising costs of shipping, comprised of 2/3rds labor, have become a major bottleneck to continued growth in e-commerce. 

Dill is the first robot from the Pickle Robot Company. It works multiple shifts, communicates with its human collaborators, and is rapidly developing new skills in handling e-commerce parcels: such as loading/unloading of feeder trucks, palletizing/depalletizing, and preloading of last mile delivery vans, trucks, and parcel cars.",101-250,aj@picklerobot.com,Andrew Meyer,"Manufacturing, Science and Engineering, Software, Artificial Intelligence (AI), Industrial Manufacturing, Robotics"
SRE.ai,San Francisco,California,Seed,"Aug 20, 2025",,Active,sre.ai,"SRE.ai delivers AI agents that automate Salesforce DevOps workflows, allowing for fast, transparent deployments, back-promotions, and impact analysis. With seamless tool integration, SRE.ai minimizes clicks and maximizes productivity, enabling teams to scale without sacrificing quality or speed.",1-10,info@sre.ai,Edward Aryee,"Software, Artificial Intelligence (AI), Developer Tools"
Stellaromics,Natick,Massachusetts,Series B,"Feb 11, 2025",$1M to $10M,Active,www.stellaromics.com/,,11-50,info@stellaromics.com,Karl Deisseroth,"Software, 3D Technology, Biotechnology"
Archera,Bellevue,Washington,Series B,"Jul 25, 2024",$1M to $10M,Active,archera.ai/,"Archera is an information technology company that specializes in the fields of cloud cost optimization, reserved instances, dev ops, and finance. Its software automates purchasing, renewing and exchanging EC2 RIs and CRIs.",11-50,support@reserved.ai,Aran Khanna,"Software, Information Services, Information Technology, Internet, Software Engineering"
Commvault,Little Falls,New Jersey,Series A,"Sep 2, 2025",$500M to $1B,Active,www.commvault.com,"Commvault’s data protection and information management solutions help companies protect, access and use all of the their data, anywhere and anytime as a powerful strategic asset. Headquartered in  New Jersey. We've made our mark with the industry's leading backup and recovery software. 

Our product Commvault Complete™ Backup & Recovery has been listed as a leader in the Gartner Magic Quadrant for Enterprise Backup/Recovery Software.

Our culture represents an environment where individuals can demonstrate their passion and creativity. We are proud of our long list of awards generated by our credible employees who continually succeed by driving innovative technology. We aim to drive a collaborative, team spirit environment influenced by our values, removing all political boundaries.

The company is located in Tinton Falls, New Jersey.",1001-5000,ltignini@commvault.com,N. Robert Hammer,"Data Management, Information Technology, Software"
Fastino,Palo Alto,California,Seed,"Jul 3, 2025",,Active,www.fastino.ai/,"Fastino provides enterprise AI developers with high-performance, task-optimized language models built to scale.",11-50,,Ash Lewis,"Software, Artificial Intelligence (AI)"
Amber Semiconductor,Dublin,California,Series C,"Mar 10, 2026",Less than $1M,Active,www.ambersi.com,"Amber Semiconductor is a fabless semiconductor company developing advanced power management solutions for AI data centers. The company focuses on semiconductor architectures that digitize the control of electricity directly within silicon chips. Its technologies support functions such as power conversion, circuit switching, and real-time sensing of electrical conditions, allowing electronic systems to monitor and manage electricity at the chip level. These capabilities are designed to replace legacy power management components with programmable semiconductor solutions embedded into electrical products and devices.",11-50,sales@ambersi.com,Thar Casey,"Hardware, Information Technology, Science and Engineering, AI Infrastructure, Data Center, Electronics, Energy Efficiency, Energy Management"
PushPress,Claymont,Delaware,Series B,"Oct 30, 2024",Less than $1M,Active,pushpress.com,"PushPress provides a painless end-to-end management platform for boutique gyms, fitness studios, and personal trainers to help them achieve scale and provide best-in-class member experiences. As the leading gym management software, PushPress uses innovative integrations and key products like Core, Grow, Train, Branded App, and Insurance to help gym owners with everything from billing and scheduling to lead generation and progress tracking, so they can spend less time on operations and more time serving clients.",101-250,,Brian Aung,"Other, Payments, Software, B2B, Billing, FinTech, Fitness, Machine Learning"
Optimal Dynamics,New York,New York,Series C,"May 12, 2025",Less than $1M,Active,www.optimaldynamics.com,"Optimal Dynamics was created from decades of research at Princeton University focused specifically on freight and logistics. We believe continual learning and challenging ourselves allows us to stay at the leading edge of innovation. Our technology has already managed billions of dollars in assets for some of the largest companies in the world, and we’re just getting started.",51-100,info@optimaldynamics.com,Daniel Powell,"Software, Transportation, Artificial Intelligence (AI), Logistics, Machine Learning, SaaS"
Statsig,Bellevue,Washington,Series C,"May 6, 2025",$10M to $50M,Active,www.statsig.com,"Statsig offers a platform for product teams to manage features, run experiments, and analyze user behavior. The company provides tools for A/B testing, feature flags, session replay, and product analytics. Its platform connects with data warehouses and supports multiple programming languages through SDKs. Statsig is used by teams in industries such as AI, gaming, software, and e-commerce.",101-250,support@statsig.com,Vijaye Raji,"Analytics, Big Data, SaaS"
Momento,Seattle,Washington,Series A,"Jul 18, 2024",$1M to $10M,Active,www.gomomento.com,"Momento was founded with the vision to enable developers to write reliable and powerful apps faster than ever thought possible. Momento removes the need to manage caches by providing a serverless caching solution that works at any scale, so developers can concentrate on doing what they love: developing better products and services, faster. Momento is a team of distributed systems and database experts. The company is headquartered out of Seattle, Washington with a team that is distributed worldwide.

Visit gomomento.com for more information—or see just how fast and simple it is to get going with Momento by starting for free at start.gomomento.com.",11-50,hello@momentohq.com,Daniela Miao,"Science and Engineering, Software, Cloud Data Services, Cloud Infrastructure, Cloud Storage, Internet"
MoneyHash,San Francisco,California,Seed,"Jan 20, 2025",$10M to $50M,Active,moneyhash.io/,MoneyHash provides access to payment and fintech services across the Middle East & Africa with one simple integration.,11-50,info@moneyhash.io,Anisha Sekar,"Financial Services, FinTech, Payments"
Flo,Austin,Texas,Series A,"May 20, 2025",$1M to $10M,Active,www.joinflo.com,"Flo Recruit is where top legal talent navigates their careers. Our solutions enable law firms to hire the right talent, faster - including law student, lateral associate, partner, and business professional recruiting - and support law schools in helping their students find jobs.",51-100,hannah@florecruit.com,Atreya Misra,"College Recruiting, Human Resources, Legal, Legal Tech, Recruiting"
Spade,New York,New York,Series B,"Mar 24, 2026",$1M to $10M,Active,www.spade.com,"Spade is a data and AI platform that turns messy transaction strings into structured, verified records — and gives teams the tools to act on it across authorization, attribution, analytics, and AI initiatives. Spade leads the market in terms of merchant coverage, matching accuracy, geolocation data, and speed of transaction enrichment. Customers such as Bilt, Mercury and Stripe, alongside many other leaders in fintech and financial services, trust Spade's data to enable personalized rewards programs, accurate applied spending rules, precise analytics requests, and innovative AI-powered features.",11-50,hello@spade.com,Cooper Hart,"Science and Engineering, Software, Artificial Intelligence (AI), Developer APIs, FinTech, Machine Learning"
OneSkin,San Francisco,California,Series A,"Aug 6, 2025",$1M to $10M,Active,www.oneskin.co,"OneSkin is a longevity company on a mission to extend the health of your skin and body. Founded by a team of four PhDs and longevity scientists, they have identified a novel proprietary peptide, OS-01,  which is the first compound validated to reduce your skin's biological age by decreasing the accumulation of aged cells, improving cellular repair capacity and strengthening the epidermal skin barrier. Their flagship product, OS-01 Topical Supplement is currently available through their website.",11-50,support@oneski.co,Alessandra Zonari,"Science and Engineering, Beauty, Biotechnology, Cosmetics, Health Care, Wellness"
SuperDial,San Francisco,California,Series A,"Jun 24, 2025",$1M to $10M,Active,www.superdial.com,"SuperDial leverages conversational AI to automate tedious outbound phone calls on behalf of healthcare organizations. Our customers include leading RCM companies, DSOs, digital health providers, and provider data vendors. We help these customers automate a variety of call types including benefits verifications, claim follow-ups, prior auth follow-ups, credentialing & enrollment follow-ups and provider data inquiries. SuperDial can be extended to new use cases, so if there's another type of outbound phone call you'd like to automate, please reach out to us!",11-50,sales@superdial.ai,Harrison Caruthers,"Health Care, Science and Engineering, Software, Artificial Intelligence (AI), InsurTech"
Straiker,Sunnyvale,California,Series A,"Mar 27, 2025",$1M to $10M,Active,www.straiker.ai/,Straiker builds AI-native security solutions tp protect customers from a spectrum of security & safety risks.,11-50,ankurshah@straiker.ai,Ankur Shah,"Privacy and Security, Science and Engineering, Software, Artificial Intelligence (AI), Network Security"
Letter AI,Chicago,Illinois,Series B,"Feb 24, 2026",,Active,www.letter.ai,"Letter AI offers a generative AI-powered revenue enablement platform that helps sales and enablement teams create, organize, and deliver content, training, coaching, and buyer engagement tools. Its platform uses company documents and data to generate personalized sales materials and simulations, provide real-time assistance through an AI co-pilot, and automate parts of the sales process such as RFP responses and deal rooms. The software supports interactive training, scalable coaching with roleplay scenarios, and contextual content personalization for specific audiences. Letter AI also includes features for managing and discovering relevant assets quickly and enabling more efficient revenue workflows. The platform emphasizes anchoring AI responses in a customer’s own knowledge base to reduce inaccuracies.",11-50,,Ali Akhtar,"Science and Engineering, Software, Analytics, Artificial Intelligence (AI), SaaS, Sales Enablement"
Picogrid,El Segundo,California,Seed,"Jan 29, 2026",$1M to $10M,Active,picogrid.com,,11-50,,Dan Chirita,"Manufacturing, Software, Data Integration, Government, Industrial, Military"
Duetti,New York,New York,Series C,"Jan 21, 2026",$1M to $10M,Active,duetti.co,"Duetti is a music fintech company that offers financial solutions. The company works with independent musicians to purchase catalog rights and then monetizes them using data and social media marketing. It aims to get a wide range of artists quick access to catalog sales and unlock new investment opportunities. It also provides data-driven prices for established tracks, allowing artists to sell individual tracks or even parts thereof, then markets those tracks going forward using ROI-focused techniques.",11-50,,Christopher Nolte,"Financial Services, FinTech, Music"
Efficient Computer,Pittsburgh,Pennsylvania,Series A,"Feb 18, 2026",,Active,efficient.computer,"Efficient Computer develops processor technology focused on improving energy efficiency for compute-intensive workloads. The company designs general-purpose processors and computing architectures that aim to reduce power consumption while maintaining performance across embedded and edge applications. Its technology is built to support artificial intelligence, signal processing, and other demanding tasks within constrained power environments. Efficient Computer provides hardware platforms and related tools that enable device manufacturers and developers to integrate energy-efficient processing into their products. The company’s offerings address applications where performance per watt is a key design consideration.",11-50,,Alex Hawkinson,"Manufacturing, Science and Engineering, Software, Computer, Embedded Software, Information Technology, Semiconductor"
Cara,New York,New York,Seed,"Mar 31, 2026",,Active,www.getcara.ai/,"Cara is a domain-specific AI platform purpose-built for insurance—a modular system that enables agencies, brokerages, and MGAs to automate servicing, accelerate sales, and scale operations with a 24/7 digital workforce.",11-50,,,"Science and Engineering, Software, Artificial Intelligence (AI), Insurance, InsurTech"
Hydra Host,Miami,Florida,Series A,"Mar 10, 2026",$1M to $10M,Active,www.hydrahost.com,"Hydra offers a bare metal GPU platform, connecting businesses with independent but standardized AI Factory Franchises via API. Hydra provides a turnkey solution for AI Factories that include design, procurement, configuration, and the monetization software to serve its B2B off-take. Customers leverage a network of diverse SKUs and locations, bare metal security and performance, and superior pricing.",11-50,info@hydrahost.com,Aaron Ginn,"Internet Services, Science and Engineering, Software, Artificial Intelligence (AI), Cloud Infrastructure, Developer APIs, Web Hosting"
Turnstile,San Francisco,California,Series A,"Feb 5, 2026",$1M to $10M,Active,turnstile.ai/,,11-50,,Jordan Zamir,"FinTech, SaaS, Software"
Tandem,New York,New York,Series B,"Jan 26, 2026",,Active,withtandem.com,"From PA generation to appeals, enrollments, & pharmacy navigation, Tandem handles the end-to-end medication access process. Tandem supports every drug, insurance, and pharmacy to help patients get access to life-changing medications.",251-500,support@withtandem.com,Sahir Jaggi,"Mobile, Science and Engineering, Software, Artificial Intelligence (AI), Health Care, Medical, mHealth"
Counsel Health,San Francisco,California,Series A,"Oct 16, 2025",$1M to $10M,Active,www.counselhealth.com,"Counsel Health is an AI-enabled virtual care company that combines medical AI with in-house physicians to deliver immediate, personalized guidance for nearly any medical concern.

Built with enterprise-grade safety standards and AI safety guardrails, Counsel partners with health plans, employers, and ecosystem partners to provide a modern, physician-supervised front door to care that significantly improves member access to care while ensuring clinical quality. By replacing outdated access points like nurse advice lines and legacy telehealth, Counsel helps organizations reduce high-cost claims, increase utilization of existing benefits, and improve engagement, all while delivering care that is reliable, cost-effective, and scalable.",11-50,info@counselhealth.com,,"Science and Engineering, Software, Artificial Intelligence (AI), Health Care, Medical, Personal Health"
Sixfold AI,New York,New York,Series B,"Jan 29, 2026",,Active,www.sixfold.ai,"Sixfold AI provides an artificial intelligence platform that automates and augments insurance underwriting tasks, using AI to process submissions, extract risk data, and generate insights tailored to each insurer’s guidelines. The company’s technology assesses and triages cases, aligns risk evaluation with predefined appetites, and supports actions such as research, referrals, and documentation within underwriting workflows. Its solution integrates into existing systems to help underwriters focus on strategic judgment and relationship decisions rather than repetitive data work. Sixfold also emphasizes transparency by providing traceability of its risk insights and decisions. The platform supports multiple lines of insurance and adapts to specific underwriting criteria to deliver structured risk summaries and recommendations.",11-50,,Alex Schmelkin,"Science and Engineering, Software, Artificial Intelligence (AI), Generative AI, InsurTech, Productivity Tools"
Space and Time,Newport Beach,California,Series A,"Aug 27, 2024",,Active,www.spaceandtime.io,"Web3-native data warehouse. Built from the ground up as a multichain data platform for dapps and developers in Gaming/DeFi, or any project needing next-gen analytics. We deliver fully decentralized yet enterprise-scale SQL + APIs to join on-chain and off-chain data in a single query",11-50,info@spaceandtime.io,Craig Holiday,"Software, Analytics, Internet, Web3"
Conntour,Miami,Florida,Seed,"Mar 12, 2025",,Active,www.conntour.com/,"Conntour enables organizations to query thousands of security cameras using natural language.

Users can search past footage (“Find a man with tattoos on his left arm”), configure real-time alerts (“Notify me if someone climbs over the wall”), and extract data (“How many pickup trucks entered yesterday?”).

Unlike traditional video analytics limited to pre-defined parameters (like a weapon, bag, or license plate), Conntour supports unlimited, highly specific scenarios described in plain language. This enables a single human to monitor thousands of cameras.

Conntour is backed by top-tier investors including General Catalyst and Y Combinator, selected for the first-ever Palantir fellowship, and advised by Bob Flores, former CTO at the CIA.",11-50,contact@conntour.com,Matan Goldner,"Hardware, Information Technology, Other, Artificial Intelligence (AI), B2B, Computer Vision, Government, Law Enforcement"
RevaTerra,Atlanta,Georgia,Seed,"Mar 25, 2026",,Active,www.revaterra.co,"RevaTerra is an energy company that develops bioenergy solutions using artificial intelligence to transform biomass waste into renewable fuels that can integrate with existing power systems. It operates an AI-driven chemistry platform that optimizes biomass feedstocks such as forestry and agricultural residues into high-energy, carbon-neutral fuels designed to replace portions of traditional coal in industrial applications. The company’s work combines data science, engineering, and bioenergy research to create tailored fuel formulations and scalable production methods that support reliable energy output and reduced carbon emissions.

RevaTerra’s platform focuses on adaptive performance and regional feedstock variability to meet energy demands without major infrastructure changes. Its offerings target energy producers, industrial customers, and partners looking to leverage cleaner energy alternatives and enhance supply chain sustainability. The company engages with collaborators across energy, forestry, and research sectors to advance practical bioenergy deployment and expand renewable fuel applications.",1-10,info@revaterra.co,Joseph Napier,"Energy, Natural Resources, Science and Engineering, AgTech, Artificial Intelligence (AI), Biofuel, Biomass Energy, Forestry"
Kinetic,New York,New York,Series A,"Dec 2, 2025",$1B to $10B,Active,www.kineticcomp.com,"Stay ahead of workplace risks with workers' comp insurance and smart safety solutions built for industries like parcel delivery, manufacturing, and transportation.

With Kinetic, policyholders and self-insured businesses actively predict, prevent, and manage injuries—reducing workplace injuries by up to 60%. Protect your employees and your business.",51-100,info@kineticcomp.com,Aditya Bansal,"Software, Analytics, Information Technology, Insurance, InsurTech"
RightRev,Santa Clara,California,Series A,"May 5, 2025",$10M to $50M,Active,rightrev.com,"RightRev develops an automated revenue recognition solution that allows businesses to seamlessly quote and sell while streamlining revenue recognition to ensure compliance with the most recent accounting requirements. RightRev integrates with sales and revenue accounting processes, providing a single platform for sales operations and revenue reporting across all products and services, including subscriptions, one-time sales, services, training, promotions, and more. RightRev augments Salesforce with Automated Revenue Recognition to manage complex revenue accounting under ASC 606 and IFRS 15.",51-100,info@rightrev.com,Jagan Reddy,"Finance, Information Technology, Software"
EarnIn,Palo Alto,California,Series C,"Sep 10, 2025",$50M to $100M,Active,www.earnin.com,"EarnIn provides a mobile application offering earned wage access and financial wellness tools. It enables eligible users to transfer a portion of their earned income, typically up to $150 per day or $750 per pay period, into a linked bank account, without mandatory fees, credit checks, or interest; optional tips are accepted instead. The platform also includes features like real-time earnings access through Live Pay, direct-deposit accelerations up to two days early, Balance Shield for overdraft protection, credit score monitoring, and a savings tool called Tip Yourself. The application integrates directly with users’ bank accounts and employment verification, and operates independently of employer payroll systems by design.",251-500,support@earnin.com,Ram Palaniappan,"Mobile, Payments, Software, Employee Benefits, Financial Services, FinTech, Mobile Payments"
Raspberry AI,New York,New York,Series A,"Jan 13, 2025",$1M to $10M,Active,www.raspberry.ai,Raspberry AI offers software that utilizes generative AI to enhance fashion design and merchandising processes. The platform helps fashion brands quickly understand consumer demand and create appealing designs.,1-10,,Cheryl Liu,"Design, Science and Engineering, Software, Artificial Intelligence (AI), Fashion, Product Design"
Protege,New City,New York,Series A,"Jan 7, 2026",,Active,www.withprotege.ai,"Protege is a company that provides a data layer for AI training. The company enables the ethical sourcing of hard-to-find, multimodal, and real-world AI training data. Protege also helps data holders monetize underutilized data assets.",1-10,contact@withprotege.ai,,"Software, Analytics, Artificial Intelligence (AI), Data Management"
KeyCare,Chicago,Illinois,Series A,"Mar 3, 2026",$1M to $10M,Active,www.keycare.org,KeyCare is a virtual care platform powered by Epic that was created to assist forward-thinking health systems in increasing patient access and quality by enhancing the alternatives available for virtual care.,1-10,,Lyle Berkowitz,"Health Care, Hospital"
Orchid Security,New Castle,Delaware,Seed,"Oct 28, 2025",$1M to $10M,Active,www.orchid.security/,"Orchid's Identity-first Security Orchestration platform continuously discovers self-hosted and SaaS applications, analyzing their authentication and authorization flows to identify exposure and facilitate remediation.  In doing so, Orchid acts as an Identity Control Plane, providing security, compliance and IAM teams with continuous visibility into, and ultimately control over, identity functionality across all applications.  This control plane automates the traditionally manual operations of IAM, accelerating application onboarding by 90%, reducing professional services spend by 75% and increasing identity security by 83% without extensive effort or recoding.",51-100,,Ido Kelson,"Cyber Security, Identity Management, SaaS"
Mirai,Hermosa Beach,California,Seed,"Feb 19, 2026",,Active,trymirai.com/,"On-device SDK (developer suite) for running highly optimized inference, fine-tuning, and operating LLMs and other deep learning models on the device. We aim to make it easy for developers to choose and route the query to the right model and deploy it to the device in a couple of clicks.

Mirai is addressing a significant gap in on-device AI inference and training. Current cloud-based models face high latency, privacy concerns, and reliance on constant connectivity. Developers also struggle with high costs for personalization (e.g., $100M per year for 1M MAU) which is the most crucial pain point now and a core of our GTM. 

There’s no existing developer-friendly solution for on-device mobile AI, fine-tuning, and management. Our vision involves expanding from a robust SDK to include a developer console for model management, benchmarks, and fine-tuning.",1-10,contact@getmirai.co,Alexey Moiseenkov,"Hardware, Information Technology, Mobile, Artificial Intelligence (AI), Machine Learning, Mobile Devices, Software"
Prefix Maintenance,New York,New York,Seed,"Apr 9, 2026",$1M to $10M,Active,www.useprefix.com/,"Prefix Maintenance offers repair and maintenance software for restaurants. The company's R&M software with AI-powered tools automates routine tasks, sends intelligent reminders, and streamlines data entry to eliminate busy work for the team.",11-50,,Jared Schwartzentruber,"Hardware, Information Technology, Science and Engineering, Artificial Intelligence (AI), Data Center Automation, Restaurants, Software"
Vinci,Palo Alto,California,Series A,"Dec 2, 2025",,Active,www.getvinci.ai/,"Vinci utilizes generative artificial intelligence to create hardware design. Its services cover the design, development, and deployment of software. It facilitates users to process and encode three-dimensional geometry with the necessary level of resolution for design and manufacturing.",11-50,support@vinci4d.ai,Hardik Kabaria,"Information Technology, Science and Engineering, Software, Artificial Intelligence (AI), Hardware"
Closinglock,Austin,Texas,Series B,"Jan 30, 2025",$1M to $10M,Active,www.closinglock.com,"Closinglock is a secure platform built for title professionals to protect real estate closings. We keep money, documents, and communication flowing safely—protecting against fraud and errors so funds stay secure and closings stay on track. With Closinglock, settlement companies can exchange wire instructions, receive earnest money and cash-to-close payments, validate payoff accounts, verify identities, share documents and collect eSignatures.",101-250,support@closinglock.com,Abigail White,"Privacy and Security, Real Estate, Software, FinTech, Fraud Detection, Information Technology, PropTech"
AeroVect,San Francisco,California,Series A,"Sep 19, 2024",$1M to $10M,Active,aerovect.com/,"AeroVect develops autonomous systems for airport ground support equipment. The company provides the AeroVect Driver, a platform that enables tractors and other vehicles used in cargo and baggage handling to operate without a human driver. Its technology integrates lidar, radar, cameras, and positioning systems to interpret airport markings and navigate active airfields. AeroVect designs its systems to manage complex conditions, including aircraft crossings and variable weather. The company also builds datasets from airports worldwide to train its models for diverse environments. Operations combine hardware, software, and safety measures that allow deployment in live airport logistics.",51-100,info@aerovect.com,Eugenio Donati,"Manufacturing, Science and Engineering, Software, Aerospace, Air Transportation, Artificial Intelligence (AI), Autonomous Vehicles, Logistics"
Numeric,San Francisco,California,Series B,"Nov 19, 2025",$10M to $50M,Active,www.numeric.io,"Numeric is an AI-native accounting automation platform designed to streamline and accelerate the month-end close process. It centralizes transaction data from ERPs, bank feeds, CSVs, and more, enabling real-time visibility into financial operations. Numeric automates account reconciliations, journal entries, and flux variance explanations by leveraging machine learning and AI. It provides a task-management workflow to manage close items, while its Analytics Suite supports detailed variance reporting, anomaly detection, and management reporting. The platform also supports cash management through automated matching of bank transactions to ledger entries. Numeric’s system aims to reduce manual accounting work, improve control, and surface meaningful financial insights.",51-100,parker@numeric.io,Andrew Bihl,"Professional Services, Science and Engineering, Software, Accounting, Analytics, Artificial Intelligence (AI), FinTech"
Zalos,San Francisco,California,Seed,"Mar 24, 2026",,Active,www.zalos.ai,"Zalos provides artificial intelligence software that automates finance operations through computer-based agents that execute tasks within existing enterprise systems. The company develops AI agents that log into accounting platforms, enterprise resource planning systems, and external portals to perform workflows such as invoice processing, reconciliations, payroll operations, and form handling without requiring system replacements. Its platform is designed to replicate human interactions with software interfaces, enabling automation across fragmented systems, including those with login barriers, multi-factor authentication, and legacy environments. These agents can extract data from documents, input information across systems, and trigger downstream processes, allowing finance teams to streamline repetitive and manual tasks.",1-10,info@zalos.io,Hung Hoang,"Other, Payments, Professional Services, Accounting, Artificial Intelligence (AI), Enterprise, Finance"
OpenHands,Boston,Massachusetts,Series A,"Nov 18, 2025",,Active,www.openhands.dev,OpenHands operates as an open source agent for developers.,1-10,contact@openhands.dev,Bobby Brennan,"Software, Artificial Intelligence (AI)"
Whirl AI,South San Francisco,Pennsylvania,Seed,"Mar 31, 2026",,Active,whirlai.com,"Whirl AI develops an AI-driven platform for enterprise IT teams to understand, enhance, and transform complex business systems. The platform maintains context about applications, configurations, and integrations through secure, read-only connectors. AI agents assist with research, impact analysis, requirements, user stories, design, coding, and testing across the software development lifecycle. Whirl AI focuses on helping CIOs and IT organizations modernize core processes while maintaining control, auditability, and security. The company works with enterprises operating complex environments and cloud applications.",11-50,hello@whirlai.com,,"Internet Services, Privacy and Security, Science and Engineering, Artificial Intelligence (AI), Business Process Automation (BPA), Cloud Computing, Data Integration, Enterprise Software"
Amplitude Vascular Systems,Boston,Massachusetts,Series B,"Jan 28, 2025",$10M to $50M,Active,www.avspulse.com,"Amplitude Vascular Systems is a medical device company focused on safely and effectively treating severely calcified arterial disease.

It was founded in 2020 and is based in Ann Arbor, Michigan.",1-10,,Robert Chisena,"Health Care, Medical, Medical Device"
Graphite,New York,New York,Series B,"Mar 18, 2025",$1M to $10M,Active,graphite.dev,"Graphite is an open-source CLI and a code review dashboard built for engineers to write and review smaller pull requests, also unblocked, ship faster, create, approve, and ship small, incremental changes. CLI makes creating and submitting stacked changes easy, intuitive commands, first-class support for stacks, git under the hood, API, server, and front-end, security, security program overview, data protection policy, encryption policy, secure software development policy, system audit policy, business continuity & disaster recovery policy, vulnerability & patch management policy.",11-50,support@graphite.dev,Greg Foster,"Privacy and Security, Science and Engineering, Software, Artificial Intelligence (AI), Developer Tools, Internet, Security, Shipping"
Spacelift,Redwood City,California,Series C,"Jul 10, 2025",$1M to $10M,Active,spacelift.io,"Spacelift is an infrastructure orchestration platform that manages provisioning, configuration, and governance workflows across tools like Terraform, Ansible, OpenTofu, Kubernetes, Pulumi, and CloudFormation. It integrates with version control systems to enable collaborative, GitOps-style workflows with features such as policy‑as‑code, drift detection, and scheduled automation. Platform teams use it to empower developers with self‑service infrastructure templates, lifecycle hooks, stack dependencies, and multi‑stack workflows, while maintaining access control through spaces and approval policies. The platform supports both public and private execution environments and offers a GraphQL API, webhooks, SSO integrations, and a self‑hosted option for compliance needs. Pricing includes a free tier and additional plans that scale with team size, worker types, and governance requirements.",101-250,contact@spacelift.io,Marcin Wyszynski,"Cloud Data Services, Information Technology, SaaS, Software"
Avisi Technologies,Redwood City,California,Series A,"Feb 25, 2026",$1M to $10M,Active,www.avisitech.com,"Avisi Technologies develops ophthalmic medical devices using nanotechnology to address vision loss associated with glaucoma and related eye conditions. The company designs implantable solutions such as VisiPlate, an aqueous shunt that regulates intraocular fluid through microchannel structures to help manage eye pressure. Its work combines materials science and ophthalmology to create minimally invasive devices intended for long-term function within the eye.",1-10,info@avisitech.com,Adarsh Battu,"Health Care, Medical Device, Nanotechnology"
XFX,Saugerties,New York,Series A,"Mar 26, 2026",,Active,www.xfx.io/,"XFX makes global money movement fast, transparent, and capital-efficient across fiat and stablecoin rails.",11-50,,,"Payments, Software, Non-Fungible Token (NFT), Transaction Processing, Web3"
Raven.io,Palo Alto,California,Seed,"Mar 18, 2026",$1M to $10M,Active,www.raven.io,"Raven.io provides a runtime application protection platform that secures cloud‑native software by monitoring code execution behavior and preventing exploits as they occur. Its technology operates inside applications to detect abnormal execution patterns and block malicious code before it runs, addressing traditional security gaps that reactive tools often miss. The platform includes features for runtime vulnerability prioritization, runtime patching that doesn’t require source code changes, and anomaly detection and response to surface and respond to threats in real time. Raven.io’s solution supports a range of programming languages and cloud deployments, allowing security and engineering teams to apply security controls across containers, Kubernetes environments, and compute instances. The company’s tooling also provides forensic data on suspicious activity, helping users understand the context of attempted attacks and make informed decisions about remediation. Raven.io integrates with existing development and operations workflows to extend application protection throughout the software lifecycle. Its approach centers on continuous observation of library behavior and execution flow rather than relying on signature‑based or external perimeter defenses. Raven.io’s platform is designed for environments where visibility into runtime behavior and real‑time threat mitigation are essential for securing applications against evolving exploit techniques.",11-50,,Guy Franco,"Cyber Security, Information Technology, Security, Software"
GeoWealth,Chicago,Illinois,Series C,"Mar 19, 2026",$1M to $10M,Active,www.geowealth.com,GeoWealth is a turnkey asset management platform designed to support registered investment advisors. It provides customizable technology and comprehensive investment strategies to enhance operational efficiency. The platform aims to empower advisors by addressing their unique needs throughout the wealth management lifecycle.,101-250,connect@geowealth.com,Michael O'Shaughnessy,"Asset Management, Financial Services, FinTech, Marketplace, Wealth Management"
Regard,Los Angeles,California,Series B,"Jun 11, 2024",$1M to $10M,Active,withregard.com,Regard provides an intelligent platform that ensures diagnoses and reduces coding queries and medicine. Their AI-backed system recommends diagnoses and eliminates administrative support for patient care. They also support stakeholders across the health system.,51-100,hello@withregard.com,Eli Joseph,"Science and Engineering, Software, Artificial Intelligence (AI), Electronic Health Record (EHR), Generative AI, Health Care, Machine Learning"
NuCicer,Davis,California,Series A,"Jul 30, 2025",$1M to $10M,Active,nucicer.com,"NuCicer is unlocking chickpea’s full potential - transitioning it from “interesting ingredient” to “staple superfood” by launching new varieties with ground-breaking agronomic and quality traits that deliver better nutrition, improved flavor, and more economical ingredients. NuCicer’s technology combines the world's most diverse chickpea breeding library and their proprietary breeding innovation platform, built on deep roots in plant genetics and machine learning, to create value across the agri-food system.",11-50,hello@nucicer.com,Brendan Riley,"Health Care, Science and Engineering, Bioinformatics, Biotechnology, Food and Beverage, Food Processing, Genetics"
Bretton AI,San Francisco,California,Series B,"Feb 10, 2026",$1M to $10M,Active,www.greenlite.ai,"Bretton AI provides an AI solution for managing financial crime activities. Trusted by regulated banks and international financial entities, Bretton AI's agents handle essential processes across KYC, AML, sanctions, and continuous monitoring. With its unique Trust Infrastructure, Bretton AI enables financial organizations to implement AI that adheres to the highest levels of precision, transparency, and regulatory compliance.",11-50,,Alex Jin,"Information Technology, Other, Science and Engineering, Analytics, Artificial Intelligence (AI), Financial Services, FinTech, Information Services"
Model ML,New York,New York,Series A,"Nov 24, 2025",,Active,www.modelml.com,"Model ML offers an AI-native workspace tailored for financial institutions such as investment banks, private equity firms, and consultancies. The company provides purpose-built AI agents that analyse structured and unstructured finance data, including emails, filings, CRM records, and third-party datasets, to automate research, reporting, and document generation. Its “AI Modules” feature enables users to design autonomous workflows that run continuously, generating deliverables like pitch decks or earnings summaries with embedded institutional formatting. The platform operates securely and supports single-tenant deployment in a client’s cloud environment to preserve data privacy and compliance.",51-100,info@modelml.com,Arnie Englander,"Other, Science and Engineering, Software, Artificial Intelligence (AI), B2B, Financial Services, FinTech, Machine Learning"
Juvena Therapeutics,Redwood City,California,Series B,"Jan 12, 2026",$1M to $10M,Active,www.juvenatherapeutics.com,"Juvena Therapeutics develops biologic drug candidates by identifying and engineering human stem cell-secreted proteins into therapies that aim to restore tissue homeostasis and improve muscle and metabolic function. It uses a proprietary, AI-enabled discovery platform that maps the therapeutic potential of the secretome to disease phenotypes and advances selected proteins into engineered biologic medicines. The company’s pipeline includes engineered proteins for muscle regeneration and metabolic indications, with its lead candidate being evaluated in clinical studies for muscle-related disease. Juvena collaborates with partners to expand discovery efforts and explore new therapeutic targets using its computational and biological capabilities.",11-50,,Hanadie Yousef,"Biopharma, Biotechnology, Health Care, Life Science"
Guardz,Miami,Florida,Series B,"Jun 9, 2025",$1M to $10M,Active,guardz.com,"Guardz is a cybersecurity company that develops an AI-native unified detection and response platform to protect small and medium-sized businesses. The platform automatically discovers and monitors user digital footprints and business-critical applications to continuously analyze cybersecurity posture in order to identify and prevent cyber issues such as online fraud, phishing, malware, ransomware, and data breaches, allowing businesses to protect business data and information from third-party attacks and cyber risks.",101-250,Info@guardz.com,Alon Lavi,"Other, Privacy and Security, Science and Engineering, Artificial Intelligence (AI), Cyber Security, Information Technology, IT Management, Small and Medium Businesses"
Simbian,Mountain View,California,Seed,"Jan 5, 2026",,Active,simbian.ai,"Simbian develops a security platform that uses autonomous AI agents to support continuous operations in threat detection, response, and governance. The platform includes a SOC agent that triages alerts from sources such as SIEMs and XDRs by applying institutional knowledge and organizational playbooks. A threat hunting agent processes threat intelligence feeds and searches for indicators of compromise across environments. A governance, risk, and compliance agent manages security questionnaires and vendor assessments through a conversational interface to reduce response times. The system integrates with enterprise tools and unstructured data to enable low-supervision security workflows.",11-50,,Alankrit Chona,"Hardware, Information Technology, Privacy and Security, Artificial Intelligence (AI), Computer, Network Security, Security"
Cline,San Francisco,California,Series A,"Jul 31, 2025",,Active,cline.bot,"Cline is a developer of an open‑source AI coding agent that automates software creation tasks within integrated development environments. It supports planning, file editing, terminal operations, and web browsing, all under user supervision. Cline integrates with multiple AI models and uses client-side architecture so code and API usage stay under user control. The product includes Plan Mode and Model Context Protocol (MCP) integration, enabling exploration of codebases, defining project‑specific rules, and accessing external systems. It also offers team features like shared credits, admin controls, usage analytics, and audit logging, built on top of the same transparent, open‑source core.",11-50,Nick@cline.bot,Saoud Rizwan,"Software, Artificial Intelligence (AI), Generative AI, Open Source, Software Engineering"
Eleos Health,Boston,Massachusetts,Series C,"Jan 22, 2025",$10M to $50M,Active,www.eleos.health,Eleos Health provides automated health tech solutions that accelerate clinicians’ decision-making via an AI-powered Speech-to-Insights system to ensure the provision of personalized and time and cost-effective care.,101-250,info@eleos.health,Alon Joffe,"Information Technology, Science and Engineering, Software, Artificial Intelligence (AI), Health Care, Mental Health"
Ultralight,San Francisco,California,Seed,"Apr 13, 2026",,Active,www.ultralighthealth.com/,The aim of Ultralight is to empower healthcare professionals to take charge of the future and make today's lives more lively.,11-50,hello@ultralight.com,Pedro Tabio,"Health Care, Wellness"
Teal Health,San Francisco,California,Seed,"Jan 16, 2025",$1M to $10M,Active,getteal.com/,"Teal Health is on a mission to empower women when it comes to their health – starting with at-home cervical cancer screenings. 

We believe that it’s time for women’s health to be designed for women, their preferences, and their experiences.  With this in mind, Teal Health is creating the first FDA-approved at-home cervical cancer screening making it simple for a woman to stay current on this life-saving screening from the comfort, convenience, and privacy of her home. Through timely screenings, Teal health plans to eradicate cervical cancer in the US.

Teal is backed by passionate and committed investors who share this important vision, including Felicis Ventures, Emerson Collective, Metrodora, and Serena Ventures.",11-50,hello@tealhealth.co,Ave Thakor,"Health Care, Health Diagnostics, Medical"
HappyRobot,San Francisco,California,Series B,"Sep 3, 2025",$1M to $10M,Active,happyrobot.ai,HappyRobot provides a system that creates and manages a workforce of AI workers. The platform builds fully custom workflows and integrates with a variety of systems. The service helps businesses remove data silos and automate tasks in real time.,51-100,info@happyrobot.ai,Javier Palafox,"Software, Analytics, Artificial Intelligence (AI), Enterprise Software, Machine Learning, Natural Language Processing"
Scowtt,Kirkland,Washington,Series A,"Dec 8, 2025",,Active,www.scowtt.com,"Scowtt provides an AI-driven platform that helps businesses convert leads into customers by turning underused CRM and web data into actionable insights. It offers three main services: predictive modeling that scores leads by their likelihood to convert, automated AI marketing that pushes those predictive signals into ad platforms, and an AI-powered sales agent that interacts with high-value leads to schedule calls or appointments. Scowtt integrates with popular CRM and marketing tools to ensure data flows smoothly and campaigns are optimized. The company focuses on helping sales teams and marketing teams operate more efficiently by filtering out invalid leads and surfacing the ones with the highest potential.",11-50,contact@scowtt.com,Eduardo Indacochea,"Information Technology, Sales and Marketing, Science and Engineering, Advertising, Artificial Intelligence (AI), CRM, Lead Generation, Machine Learning"
AiSDR,San Francisco,California,Seed,"Apr 22, 2026",,Active,aisdr.com,"AiSDR is a comprehensive AI-powered sales development platform that develops artificial intelligence software that automates sales development processes, including prospecting, outreach, and meeting scheduling for business-to-business teams. The platform identifies potential customers using real-time intent signals from sources such as web activity, social engagement, and company data, then builds targeted lead lists based on relevance and timing. It conducts automated research on each prospect and generates personalized outreach messages across channels such as email, LinkedIn, and phone interactions. The system manages multi-step outreach sequences, responds to inbound and outbound interactions, and qualifies leads before scheduling meetings with sales teams. It integrates with customer relationship management systems to synchronize contact data, track engagement, and maintain updated records of outreach activity.

AiSDR also includes campaign planning capabilities that generate go-to-market strategies, messaging approaches, and audience segmentation based on input parameters. The platform continuously monitors performance metrics such as response rates and engagement signals to refine targeting and messaging over time.",11-50,team@aisdr.com,Oleg Zaremba,"Sales and Marketing, Science and Engineering, Software, Artificial Intelligence (AI), Marketing, SaaS, Sales, Scheduling"
Dify.AI,Sunnyvale,California,Seed,"Mar 9, 2026",,Active,dify.ai,"Dify provides a platform for building and operating applications powered by large language models. The platform includes tools for creating AI workflows, designing prompts, and managing datasets used in language model interactions. It supports the development of applications such as chatbots, agents, and automated workflows through a visual interface that connects prompts, models, and external services. Dify allows users to integrate different language models, connect external data sources, and incorporate retrieval-augmented generation pipelines to supply context from documents or databases. The platform also provides functions for monitoring application behavior, testing prompts, and managing application logic during deployment and operation. Dify includes backend services and APIs that enable integration of AI capabilities into other software products. The system supports plugins and external tools, allowing applications to access APIs, datasets, and other services while coordinating tasks across multiple AI components within structured workflows.",101-250,hello@dify.ai,Luyu Zhang,"Agentic AI, Developer Tools, Generative AI, SaaS"
ElectronX,Chicago,Illinois,Series A,"Nov 14, 2025",,Active,electronx.com,"ElectronX develops a financial exchange platform focused on intraday energy markets. The company provides derivatives products that track price fluctuations in the electrical grid, enabling precision risk management and volatility hedging for energy market participants. Its services cater to energy producers, high-volume consumers, storage operators, and traders, supporting activities such as monetizing power assets and smoothing financial exposure in dynamic energy environments. ElectronX’s platform integrates with renewable energy sources, battery storage, and distributed energy resources to facilitate efficient trading and market participation. It offers tools that allow participants to respond to grid changes and optimize energy asset utilization.",11-50,info@electronx.com,Evan Caron,"Energy, Financial Services, FinTech"
Defense Unicorns,Colorado Springs,Colorado,Series B,"Jan 13, 2026",$10M to $50M,Active,www.defenseunicorns.com,"Defense Unicorns is a software development company that creates national security capabilities using open-source continuous delivery solutions. The company’s technology enables deployments in air-gapped environment settings that are typically disconnected from the internet. Their secure software and AI solutions can be deployed across cloud, on-premises, and tactical edge environments.",101-250,hello@defenseunicorns.com,Andrew Greene,"Government and Military, Science and Engineering, Software, Apps, Artificial Intelligence (AI), National Security, Software Engineering"
DualEntry,New York,New York,Series A,"Oct 2, 2025",,Active,www.dualentry.com,"DualEntry develops AI-based accounting software for handling transactions for mid-market enterprises. The product includes a unified general ledger, automation of repetitive workflows, multi-entity and multi-currency support, and integrations with many existing financial and operations-adjacent tools. DualEntry also offers what it calls “NextDay Migration,” which enables moving historical financial data from legacy accounting or ERP systems into its platform within ~24 hours, reducing implementation friction.",11-50,support@dualentry.com,Benedict Dohmen,"Professional Services, Science and Engineering, Software, Accounting, Artificial Intelligence (AI), Enterprise Resource Planning (ERP)"
Vercept,Seattle,Washington,Seed,"Jun 4, 2025",,Active,vercept.com,"Humanloop develops an AI platform designed to support enterprises in building and maintaining applications powered by large language models. The platform provides tools for prompt management, evaluation, and observability, enabling teams to test, monitor, and improve AI system performance. Humanloop supports collaboration between engineers, product teams, and domain experts to refine AI outputs and ensure reliability. Its tools are used to manage workflows around AI development, helping organizations deploy and optimize AI features with structured evaluation processes.",1-10,hello@vercept.com,,"Hardware, Science and Engineering, Software, Artificial Intelligence (AI), Computer"
Soley Therapeutics,San Francisco,California,Series C,"Jan 7, 2026",,Active,soleytherapeutics.com,"Soley Therapeutics combines AI with molecular and cellular response detection for developing new efficacious drugs, using image acquisition-based approaches.

Soley Therapeutics has taken an orthogonal approach to discover new drugs by developing a technology platform to measure how cells respond multi-dimensionally in response to drugs. We have developed a novel platform for high-content phenotypic drug screening, where the drug effect on a cell can be visualized via molecular-microscopic images and analyzed by using sophisticated AI tools.",11-50,contact@soley.ai,Kurosh Ameri,"Biotechnology, Health Care, Therapeutics"
Donut,New York,New York,Seed,"Nov 3, 2025",$1M to $10M,Active,donutbrowser.ai/,Donut is the first crypto agentic browser that uses the finest crypto in-domain model and a swarm of browsing agents.,11-50,,,"Payments, Software, Blockchain, Cryptocurrency, Financial Services"
Sanity,San Francisco,California,Series C,"May 2, 2025",$10M to $50M,Active,sanity.io,"Power all your content operations from a single platform. A fully customizable all-code backend for AI, automations, and applications to author and render content.",251-500,hello@sanity.io,Even Westvang,"CMS, Developer Platform, PaaS, SaaS"
Tabs,New York,New York,Series B,"Sep 16, 2025",,Active,www.tabs.com/,"Tabs is the first AI Driven Revenue Automation Platform that automates the process of administering customer contracts, billing, revenue recognition, renewals and audit. CFOs consider it to be the Rippling or Ramp equivalent, but for Revenue Automation. Our ""commercial graph"" ingests 1) any customer documents (e.g. MSAs, order forms, amendments, emails, CRM data) and 2) any usage sources (e.g. BI tools, first party CSV uploads) to automatically surface key terms, create billing schedules and tabulate invoices, supporting any pricing model without any structured data mapping or implementation. Our automated workflows enable seamless invoice delivery (via email or directly into AP portals); modern dunning; and cash application all within the same piece of software, while integrating with tax providers, major payment rails and general ledgers/ERPs (e.g. Quickbooks & Netsuite). All of this comes with advanced analytics, reporting and revenue recognition. On average we save hundreds of human hours a year while bringing down the average time to collect by ~20 days.",51-100,support@tabs.inc,Ali Hussain,"Professional Services, Science and Engineering, Software, Accounting, Artificial Intelligence (AI), Enterprise Software, FinTech, SaaS"
LittleBird,San Francisco,California,Seed,"Mar 23, 2026",,Active,littlebird.ai/,,11-50,,,"Software, Artificial Intelligence (AI), Machine Learning, Productivity Tools"
Reducto,San Francisco,California,Series B,"Oct 14, 2025",,Active,reducto.ai,"Reducto is a company that specializes in converting complex documents into AI-ready inputs, leveraging state-of-the-art vision models developed by a team from MIT. The technology enables AI teams to process unstructured data, such as medical records and financial statements, with high accuracy and reliability. These models read documents in a way that mimics human understanding, addressing a critical bottleneck in AI workflows. Reducto’s solutions are designed to support the processing of sensitive documents, ensuring that AI systems can handle such data in production environments with precision. The company focuses on making it easier for organizations to work with unstructured data, improving the efficiency and effectiveness of their AI systems.",11-50,founders@reducto.ai.,Adit Abraham,"Science and Engineering, Software, Artificial Intelligence (AI), Developer APIs, Document Management, Generative AI"
Inferact,San Francisco,California,Seed,"Jan 22, 2026",,Active,inferact.ai/,The aim of Inferact is to make vLLM the leading AI inference engine in the world and advance AI by lowering the cost and speed of inference.,11-50,,Kaichao You,"Science and Engineering, Software, Artificial Intelligence (AI), Information Technology"
Karius,Redwood City,California,Series C,"May 2, 2024",,Active,kariusdx.com,"Karius is a life sciences company focused on generating genomic insights for infectious diseases with a liquid biopsy for infectious diseases. The Karius Test that helps clinicians make rapid, treatment decisions.  By mapping each patient’s microbial landscape from a single blood draw, Karius moves closer to a vision of a world where infectious disease is no longer  a major threat to human health. The Karius laboratory is CLIA-certified and CAP-accredited to perform high-complexity clinical laboratory testing.",101-250,media@kariusdx.com,Mickey Kertesz,"Health Care, Science and Engineering, Software, Artificial Intelligence (AI), Biotechnology"
Bonsai Robotics,San Jose,California,Series A,"Jan 28, 2025",$10M to $50M,Active,www.bonsairobotics.ai,"Bonsai Robotics provides vision-based automation solutions for off-road vehicles, such as agricultural machines. The company also offers analytics and telematics to help growers improve their performance, efficiency, and safety. The company is based in San Jose, California.",11-50,,Tyler Niday,"Science and Engineering, Software, Agriculture, AgTech, Industrial Automation, Machinery Manufacturing, Robotics"
Bonsai Health,Santa Monica,California,Seed,"Sep 25, 2025",,Active,www.bonsaihealth.com/,,11-50,sales@bonsaihealth.com,,"Health Care, Science and Engineering, Software, Artificial Intelligence (AI), Biotechnology"
AKASA,San Francisco,California,Series C,"Jun 18, 2024",$10M to $50M,Active,akasa.com/,"AKASA is the leading developer of AI-powered automation for the revenue cycle. 

We deliver comprehensive automation for complex workflows. This helps healthcare providers improve revenue outcomes, achieve greater efficiency, elevate their teams, and allocate resources where they matter most. From prior authorization to claims processing, we provide innovative and reliable revenue cycle solutions that give providers peace of mind.

AKASA applies advanced technology (such as AI and LLMs) to automate revenue cycle tasks that are complex and time-consuming, and were previously un-solvable at scale. Our solutions are built on deep revenue cycle expertise, grounded in the highest standards for data security, and provide measurable results with accuracy, speed, and completeness.

We’ve helped healthcare providers decrease A/R days by 13%, increase efficiency by 86%, save 300+ hours of staff time per month, and increase gross yield by $30M. 

With investors that include Andreessen Horowitz, BOND, Costanoa Ventures, and more, we’ve raised more than $200M to help eliminate the financial complexity of healthcare. We’re rebuilding the healthcare revenue cycle with AI.",101-250,info@akasa.com,Andy Atwal,"Science and Engineering, Software, Artificial Intelligence (AI), Health Care, Machine Learning"
Conduit Health,New York,New York,Series A,"Mar 17, 2026",$1M to $10M,Active,www.conduithealth.com,,11-50,hello@conduithealth.com,Rocky Seftel,Health Care
Chowbus,Chicago,Illinois,Series B,"Feb 11, 2026",,Active,www.chowbus.com,"Chowbus, a leading restaurant technology company based in the U.S, offers an innovative all-in-one cloud-based restaurant point of sale system designed to streamline operations and boost revenue for restaurants. Operating on a user-friendly SaaS model, we ensure continuous software upgrades and the inclusion of the latest features at a reasonable subscription fee. Our commitment is to support restaurants that are eager to leverage cutting-edge technology to enhance their performance and increase profits. Choose Chowbus for a reliable, advanced restaurant POS system that evolves with your business needs",251-500,hello@chowbus.com,Linxin Wen,"Point of Sale, SaaS, Software"
Inner AI,Santa Monica,California,Seed,"Apr 7, 2026",$1M to $10M,Active,www.innerai.com,,11-50,hello@innerai.com,Eduardo Mitelman,"Software, Artificial Intelligence (AI)"
Found,San Francisco,California,Series C,"Jun 11, 2024",,Active,found.com,"Found provides business banking services for self-employed people that makes self-employed taxes easy. With built-in expense tracking and a tax savings account, we’re on a mission to help millions of self-employed people make their business dreams a reality.",101-250,help@found.com,Connor Dunn,"Banking, Financial Services, FinTech"
StrongDM,Burlingame,California,Series C,"May 2, 2024",$1M to $10M,Active,www.strongdm.com,"StrongDM helps organizations manage and secure access to critical infrastructure by using a zero-trust approach. The platform provides users with controlled access to databases, servers, and applications, while also giving administrators clear visibility and audit trails.",101-250,info@strongdm.com,Elizabeth Zalman,"Infrastructure, Security, Software"
Personal AI,San Francisco,California,Series A,"Dec 18, 2025",Less than $1M,Active,personal.ai,"Personal AI builds memory infrastructure for AI systems. The company's identity-based memory architecture powers specialized Small Language Models (SLMs) that deliver superior precision, latency, and cost efficiency compared to centralized cloud LLMs. By replacing context-window-based personalization with persistent, multi-layered memory, Personal AI enables real-time, personalized AI experiences at scale. The platform is purpose-built for distributed deployment on telecommunications infrastructure, supporting privacy-first, on-network AI integrated with voice, text, and data services.",11-50,team@personal.ai,David Magerman,"Science and Engineering, Software, Artificial Intelligence (AI), Telecommunications"
BILT,Grapevine,Texas,Series B,"Dec 16, 2024",$1M to $10M,Active,biltapp.com,"BILT is a mobile application that offers 3D interactive instructions for assembly and installation. It provides an overview of the product, lists the required tools and included parts, and guides users through each step of the process. Users can review the product and assign a Net Promoter Score corresponding to a star rating. The app generates analytics for brands and supports manufacturers in reducing paper usage. BILT serves industries such as consumer electronics, furniture, and appliances.",51-100,investors@biltcorp.com,Ahmed Qureshi,"Software, 3D Technology, Apps, Guides"
Ash,New York,New York,Series A,"Oct 16, 2024",$1M to $10M,Active,www.poweredbyash.com,"Ash is a leading at-home health testing platform expanding care to reach those most in need. Working closely with our partners, we tailor end-to-end testing solutions that meet the unique needs of any health organization’s population.

Our strength comes from our unmatched understanding of people—whether that means learning the best ways to reach them or innovating a new way to keep them connected and cared for. We use our deep knowledge to develop field-tested best practices that engage hard-to-reach patients and members where they are. Because when people come first, better health outcomes are possible for all.",11-50,hello@poweredbyash.com,David Stein,"Health Care, Health Diagnostics, mHealth, Wellness"
basys.ai,Cambridge,Massachusetts,Seed,"Sep 16, 2024",$1M to $10M,Active,www.basys.ai,"Basys.ai automates the process of prior authorization and utilization management to improve costs and timeliness for health plans/payers using an AI-based platform. The proprietary platform automates the process of encoding/digitizing the payer policies using machine learning, thus reducing the piloting timeline by up to 9 months.",1-10,support@basys.ai,Amber Nigam,"Science and Engineering, Software, Artificial Intelligence (AI), Health Care"
Aurascape,Santa Clara,California,Series A,"Apr 8, 2025",,Active,aurascape.ai/,"Aurascape enables businesses to innovate fearlessly in the age of AI, by transforming how companies safeguard themselves with the world’s most advanced AI security platform. Established by a world-class team with deep expertise in security, AI, and networking, Aurascape clears the way for companies to maximize the potential of AI while minimizing security risk.",51-100,info@aurascape.co,Liang Li,"Internet Services, Privacy and Security, Science and Engineering, Artificial Intelligence (AI), Cyber Security, Information Technology, Internet, Network Security"
ActionAI,New York,New York,Seed,"Apr 14, 2026",,Active,www.actionai.co,"ActionAI provides reliability infrastructure for mission-critical AI applications, focusing on explainable AI, accountability, and automation workflows.",101-250,,,"Science and Engineering, Software, Artificial Intelligence (AI), Information Technology"
Maisa,Dover,Delaware,Seed,"Aug 28, 2025",,Active,maisa.ai,"Maisa is a system that enhances the performance of AI and large language models by making them more transparent, traceable, and programmable. It offers automation through accountable, self-learning AI agents, called digital workers, that users can instruct via natural language, allowing those agents to navigate company knowledge, access tools or APIs, and execute steps with clear, auditable logic. At its core lies the Knowledge Processing Unit (KPU), a reasoning kernel that orchestrates multi-step workflows, handles error recovery, and maintains an evident chain of execution. This architecture delivers automation with clarity and process-level traceability, enabling businesses to deploy AI-driven workflows more efficiently and reliably.",11-50,contact@maisa.ai,David Villalón,"Software, Agentic AI, Artificial Intelligence (AI), Enterprise Software, Generative AI"
Simile,Palo Alto,California,Series A,"Feb 12, 2026",,Active,simile.ai,"Simile is an artificial intelligence company that provides a platform for automating and improving communication and collaboration through AI-driven tools. It offers solutions for creating and managing conversations, generating content, and analyzing interactions to support business workflows. The company integrates AI models to assist teams in drafting messages, responding to queries, and enhancing productivity across digital communication channels. Its platform combines natural language processing, automation, and data analysis to streamline communication tasks and improve organizational efficiency.",1-10,,,"Other, Professional Services, Science and Engineering, Artificial Intelligence (AI), Customer Service, Online Portals"
CourMed,Miami Beach,Florida,Seed,"Jun 26, 2024",$1M to $10M,Active,courmed.com,"""CourMed is a private client health services company providing innovative delivery of healthcare products and services in the comfort of your home, office, condo or on the go! Their unique concierge visits are an important aspect of their mission to provide clients with high-quality health and wellness that is personalized, convenient, and efficient. 

CourMed's exclusive memberships are available through CourMed's corporate partners and provides access to two options: Purple and Platinum. The Purple membership secures concierge visits within 3-5 days, while the Platinum membership secures concierge visits same day/next day. 

Services include in-home visits, patient advocacy, regenerative therapies, DNA-personalized supplements and more.""

More about CourMed:
https://courmed.com/about-us",11-50,admin@courmed.com,"Derrick L. Miles, FACHE","Health Care, Health Diagnostics, Medical, Wellness"
Elevate,Los Angeles,California,Series C,"Jul 25, 2024",$100M to $500M,Active,elevate.law,"Elevate provides software and services at the intersection of business and law, enhancing efficiency and outcomes for legal professionals. The company's legal, business, and technology experts provide practical solutions for global law departments and law firms to enhance efficiency, quality, and business outcomes.",1001-5000,info@elevate.law,John Croft,"Consulting, Legal, Legal Tech, SaaS"
Functionize,San Francisco,California,Series B,"Aug 19, 2025",$10M to $50M,Active,www.functionize.com,"Functionize is a provider of an AI-powered platform for the intelligent creation of software test cases. The company's Enterprise Application Agents (EAI) deliver autonomous, adaptive, and cognitive functionalities that enable businesses to automate entire workflows and complex processes. Functionize delivers an autonomous testing platform that incorporates AI and machine learning technologies to automate the painstaking software testing process. The Functionize cloud-based platform enables enterprise teams to rapidly accelerate software development while eliminating traditional test scripts, test maintenance, and the need for a large QA team.",101-250,info@functionize.com,Ray Grieselhuber,"Software, Artificial Intelligence (AI), Enterprise Software, Machine Learning"
Crux,New York,New York,Series B,"Apr 16, 2025",$1M to $10M,Active,www.cruxclimate.com,"Crux is a fintech company. They provide a capital markets platform for developers, tax credit buyers, and financial institutions to transact and manage transferable tax credits, aiming to make sustainable finance more efficient and interconnected. They help developers and manufacturers raise capital at all stages of project development and operation.",51-100,partnerships@cruxclimate.com,Alfred Johnson,"Sustainability, Clean Energy, Finance, Lending, Manufacturing, Renewable Energy"
Ottonomy,Santa Monica,California,Seed,"Jul 7, 2025",$1M to $10M,Active,www.ottonomy.io/,"Ottonomy IO is a tech startup which builds autonomous robot fleets to make contactless deliveries for safe and enhanced user experience, saving millions of dollars for eCom, Logistics, retail industries to name a few. 
The state of the art mapping and perception elements are unique to navigate in ever changing surroundings for both indoor and outdoor environments integrated with a fleet management and monitoring cloud framework.",11-50,rvijay@ottonomy.io,Ashish Gupta,"Hardware, Science and Engineering, Software, Artificial Intelligence (AI), Autonomous Vehicles, Delivery, Delivery Service, Robotics"
Ketryx,Cambridge,Massachusetts,Series B,"Sep 4, 2025",$1M to $10M,Active,www.ketryx.com,"Ketryx provides an AI-powered compliance platform for regulated product development in the life sciences industry. It automates documentation generation, ensures traceability, and enforces quality management procedures. The platform integrates with tools like Jira and GitHub to generate submission-ready documents directly from active development workflows. Ketryx's AI agents detect compliance gaps, suggest actions, and automate routine processes while retaining human oversight. Ketryx helps teams in regulated industries and use their preferred tools.",51-100,,Erez Kaminski,"Science and Engineering, Software, Artificial Intelligence (AI), Business Process Automation (BPA), Compliance, SaaS"
Sandbar,New York,New York,Series A,"Mar 10, 2026",,Active,sandbar.com/,"Sandbar provides an interface platform that enables users to extend their cognitive and creative workflows by integrating voice, gesture, and haptic interactions. The company develops the core product Stream, which functions as a conversational extension of thought, capturing ideas, organizing notes, and facilitating hands-free music control through gestures. In addition, it offers the Stream Ring, a wearable device that pairs with Stream to enable voice-activated control, capturing and organizing information in real time. The technology bridges the gap between internal thinking and external action, aiming to make idea generation and expression more fluid. Its services include product design, software integration, and support for gesture- and voice-based interfaces tailored to individual workflows.",11-50,,Kirak Hong,"Hardware, Science and Engineering, Software, Artificial Intelligence (AI), Consumer Electronics, Consumer Software"
Era,New York,New York,Seed,"Apr 23, 2026",,Active,era.world,"Era AI, a startup building a software platform for AI‑powered consumer gadgets and peripherals.",,,,"Software, Artificial Intelligence (AI)"
PineTree Therapeutics,Cambridge,Massachusetts,Series B,"Oct 28, 2025",,Active,www.pinetreetx.com/,PineTree Therapeutics engages in the development of disruptive therapies in Oncology and Immuno-oncology.,11-50,,Ho-Juhn Song,"Biotechnology, Medical, Oncology, Therapeutics, Wellness"
Datatruck,Irving,Texas,Series A,"Jan 28, 2026",$1M to $10M,Active,www.datatruck.io/,"Datatruck is AI-Native all in one transportation management system (TMS) for trucking combined financial management and digital worker tools. The platform includes ERP, AI agents and Fintech solution to provide actionable data insights for business owners.",11-50,info@datatruck.io,Aziz Ergashev,"Transportation, Analytics, FinTech, Freight Service, SaaS, Software"
Alta,San Francisco,California,Seed,"Jun 16, 2025",,Active,www.altadaily.com/,Alta builds the next generation of personal shopping and stylin powered by AI.,11-50,legal@altadaily.com,Jenny Wang,"Community and Lifestyle, Data and Analytics, Design, Artificial Intelligence (AI), Fashion, Lifestyle, Shopping"
Pelage Pharmaceuticals,Los Angeles,California,Series B,"Oct 15, 2025",,Active,pelagepharma.com,"Pelage Pharmaceuticals develops regenerative medicine therapies focused on treating hair loss by reactivating dormant hair follicle stem cells. Its lead candidate, PP405, is a topical small molecule designed to modulate metabolic signaling in hair follicles so that inactive stem cells reenter the growth cycle. Pelage positions PP405 as a non-hormonal, non-invasive treatment intended to work across different genders, skin types, and hair types. The company is currently conducting Phase 2a clinical trials in androgenetic alopecia and aims to expand into other hair loss conditions. Its scientific team draws on work in stem cell biology and metabolic regulation and publishes its translational and clinical data in peer-reviewed channels.",1-10,info@pelagepharma.com,Heather Christofk,"Health Care, Medical, Pharmaceutical, Therapeutics, Wellness"
Dark Watch,Palm City,Florida,Seed,"Mar 10, 2026",Less than $1M,Active,darkwatch.io,Dark Watch is an international security firm that specializes in threat intelligence and is committed to identifying and exposing the most dangerous criminal networks on the planet.,11-50,,Noel Thomas,"Information Technology, Internet Services, Payments, Analytics, Artificial Intelligence (AI), Cyber Security, Hospitality"
Edge,New York,New York,Seed,"Sep 19, 2025",,Active,www.try-edge.com/,"'Insurtech', 'Fintech'",1-10,ajinkya@try-edge.com,,"FinTech, Generative AI, Risk Management"
Glīd,Riverside,California,Seed,"Oct 4, 2025",,Active,glidtech.us,"Glīd develops autonomous road-to-rail solutions that streamline logistics by replacing traditional diesel-powered trucks, forklifts, and yard tractors with a single, intelligent platform. This innovation reduces carbon emissions, labor costs, and equipment redundancy, providing a more efficient and sustainable solution for intermodal transportation.",1-10,,Chaitali Narla,"Transportation, Autonomous Vehicles, Enterprise Software, Freight Service, Industrial Automation, Manufacturing"
Samba TV,San Francisco,California,Series C,"Dec 8, 2025",$100M to $500M,Active,www.samba.tv,"Samba TV provides streaming services, connected devices, time-shifting, and multi-screen viewership, our data products solve real problems and create a meaningful competitive advantage for our clients given the dramatic growth in streaming services, connected devices, time-shifting, and multi-screen viewership.",251-500,info@samba.tv,Alvir Navin,"Sales and Marketing, Software, Video, Advertising, Apps, Digital Media"
Infisical,San Francisco,California,Series A,"Jun 6, 2025",,Active,infisical.com,"Infisical is an open-source platform that focuses on the secure management of application secrets, certificates, SSH keys, and configurations. It provides tools for teams to effectively manage sensitive information across various applications and environments. The platform features end-to-end encryption, ensuring that data remains protected during storage and transmission. Infisical also offers a user-friendly interface that simplifies the process of injecting secrets like API keys and database credentials into applications. Centralizing configuration management enhances collaboration among development teams and streamlines workflows, making it easier to maintain security and efficiency in software development.",51-100,support@infisical.com,Maidul Islam,"Cloud Security, Network Security, Software"
Procurement Sciences AI,Washington,District Of Columbia,Series B,"Nov 5, 2025",$10M to $50M,Active,procurementsciences.com,"Procurement Sciences develops an AI-powered software platform tailored to businesses that pursue government contracts. The company's flagship product, Awarded AI, is built to manage the entire contract lifecycle: from identifying public-sector opportunities to producing proposals, ensuring compliance and supporting contract delivery With features like AI-powered opportunity search, advanced proposal generation, and compliance checking, Awarded AI empowers contractors to enhance efficiency and win rates.",101-250,sales@procurementsciences.com,Christian Ferreira,"Science and Engineering, Software, Artificial Intelligence (AI), B2B, Enterprise Software, Machine Learning"
Kardigan,South San Francisco,California,Series B,"Oct 14, 2025",,Active,www.kardigan.bio,"Kardigan is a biopharmaceutical company developing a pipeline of personalized medicines to treat and potentially cure cardiovascular diseases. The company utilizes a proprietary Cardiac Intelligence R&D platform to confirm markers for safety, efficacy, and patient selection before human trials. Kardigan integrates AI-based tools into its clinical trials to optimize study design and increase confidence in results.",101-250,,Bob McDowell,"Health Care, Science and Engineering, Software, Artificial Intelligence (AI), Biopharma, Medical"
Maybern,New York,New York,Series B,"Nov 13, 2025",$1M to $10M,Active,maybern.com,"Maybern is a fintech company that focuses on transforming fund operations for private capital markets. It unifies financial and operational fund data into a singular platform to power accurate and standardized reporting, automate manual processes, and unlock real-time insights. The platform consolidates financial and operational fund data into a single system, offering workflow automation, real-time reporting, and built-in audit controls. It is designed specifically for fund CFOs and their teams, enabling them to reduce manual tasks, mitigate risk from scattered spreadsheets, and spend more time on strategic decision-making.",51-100,info@maybern.com,Ashwin Raghu,"Finance, Financial Services, FinTech, SaaS, Software"
Chariot,New York,New York,Series A,"Aug 8, 2024",$1M to $10M,Active,www.givechariot.com,"Chariot is building financial infrastructure for the $326 billion donor-advised fund market, the fastest-growing segment of philanthropy. DAFpay by Chariot is the industry’s first DAF payment option and was named one of TIME’s Best Inventions of 2025. Backed by Maveron, Y Combinator, SV Angel, and Spark Capital, Chariot's team is committed to empowering nonprofits to achieve their visions.",11-50,contact@givechariot.com,Aaron Kahane,"Social Impact, Software, B2B, Finance, Non Profit, Payments, SaaS"
SCATR,Cleveland,Ohio,Series A,"Apr 22, 2026",,Active,www.scatrcorp.ai/,SCATR is the data camouflage company provides data security with Zero Trust Transit across any network.,11-50,Careers@scatr.it,,"Cyber Security, Information Technology, Network Security"
Cambio,New York,New York,Series A,"Jan 22, 2026",$10M to $50M,Active,www.cambio.ai,"Cambio is an AI-powered commercial real estate operations platform that automates the collection, analysis, and reporting of building data to support workflows like capital planning, compliance, sustainability tracking, and retrofit planning. It uses large language models and agentic AI to ingest unstructured documents, integrate utility and performance data, and produce actionable insights and priority-ranked recommendations for property owners, asset managers, and investors. The platform consolidates disparate data into a unified system of record and generates automated reporting for regulatory and investor frameworks. Cambio also supports collaboration across teams and helps clients evaluate investment opportunities and monitor progress toward financial and performance goals.",101-250,info@Cambio.ai,Leia de Guzman,"Science and Engineering, Software, Agentic AI, Artificial Intelligence (AI), Business Process Automation (BPA), Commercial Real Estate, Real Estate"
Soul Machines,San Francisco,California,Series B,"Jun 20, 2024",,Active,soulmachines.com,"Founded in 2016, Soul Machines is a pioneer in the humanization of AI. We use our ground-breaking Biological AI technology to create engaging, empathetic AI Assistants, powered by our patented Digital Brain™. Our revolutionary Soul Machines Studio tools allow anyone to reimagine customer engagement, drive deep interactivity, and create personalized digital experiences. Soul Machines is unique in delivering the full capabilities of human and machine collaboration in an ethical, responsive, and unprecedented way.",51-100,sales@soulmachines.com,Greg Cross,"Hardware, Science and Engineering, Software, Artificial Intelligence (AI), E-Learning, Machine Learning, Virtual Reality"
iCOUNTER,Dallas,Texas,Series A,"Jul 16, 2025",,Active,www.icounter.com/,iCOUNTER has developed an intelligence capability that is solely focused on thwarting specific attacks.,11-50,contact@icounter.com,,"Cyber Security, Network Security"
Oshi Health,New York,New York,Series C,"Oct 16, 2024",,Active,www.oshihealth.com,"Oshi Health is a virtual-first gastroenterology (GI) clinic that diagnoses, treats and remotely monitors digestive (GI) conditions. Patients work with Oshi Health's integrated care team of gastroenterologists and GI-specialized nurse practitioners, registered dietitians, behavioral psychologists and health coaches to determine the root causes of their symptoms and use a personalized care plan that includes medication, dietary interventions and gut-brain behavioral therapy to get symptoms under control.",101-250,,Sameer Berry,"Health Care, Health Diagnostics, Medical, Wellness"
Concentric AI,San Jose,California,Series B,"Oct 24, 2024",$1M to $10M,Active,www.concentric.ai,"Concentric’s Semantic Intelligence solution delivers data risk insights across the entire inventory of sensitive documents in the cloud and on-premises. Its deep learning technology examines each document’s content and context for efficient actionable security. It scans the documents, identifies sensitive or business-critical data, evaluates the risk each document poses, and highlights critical concerns that need immediate attention. 

The company was founded in 2018 and is headquartered in San Jose, California.",51-100,karthik@concentric.ai,Karthik Krishnan,"Privacy and Security, Science and Engineering, Software, Artificial Intelligence (AI), Network Security"
Pylon,San Francisco,California,Series B,"Aug 20, 2025",,Active,www.usepylon.com,"Pylon is the modern alternative to Zendesk, optimized for B2B.

We bring together everything a post-sales teams team needs including a ticketing system, B2B omnichannel integrations (Slack Connect, Microsoft Teams), modern chat widget, knowledge base, AI support bot, account management, customer marketing, and more.",101-250,,Advith Chelikani,"Other, Professional Services, Sales and Marketing, Artificial Intelligence (AI), B2B, CRM, Customer Service, Software"
DigitalXForce,Southlake,Texas,Seed,"Jan 1, 2026",$1M to $10M,Active,digitalxforce.com,"DigitalXForce provides a cloud-based platform to help organizations manage cybersecurity risk. Its platform automates tasks, offers real-time risk assessment, and integrates with various security tools. DigitalXForce aims to simplify cybersecurity and compliance for businesses.",51-100,,,"Cyber Security, SaaS"
interface.ai,San Francisco,California,Series A,"Oct 22, 2024",$1M to $10M,Active,interface.ai,"interface.ai is an award-winning out-of-the-box Intelligent Virtual Assistant(IVA) that acts as a “personal bank teller” to help customers 24x7 through every step of the journey from being a prospect to achieving financial wellness. 

interface.ai has grown over 1600% in the last year from a couple of million dollars to several tens of millions of dollars in revenues.

The company has won several industry awards including the coveted Finovate and CUNA Council 'Best of Show' awards.

Currently, interface.ai powers 70+ financial institutions in the United States with their Artificial Intelligence-powered solutions and is one of the fastest-growing fintech providers across the globe.",101-250,sales@interface.ai,Srinivas Njay,"Enterprise Software, FinTech"
Carry,Brooklyn,New York,Series A,"Jul 17, 2024",,Active,carrymoney.com,Carry helps business owners and modern professionals build wealth.,11-50,,,"Financial Services, Wealth Management"
Lace,Mountain View,California,Seed,"Apr 21, 2025",,Active,laceai.net/,"Lace is a revenue intelligence software designed for call centers in the trades. It uncovers over 40% of unbooked calls, generating millions in additional revenue while empowering agents (CSRs) to book more calls - all with no extra marketing or hiring costs.",11-50,boris@laceai.net,Boris Valkov,"Science and Engineering, Software, Artificial Intelligence (AI), Call Center"
Cosmos,New York,New York,Series A,"Jan 20, 2026",,Active,cosmos.so,"Cosmos is a Pinterest alternative for creatives. Save anything on the web, curate into clusters, and share with the world.",1-10,,Andy McCune,"Media and Entertainment, Mobile, Science and Engineering, Artificial Intelligence (AI), Content, Mobile Apps, Software"
TESS,Concord,California,Seed,"Mar 2, 2026",$10M to $50M,Active,tess.us/,"Founded in California by Brazilian entrepreneurs, TESS AI is an enterprise-grade autonomous agentic AI platform engineered to deliver hard corporate ROI. The company empowers professionals to build highly customized AI agents orchestrating over 250 AI models, featuring native integration with global automation ecosystems. By pioneering a disruptive, ""seatless"" pricing model, TESS eliminates restrictive per-user licenses, generating up to 90% in cost savings and allowing enterprises to consolidate their stack by replacing 4 to 5 traditional SaaS tools within the first six months. Powered by a complex agentic architecture—outperforming Meta’s $2B Manus AI—TESS is driving explosive adoption, with over 16,000 users executing more than 600,000 autonomous tasks every month.",11-50,ricardo@tess.im,Renato Ferreira,"Software, Agentic AI, Artificial Intelligence (AI), Generative AI, SaaS"
Freeform,Los Angeles,California,Series B,"Jan 7, 2026",$1M to $10M,Active,freeformfuture.com,"Freeform is a 3D printing company offering metal 3D printing solutions for manufacturing companies. Freeform deploys software-defined, self-sufficient metal 3D printing factories around the world, bringing software scalability to physical production. Freeform's technology stack combines advanced sensing, real-time controls, and data-driven learning to produce digitally-verified, flawless parts at previously unheard-of speeds and costs.",11-50,,Erik Palitsch,"Science and Engineering, Software, 3D Technology, Electronics, Industrial Automation, Machinery Manufacturing, Robotics"
Franklin,New York,New York,Seed,"Jun 3, 2025",,Active,www.hellofranklin.co/,"Franklin develops a payroll tool for making employee payments. The platform allows users to pay their workers in cash and crypto in an automated, tax-compliant way. It can be also used as an HR management system, to make expense reimbursement payments, pay vendors, and many other features.",1-10,contact@hellofranklin.co,Megan Knab,Payments
Overwatch Data,Brooklyn,New York,Seed,"Nov 15, 2024",Less than $1M,Active,www.overwatchdata.ai/,"Overwatch is a SaaS platform that assists businesses in monitoring data streams for real-world events that affect their operations. Overwatch Data employs cutting-edge machine learning and natural language processing (NLP) for market intelligence, geopolitical and supply chain risk, fraud risk, brand risk, and/or executive protection.",1-10,sales@overwatchdata.io,Arjun Bisen,"Information Technology, Software, Big Data, Data Visualization, Natural Language Processing, SaaS"
Allure Security Technology,Waltham,Massachusetts,Series B,"Mar 19, 2026",$10M to $50M,Active,www.alluresecurity.com,"Allure uses artificial intelligence to develop an anti-phishing solution that defends enterprise customers from cyber attacks. Allure detects phishing campaigns in near real-time from the first customer attack. It identifies which customers are being phished, devalues anything the cybercriminal may have stolen from the customer, and assists the enterprise in destroying the malicious site by taking it down. 

It was developed with $10M in DARPA funding by a team of Columbia University scientists. It is headquartered in Waltham, Massachusetts.",11-50,info@alluresecurity.com,Angelos Keromytis,"Mobile, Privacy and Security, Professional Services, Artificial Intelligence (AI), Big Data, Cloud Security, Cyber Security"
Yendo,Dallas,Texas,Series B,"Feb 20, 2026",$1M to $10M,Active,yendo.com,"Yendo provides a credit card product that utilizes vehicle equity to offer consumers credit limits at various rates. The company's service works like a regular card, is accepted anywhere, and includes features like cash access and credit building options. Yendo offers a simple application process that results in a virtual card before the physical card arrives.",51-100,press@yendo.com,Daniel Ashy,"Lending and Investments, Payments, Science and Engineering, Artificial Intelligence (AI), Consumer Lending, Credit Cards, Financial Services, FinTech"
Peregrine Technologies,San Francisco,California,Series C,"Mar 4, 2025",$10M to $50M,Active,peregrine.io,"Peregrine creates technology to help public safety agencies make data-driven decisions, power the operations, and maintain strong community relationships. Its software fuses disconnected data across secure networks and empowers public safety leaders with new ways to search, analyze, and collaborate. The company delivers industry-leading privacy and security controls to help government institutions unlock complex data workflows, enable new types of public-private partnerships, and build trust with the communities they serve.",101-250,media@peregrine.io,Ben Rudolph,"Other, Software, Analytics, Database, Information Technology, Public Safety, Real Time"
TinyFish,Palo Alto,California,Series A,"Aug 20, 2025",,Active,tinyfish.ai,"TinyFish provides enterprise web agent software that automates interactions with complex and dynamic websites. It enables companies to run large-scale web workflows, such as pricing tracking, ride booking, job application autofill, and event data extraction, with observability, adaptability, and integration into enterprise systems. These agents emulate human-like navigation to extract structured data from evolving web interfaces and surface high-resolution insights for business operations. TinyFish supports use cases like hotel price monitoring by converting public web pages into useable data, helping previously hard-to-find properties appear via search, and processing event data into structured leads for sales teams. It also powers intelligent product matching for e-commerce and drives demand forecasting and pricing strategies for ride-hailing, transforming raw web signals into actionable intelligence.",11-50,info@tinyfish.ai,Keith Zhai,"Information Technology, Internet Services, Science and Engineering, Artificial Intelligence (AI), Cloud Computing, Internet, PaaS"
Articul8,Palo Alto,California,Series B,"Jan 7, 2026",,Active,www.articul8.ai,"Articul8 is a generative artificial intelligence company that provides an enterprise software platform designed to turn complex data into actionable insights through domain-specific AI tools. It offers a full-stack GenAI system that uses a proprietary reasoning engine to assemble specialized agents and models for tasks such as engineering workflows, financial analysis, supply chain interpretation, and technical document understanding. The platform supports autonomous execution of data tasks with features for observability, traceability, and integration via APIs and customizable applications. It enables teams to deploy, tailor, and manage AI applications that align with specific industry requirements and internal data environments. Articul8’s offerings include modular AI agents and customizable templates that streamline the development of secure, domain-focused intelligence solutions.",51-100,,Arun Subramaniyan,"Software, Artificial Intelligence (AI), Enterprise Software, Generative AI"
Jozu,New York,New York,Seed,"May 8, 2025",$1M to $10M,Active,jozu.com,"Jozu secures AI artifacts from supply chain through runtime. Security scan results, prompt guardrails, agent tool use policies, and human approvals are distributed as cryptographically verified OCI artifacts. Jozu enforces those policies and guardrails at the server, on the desktop, and at the edge, even in air-gapped environments. Untrusted agents and models run in isolated sandboxes with policies enforced at the boundary and kernel level. Built on CNCF KitOps, the most widely adopted open source AI packaging standard.",11-50,info@jozu.com,Brad Micklea,"Information Technology, Privacy and Security, Science and Engineering, Agentic AI, AI Infrastructure, Artificial Intelligence (AI), Cyber Security, DevOps"
Rebar,New York,New York,Series A,"Mar 10, 2026",,Active,www.withrebar.ai,"Rebar is a construction technology company that develops AI-powered estimating software for HVAC equipment suppliers and representative firms. Its platform helps teams automate HVAC takeoffs, the process of reviewing building plans, to identify and count equipment needed for a project. The company’s software uses artificial intelligence to analyze construction drawings and automatically tag and quantify HVAC components such as dampers, diffusers, and other equipment. This reduces the manual work involved in estimating and enables teams to generate project estimates much faster.

In addition to automated takeoffs, the platform provides tools for tracking estimating performance, analyzing market specifications, and monitoring bidding activity to help HVAC suppliers make more informed sales and product decisions. It focuses on bringing AI-driven automation to the architecture, engineering, and construction (AEC) sector by streamlining complex estimation workflows for HVAC businesses.",11-50,,Andrew Schwartz,"Real Estate, Science and Engineering, Software, Artificial Intelligence (AI), Construction, Heating, Ventilation, and Air Conditioning (HVAC), Industrial"
Dyna Robotics,Redwood City,California,Series A,"Sep 15, 2025",$1M to $10M,Active,www.dyna.co,"Dyna Robotics develops advanced robotic manipulation models to automate repetitive and stationary tasks. The company's mission is to help businesses by automating repetitive, stationary tasks with affordable, intelligent robotic arms. Leveraging the latest advancements in foundation models, it performs a wider range of assignments with greater precision and adaptability. It also allows businesses to generalize robots across diverse tasks and environments and optimize operations.",11-50,,Jason Ma,"Information Technology, Science and Engineering, Software, Artificial Intelligence (AI), Machine Learning, Robotics"
Ekkobar,Indianapolis,Indiana,Seed,"Feb 25, 2025",$1M to $10M,Active,ekkobar.ai/,"Ekkobar has achieved its mission of cracking the social media code.  Using proprietary cutting-edge predictive and conversational AI technologies, Ekkobar’s solutions take advantage of the largest data set in the world to provide ROI-based answers to sports leagues, teams, agents, and others in the industry.  There are two sets of products, risk and actionable insights.  On the risk side, there is a risk assessment solution that is essentially a social media background check using our 20-point AI technology.  Then there is the risk monitoring solution that keeps an eye on social media, 24/7, to look for issues that may arise and if so, alerts the appropriate people.  On the other side, our conversational and stance insights solutions helps brands understand the conversation at a deep level.",1-10,rhys@ekkobar.ai,Amber Dodson,"Information Technology, Media and Entertainment, Science and Engineering, Artificial Intelligence (AI), Politics, SaaS"
Relyance AI,San Mateo,California,Series B,"Oct 10, 2024",$10M to $50M,Active,relyance.ai,"AI-native protection that makes every data journey visible, controlled, and compliant. From the first line of code to the final AI output - autonomously predict threats, enforce policies, and always be audit-ready, eliminating 80% of manual oversight.",51-100,info@relyance.ai,Abhi Sharma,"Privacy and Security, Professional Services, Science and Engineering, Artificial Intelligence (AI), Compliance, Cyber Security, Data Governance, Privacy"
Mandel AI,San Francisco,California,Seed,"Mar 25, 2026",,Active,mandel.ai/,"Mandel AI helps manufacturers surface supply chain disruptions and supplier updates with email AI. We use AI agents that proactively extract data and email suppliers for order updates, building a real-time self updating supply chain source of truth.",1-10,,Alex Bonin,"Manufacturing, Other, Science and Engineering, Artificial Intelligence (AI), B2B, Enterprise Software, Information Technology"
LeoLabs,Menlo Park,California,Series B,"May 19, 2025",$1M to $10M,Active,www.leolabs.space,"LeoLabs is an aerospace company that supplies and provides low Earth orbit mapping and space situational awareness services. The company's software platform offers an open API and provides the basis for a new generation of SSA and traffic safety services.

LeoLabs was founded in 2015 and is headquartered in Menlo Park, CA.",101-250,info@leolabs.space,Daniel Ceperley,"Software, Aerospace, Database, Mapping Services"
Cartography Biosciences,South San Francisco,California,Series B,"Oct 2, 2025",$10M to $50M,Active,cartography.bio,"Cartography is an oncology company that develops cancer immunotherapies that target novel and highly specific tumor antigens. The company provides a differentiated oncology pipeline of antibody-based therapies to target tumors more precisely than existing therapeutics. Its ATLAS and SUMMIT drug discovery platforms are powered by an industry-leading, fully integrated dataset spanning hundreds of thousands of cell states across the healthy body and large-scale profiling of individual cells from patient tumors.",11-50,hello@cartography.bio,Ansuman Satpathy,"Biopharma, Biotechnology, Health Care, Life Science, Oncology"
DwellFi,Palo Alto,California,Seed,"May 7, 2025",$1M to $10M,Active,dwellfi.ai,"We help fund administrators, family offices, and private equity/venture capital firms streamline back-office operations with AI agents that automate capital call processing, fund migration, reconciliation, and DDQ generation — delivering over 25% operational efficiency gains. DwellFi also offers enterprise-grade infrastructure for asset tokenization, allowing real-world assets (RWA) to be minted on-chain using smart contracts and secure wallet management. This enables liquidity, transparency, and interoperability across the investment lifecycle. As private markets grow toward $29.2T by 2029, DwellFi bridges traditional finance and digital innovation — empowering financial institutions to scale without scaling headcount, reduce manual effort, and unlock data-driven insights through automation.",11-50,sales@dwell.fi,Deepak Sheoran,"Financial Services, Other, Science and Engineering, Artificial Intelligence (AI), Asset Management, Blockchain, FinTech"
Alkira,San Jose,California,Series C,"May 15, 2024",$10M to $50M,Active,www.alkira.com,"Alkira Network is a developer of a network cloud that allows businesses to build and position multi-cloud network-as-a-service in minutes.

The company's Network Cloud reinvents networking for the cloud era with hybrid and multi-cloud network connectivity, integrated network and security services, end-to-end day-2 operational visibility, advanced controls, and governance. Alkira Network Cloud is based on Alkira Cloud Services Exchange™ solution with a global unified network infrastructure delivered as-a-service for easy and simple consumption. Just draw the network across users, sites, and clouds on an intuitive digital design canvas, provision it in one click, and start using it in minutes. Alkira’s solution is used by Fortune-100 enterprises, leading system integrators, and managed service providers.

Amir Khan and Atif Khan established the company in San Jose, California in 2018.",101-250,contact@alkira.net,Amir Khan,"Privacy and Security, Cloud Infrastructure, Cloud Security, Information Services, Information Technology, Network Security"
Harmonic,Palo Alto,California,Series C,"Nov 25, 2025",$1M to $10M,Active,harmonic.fun,"Harmonic builds an AI-driven mathematical reasoning engine that aims to bring “mathematical superintelligence” to theorem proving, software verification, and education. The platform integrates reinforcement learning and formal methods to support development of tools that can reason about mathematical concepts and verify correctness in safety-critical systems. Harmonic offers software components and AI research infrastructure to translate research into usable applications, including mobile and web products.",11-50,legal@harmonic.fun,Tudor Achim,"Software, Artificial Intelligence (AI), Foundational AI, Machine Learning"
Trustible AI,Arlington,Virginia,Seed,"Jun 10, 2025",$1M to $10M,Active,www.trustibleai.com,"Trustible AI provides a platform for managing and governing AI systems, offering tools such as AI inventory, risk management, policy frameworks, assessments, regulatory compliance, and literacy training. It centralizes AI use cases, models, data, and vendors, enabling structured assessments and workflows to address performance, security, ethical, and legal risks while aligning with frameworks like the EU AI Act, NIST AI RMF, and ISO/IEC 42001. The platform supports policy development with templates, automated compliance checks, stakeholder collaboration, and audit trails. It also streamlines proposal, review, approval, and monitoring processes to help organizations deploy AI responsibly, backed by training modules and reporting capabilities.",1-10,contact@trustibleai.com,Andrew Gamino-Cheong,"Professional Services, Science and Engineering, Software, Artificial Intelligence (AI), Compliance, Information Technology, Risk Management"
Lila Sciences,Cambridge,Massachusetts,Series A,"Jan 20, 2026",,Active,www.lila.ai,"Lila Sciences is a platform that uses artificial intelligence to support research in life sciences, chemical sciences, and materials sciences. It develops AI-driven tools and autonomous labs to improve research efficiency and facilitate scientific discoveries. The platform is designed to enhance various aspects of the scientific method and contribute to advancements in technology and innovation.",101-250,info@lila.ai,Molly Gibson,"Science and Engineering, Software, Artificial Intelligence (AI), Foundational AI, Life Science"
ContextQA,Austin,Texas,Seed,"Apr 26, 2026",,Active,contextqa.com,"ContextQA is a profitable, venture-backed AI test automation company with 50+ people across San Francisco, Austin TX, and India. The platform serves global enterprise clients across aviation, logistics, BFSI, HR tech, and CRM domains.

ContextQA unifies three product lines: (1) Enterprise App & Workflow Testing — end-to-end QA for Salesforce, Workday, SAP, and custom systems with AI-generated test cases, self-healing selectors, and 500+ pre-built automation assets; (2) ContextAI Agent Testing — validates non-deterministic AI agents on Agentforce, Amazon Bedrock, Snowflake Cortex, and Azure AI Foundry using multi-judge evaluations and red-teaming scenarios; (3) MCP Developer Workflows — integrates directly into Cursor and Claude Code so engineers can trigger tests and receive AI root-cause analysis without leaving their IDE.

Named customers include SITA, Ruckus Networks, and Halight. Strategic partners include IBM (watsonx.ai integration), Coforge, and Red Hat. Enterprise-ready with SOC 2 Type II, ISO 27001, and GDPR certifications, deployable as SaaS or on a customer's private cloud.",51-100,sales@contextqa.com,Deep Barot,"Other, Professional Services, Science and Engineering, Artificial Intelligence (AI), B2B, DevOps, Information Technology, Quality Assurance"
GenLogs,Arlington,Virginia,Series B,"Feb 2, 2026",$10M to $50M,Active,www.genlogs.io,GenLogs is a freight intelligence company that offers truck carrier mapping services via AI-driven roadside sensors.,51-100,contact@genlogs.io,Blake Balch,"Navigation and Mapping, Science and Engineering, Software, Artificial Intelligence (AI), Freight Service, Logistics, Mapping Services, Sensor"
Mezo,Menlo Park,California,Series A,"Jul 26, 2024",,Active,mezo.org,"Mezo is a platform that empowers people to live off their Bitcoin. With features like Borrow, Mezo enables seamless everyday finance while maintaining strong security and alignment with Bitcoin’s core principles of decentralization, permissionless access, and self-sovereignty. Designed for both end-users and developers, Mezo offers an intuitive and reliable suite of financial tools, making Bitcoin the foundation of a bank-free economy.",11-50,,Matt Luongo,"Payments, Software, Bitcoin, Blockchain, Cryptocurrency, Finance, Personal Finance"
Slang,New York,New York,Series B,"Feb 24, 2026",$1M to $10M,Active,www.slang.ai,"Slang AI offers a virtual phone agent that operates continuously, answering calls and booking reservations for restaurants. The platform answers incoming calls, takes reservations, handles common guest questions, and processes orders through natural language conversations. It integrates with point-of-sale systems, reservation platforms, and other restaurant software to sync availability, menus, and order details in real time. Slang’s technology is built to interpret conversational speech patterns and route complex requests to staff when needed. The company’s services aim to reduce missed calls and streamline front-of-house operations through automated voice assistance tailored to hospitality environments.",11-50,support@slang.ai,Alex Sambvani,"Internet Services, Media and Entertainment, Other, Artificial Intelligence (AI), Customer Service, Internet, Reservations"
Lindus,Boston,Massachusetts,Series B,"Apr 3, 2025",,Active,www.lindushealth.com,"Lindus is an Accountable Research Organization, engineered to give biotech and pharmaceutical sponsors confidence and control to generate clinical data on time and on budget. In the last 3 years, Lindus has executed over 45 full-scope trials across cardiometabolic, respiratory, psychiatry, dermatology, women's health, and diagnostics. Behind each study is an integrated model spanning feasibility, central enrollment infrastructure, and flexible site models. Trials run on Citrus™, an AI-native trial operating system, and are governed by performance-based contracts with milestone-based payments. 82% of Lindus executed trials completed enrollment on or ahead of our proposed timeline. The company is backed by Dr. Bob Langer, Peter Thiel, and Dr. Tim Garnett.",101-250,hello@lindushealth.com,Meriwether Beckwith,"Biotechnology, Clinical Trials, Health Care, Medical"
Coram AI,Sunnyvale,California,Series A,"Jan 16, 2025",$1M to $10M,Active,www.coram.ai,"Coram AI develops a video intelligence platform to provide businesses with insights into daily operations. The company offers a novel, AI-native security platform that helps customers ranging from schools to manufacturers better monitor their sites to dramatically improve safety and efficiency.",51-100,support@coram.ai,Ashesh Jain,"Media and Entertainment, Privacy and Security, Science and Engineering, Artificial Intelligence (AI), Computer Vision, Intelligent Systems, Security, Software"
Fibr,Dover,Delaware,Seed,"Feb 4, 2026",,Active,fibr.ai/,"Fibr is a cutting-edge AI-powered platform designed to tackle the escalating challenge of customer acquisition costs (CAC) in a rapidly evolving digital landscape. As third-party cookies are phased out and privacy regulations become more stringent, traditional marketing methods are increasingly insufficient for driving down CAC and maximizing ROI. Fibr addresses this issue with its advanced personalization solutions, which enhance the effectiveness of every marketing interaction.

The company's Web Pilot is an innovative tool that generates personalized, landing pages for every ad, email, and communication. This technology ensures that each user interaction is tailored to individual preferences and behaviors, significantly improving engagement and conversion rates. By providing a personalized experience across all touchpoints, Fibr helps businesses optimize their marketing spend and reduce CAC effectively.

Complementing Web Pilot is Fibr’s AI Blocks, which simplifies adapting and repurposing successful content across different formats and channels. This tool ensures that marketing messages remain relevant and compelling, whether used in ads, social media posts, or emails. With Fibr, businesses can deliver cohesive, on-brand experiences at scale, streamline content creation, and achieve superior marketing results. By leveraging Fibr’s AI-driven personalization, companies can navigate the challenges of a cookie-less future and drive down CAC, making their marketing efforts more efficient and impactful.",11-50,info@fibr.ai,Ankur Goyal,"Information Technology, Sales and Marketing, Science and Engineering, A/B Testing, Artificial Intelligence (AI), Marketing Automation, Personalization"
Stand,San Francisco,California,Series B,"Oct 16, 2025",,Active,www.standinsurance.com,Stand simulates real-world risk using physics and AI.,11-50,support@getstand.com,,"Insurance, InsurTech, Property Insurance"
Convergent Therapeutics,Cambridge,Massachusetts,Series A,"Sep 24, 2024",$1M to $10M,Active,convergentrx.com,"Convergent Therapeutics is a pharmaceutical company that focuses on developing radiopharmaceutical therapies for prostate cancer. The company's proprietary technology involves dual-targeted radionuclide therapy developed by Dr. Neil Bander, Professor of Urologic Oncology at Weill Cornell Medicine, and licensed to Convergent by Cornell University. CONV 01-α, a monoclonal antibody conjugated with 225Ac, a radioactive alpha particle emitter, was specifically designed to bind to the prostate-specific membrane antigen (PSMA). A key functional feature of CONV 01-α is that, once bound to PSMA, it becomes internalized, thereby delivering its powerful radioactive payload directly into the prostate cancer cells. CONV 01-α is covered by multiple issued U.S. and foreign patents. If FDA-approved, CONV 01-α would be the first antibody approved to direct a radioisotope to prostate cancer and the first drug approved for the use of 225Ac in a cancer treatment.",1-10,,Neil Bander,"Health Care, Medical, Pharmaceutical"
Alida Biosciences,San Diego,California,Series A,"Nov 4, 2025",$1M to $10M,Active,alidabio.com,"Alida Biosciences is a biotechnology company developing next-generation epigenetic and epitranscriptomic sequencing technologies that uncover regulatory information beyond DNA sequence alone. By enabling high-resolution, quantitative analysis of RNA modifications, Alida’s EpiPlex platform and EpiScout software reveals previously inaccessible biology that drives disease onset, progression, and therapeutic response. The company’s tools support advanced biomarker discovery and functional genomics across oncology, autoimmune, and neurodegenerative diseases, serving academic researchers, biopharma, and diagnostic partners seeking deeper insight into gene regulation for precision medicine.",11-50,info@alidabio.com,Byron Purse,"Software, Biotechnology, Health Care, Life Science"
Gridware,San Francisco,California,Series B,"Nov 17, 2025",$50M to $100M,Active,gridware.io,"Gridware offers a grid-intelligence platform that equips utilities with real-time visibility into the physical, electrical, and environmental conditions of their overhead infrastructure. Its core product, GridScope, is a small, solar-powered sensor mounted on utility poles that continuously monitors mechanical vibrations, electrical activity, and ambient stressors even during outages. On-device analytics identify hazards, localize faults, and classify their severity, allowing line crews to respond efficiently and safely. Through its Active Grid Response system, Gridware helps utilities detect issues before they escalate, supporting timely maintenance and more stable grid operations.",101-250,careers@gridware.io,Abdulrahman Bin Omar,"Software, Energy, Hardware, Internet of Things, Power Grid, SaaS"
Empirical Health,Long Island City,New York,Seed,"Nov 1, 2025",,Active,www.empirical.health/,"Don't die of heart disease. Track 100+ high-signal biomarkers , build custom nutrition plans, and receive personalized medical care to keep your heart healthy. Empirical is an AI-native heart health clinic.",1-10,hello@empirical.health,Brandon Ballinger,"Health Care, Mobile, Science and Engineering, Artificial Intelligence (AI), Health Diagnostics, Mobile Apps, Personal Health"
Rain AI,San Francisco,California,Series A,"May 26, 2024",$1M to $10M,Active,rain.ai,"Rain AI is a semiconductor company specializing in developing energy-efficient hardware for artificial intelligence (AI) applications. Rain AI focuses on creating neuromorphic chips inspired by the human brain's architecture. The company's hardware is designed to be more energy-efficient than traditional AI processors, addressing the growing demand for sustainable computing solutions.  Rain AI's technology is adaptable across various AI applications, from data centers to edge devices, facilitating widespread adoption.",11-50,info@rain.ai,Gordon Wilson,"Information Technology, Science and Engineering, Software, AI Infrastructure, Artificial Intelligence (AI), Hardware, IT Management, Machine Learning"
Engage Mobilize,Denver,Colorado,Series C,"Apr 14, 2026",Less than $1M,Active,engagemobilize.com/,"Engage Mobilize is the SaaS provider of digital field ticket management software. At ENGAGE our mission is to simplify the B2B transaction process, by automating the entire end-to-end financial workflow through our robust technology suite. Starting with our E-ticketing platform, our software captures and validates critical edge data points for work being completed by suppliers and service providers and automates the approval process for these transactions, based on predefined customizable criteria. Dispute resolution is automated and controlled at the field level where each transaction takes place.  

Validated transactions are now fast-tracked through the ENGAGE E-invoicing platform, eliminating redundant approval and reconciliation tasks, and providing absolute control over how and when payments are processed.
Additionally, other highly leveraged software can integrate directly with ENGAGE, providing a seamless end-to-end solution that is easy to implement and manage, reducing touchpoints and transactions overall. Through business automation improvements, ENGAGE clients benefit from more accurate and real-time visibility into their financial workflows. Our state of the art software saves companies countless hours, reduces fraud, and fundamentally improves the way companies manage and forecast their financials and ESG targets.",11-50,admin@engage-m.com,Jeremiah Henson,"Other, Software, Transportation, B2B, Information Technology, Oil and Gas, SaaS"
Rowspace,San Francisco,California,Series A,"Feb 25, 2026",$1M to $10M,Active,rowspace.ai,"Rowspace provides an AI platform for financial institutions to make decisions using proprietary data. The platform focuses on organizing, processing, and analyzing internal datasets alongside market information. It applies artificial intelligence and machine learning techniques tailored to financial workflows. Rowspace supports use cases such as investment research, risk analysis, and product strategy. The company works with financial services firms that want to operationalize data for day-to-day and strategic decisions.",11-50,careers@rowspace.ai,Michael Manapat,"Science and Engineering, Software, Analytics, Artificial Intelligence (AI), Data Management, FinTech, Machine Learning"
Union Technologies,Carrollton,Texas,Seed,"Nov 1, 2024",,Active,union.tech,"Union Technologies is a U.S.-based defense manufacturing company developing software-defined factories that enable rapid, scalable production of critical munitions and defense components. The company integrates advanced manufacturing systems, automation, and digital factory software to create modular production capacity that can be deployed, replicated, and operated efficiently across the United States and allied industrial bases.

Union’s platform combines vertically integrated manufacturing infrastructure with proprietary software designed to coordinate production, supply chains, and quality assurance across distributed facilities. This approach is intended to address structural constraints in the defense industrial base by increasing manufacturing velocity, lowering production costs, and improving supply resilience for mission-critical defense materials.

By building modern, scalable manufacturing infrastructure for energetics and other defense technologies, Union Technologies supports the United States and allied nations in strengthening industrial readiness and expanding sovereign production capacity for critical defense systems.",11-50,press@union.tech,Adam Hoch,"Hardware, Information Technology, Manufacturing, Artificial Intelligence (AI), Government, Industrial Automation, Industrial Engineering, Infrastructure"
Cortex,San Francisco,California,Series C,"Sep 4, 2024",$1M to $10M,Active,www.cortex.io,"Cortex is the Engineering Operations Platform that enables organizations to continuously improve their operational maturity and reduce developer friction. With centralized visibility, clear ownership, automated Scorecards, and golden paths, we help engineering organizations operate as one. 

Our customers – from startups to Fortune 100 enterprises  – create a culture of engineering excellence, reducing incidents by 30% and improving MTTR by 50%, all while making it easier for developers to focus on building.",51-100,help@cortex.io,Anish Dhar,"Science and Engineering, Software, Artificial Intelligence (AI), Developer Platform, Developer Tools, Information Technology, Productivity Tools"
Superlogic,Miami,Florida,Series A,"Oct 30, 2025",$10M to $50M,Active,superlogic.com,"Superlogic is the creator of a Non-Fungible Token (NFT) blockchain-based platform for the music industry. The company's platform allows customers to buy NFTs at a low cost or for free, market their businesses as environmentally, socially, and governance friendly, and target conscious music consumers, all while allowing them to use credit or debit cards in fiat currencies, cryptocurrencies, and stablecoins.",11-50,info@superlogic.com,Adam Fell,"Data and Analytics, Financial Services, Internet Services, Artificial Intelligence (AI), Blockchain, Brand Marketing, Credit Cards, E-Commerce Platforms"
ProphetX,Hoboken,New Jersey,Series B,"Oct 7, 2025",$1M to $10M,Active,www.prophetx.co/,"Prophet solves the price and liquidity issues riddled with the sportsbook model today. Users can set prices for others to take, or take positions on the prices already available. This gives users the best odds and separates ProphetX from traditional sportsbooks.",11-50,hello@betprophet.co,Dean Sisun,"Software, Sports, Finance, Gaming, Information Technology"
Flying Tulip,Nyack,New York,Series A,"Jan 29, 2026",,Active,flyingtulip.com,Flying Tulip introduces a new capital allocation mechanism and tokenomics designed for capital preservation and sustainable value creation through yield-funded buybacks and long-term protocol growth.,1-10,,,"Financial Services, Web3"
SOCRadar,Reston,Virginia,Series B,"May 21, 2024",$10M to $50M,Active,www.socradar.io,"SOCRadar is a cloud-based, AI-powered Digital Risk Protection Platform enhanced by cyber threat intelligence capabilities. Security Operation Center teams of major organizations including banks and e-commerce giants benefit from SOCRadar to understand their attack surface and strengthen their security posture continuously. SOCRadar is continually monitoring where digital assets are exposed, providing context to understand the risk. At the core, the true value of adopting SOCRadar is that it empowers organizations to understand and to take action on cyber threats that are applicable to their cyber infrastructure in a proactive manner. SOCRadar creates real-time alerts whenever your sensitive digital assets are exposed or imitated across a broad range of online sources in the surface web, paste sites, code repositories, deep and dark web, and other technical sources.",251-500,info@socradar.io,Ahmet Kuruköse,"Software, Cyber Security, Risk Management, SaaS"
Speakeasy,San Francisco,California,Series A,"Oct 31, 2024",,Active,www.speakeasy.com,"Creating a frictionless API experience for your partners and customers no longer requires an army of engineers. Speakeasy’s platform makes crafting type-safe, idiomatic SDKs for enterprise APIs easy. That means you can unlock API revenue while keeping your team focused on what matters most: shipping new products. Make SDK generation part of your API’s CI/CD and distribute libraries that users love at a fraction of the cost of maintaining them in-house. Try Speakeasy for free.",11-50,info@speakeasyapi.dev,Sagar Batchu,"Developer APIs, Software, Software Engineering"
Culina Health,Hoboken,New Jersey,Series A,"Dec 19, 2024",$1M to $10M,Active,culinahealth.com,"Culina Health offers personalized virtual nutrition counseling by registered dietitians to improve health outcomes for patients with various chronic conditions. The company aims to make expert nutrition care accessible and affordable, providing culturally competent support tailored to individual needs.",51-100,info@culinahealth.com,Steven Kuyan,"Health Care, Nutrition, Wellness"
Santé,New York,New York,Seed,"Feb 12, 2026",,Active,www.santehq.com,"Santé provides liquor stores with custom inventory management, e-commerce, and industry-specific tools.",1-10,support@santehq.com,Antoine Balaresque,"Software, Business Development, Consulting, E-Commerce, FinTech, Point of Sale"
Delfina,San Francisco,California,Series A,"Jan 28, 2025",$1M to $10M,Active,www.delfina.com/,Delfina provides a personalized prenatal care system that uses the power of data to keep moms and babies safe during pregnancy. Their data-driven approach is uncovering unique insights in prenatal care to pave the way for clinical innovation.,11-50,info@delfina.com,Ali Ebrahim,"Health Care, Medical, Personal Health, Service Industry, Wellness"
Marvin AI,Marina Del Rey,California,Series A,"Jun 1, 2024",$1M to $10M,Active,meetmarvin.com,"Marvin is a virtual care platform that provides teletherapy and behavioral health services to healthcare workers. It works with hospitals and other healthcare organizations to provide care for their employees, providing teletherapy, meditations, and community programming specifically oriented towards their needs.

The company was founded in 2021 and is based in Marina del Rey, California.",101-250,hello@meetmarvin.com,Aparna Atluru,"Health Care, Health Diagnostics, Medical, Personal Health, Wellness"
OnRamp,Boston,Massachusetts,Series A,"Nov 12, 2025",$1M to $10M,Active,OnRamp.us,"OnRamp is a leading customer onboarding platform dedicated to helping B2B companies accelerate revenue growth. By automating and streamlining the post-sales process, OnRamp ensures that new customers can easily navigate the most complex onboarding process, enhancing their overall experience and satisfaction. Trusted by industry leaders, including three of the Fortune 15, OnRamp empowers businesses to optimize their onboarding strategies and drive success from day one. To find out more, visit www.onramp.us.",11-50,hello@OnRamp.us,Paul Holder,"B2B, Enterprise Software, SaaS, Software"
Attentive,Wilmington,Delaware,Series B,"Nov 12, 2025",$50M to $100M,Active,attentive.ai,"Attentive is a SaaS-based company building an end-to-end technology platform for commercial and residential outdoor service businesses including landscape maintenance, snow removal, paving maintenance, pest control, and lawn care companies. Driven by advanced Artificial Intelligence (AI), their software optimizes workflows for seamless scalability.",251-500,info@attentive.ai,Aishwarya Maurya,"Real Estate, Science and Engineering, Software, Artificial Intelligence (AI), Information Technology, Landscaping, SaaS"
LightSpun,Chestnut Hill,Massachusetts,Series A,"Sep 4, 2025",,Active,www.lightspun.com,"LightSpun is an AI-powered platform designed to transform and streamline healthcare administration, specifically dental insurance administration.",11-50,,,"Software, Artificial Intelligence (AI), Enterprise Software, SaaS"
Goodfire,San Francisco,California,Series B,"Feb 5, 2026",,Active,goodfire.ai,"Goodfire summarizes products and services around AI interpretability research and tools that help organizations understand, debug, and design artificial intelligence models beyond traditional black-box approaches. It offers methods to translate internal model reasoning into human-readable insights, intentionally shape model behavior to align with specific objectives, and conduct foundational research into how neural networks work internally. The company delivers platforms and workflows that enable developers to inspect and modify model internals, extract useful knowledge from trained systems, and improve model behaviors for specialized use cases. Goodfire focuses on bridging scientific AI understanding with practical model design and application.",11-50,contact@goodfire.ai,Dan Balsam,"Science and Engineering, Software, Artificial Intelligence (AI), Foundational AI, Generative AI, Information Technology"
Superblocks,New York,New York,Series A,"May 27, 2025",$10M to $50M,Active,www.superblocks.com,"Superblocks provides a platform for building internal enterprise applications, enabling development teams to create tools, workflows, and scheduled jobs using a combination of visual components and code. The platform includes a drag-and-drop UI editor, a component library, and integration with databases and APIs to streamline development processes. Superblocks allows users to automate business logic through scheduled tasks and workflow execution. The service supports secure access management, audit logging, and version control to align with enterprise security and compliance requirements. It also offers extensibility through custom code, giving teams flexibility in application behavior and design. Superblocks is designed to simplify the development and maintenance of internal tools used across business functions.",11-50,contact@superblocks.com,Brad Menezes,"Science and Engineering, Software, Artificial Intelligence (AI), Developer Tools, Information Technology"
Command Zero,Austin,Texas,Seed,"Jul 31, 2025",,Active,www.cmdzero.io,"Command Zero is an autonomous and AI-assisted cyber investigation platform that transforms security operations in complex enterprise environments. The company's platform combines encoded expert knowledge, advanced Large Language Models (LLMs), and intuitive interfaces to help security analysts with unprecedented investigative capabilities. The solution addresses the critical shortage of skilled cybersecurity professionals by allowing tier-2 and tier-3 analysts to conduct faster, more accurate investigations across even the most complex enterprise environments.",11-50,,Alfred Huger,"Privacy and Security, Science and Engineering, Software, Artificial Intelligence (AI), Cyber Security, Information Technology, Security"
Bevel,New York,New York,Series A,"Oct 16, 2025",$1M to $10M,Active,www.bevel.health/,"Bevel is a holistic health and performance platform designed to empower users to take control of their well-being. By integrating data from wearables and supporting continuous glucose monitoring, it delivers personalized scores for recovery, strain, sleep, nutrition, stress, and energy. With strength-building tools, habit journaling, and science-driven insights, it aims to replace fragmented health apps and foster long-term healthspan optimization.",1-10,hello@bevel.health,Ben Yang,"Software, Sports, Apps, Fitness, Health Care, mHealth, Wellness"
pgEdge,Alexandria,Virginia,Seed,"Mar 11, 2025",$1M to $10M,Active,www.pgedge.com,"PgEdge offers distributed PostgreSQL to optimize network edge, reduce data latency, and achieve ultra-high availability. The company is dedicated to distributed Postgres to make it easy for developers to build and deploy distributed database applications across the global network. Its multi-master (active-active) replication technology, which can operate across geographic regions, reduces latency and ensures ultra-high availability for mission-critical applications.",11-50,,Denis Lussier,"Software, Cloud Data Services, Cloud Infrastructure, Information Technology, Network Hardware"
QFEX,New City,New York,Seed,"Mar 5, 2026",,Active,qfex.com,"QFEX is the 24/7 exchange for traditional financial markets. 
We let you trade US equities, commodities and FX pairs with (or without) leverages of up to 50x. On QFEX, UX comes first: brokerless market access, seamless integration with traditional payment rails, and ultra-efficient Perpetual Futures offered over all asset classes. Trading has never been simpler or cheaper than with QFEX.

Founded by Quants and Engineers from Citadel & Tower Research who saw an opportunity to make markets how they always should have been, QFEX will eventually replace the entire $100 billion exchange and clearing industry.",1-10,,Annanay Kapila,"Financial Exchanges, Stock Exchanges, Trading Platform"
april,New York,New York,Series B,"Jul 23, 2025",$10M to $50M,Active,www.getapril.com,"April offers embeddable tax solutions for financial services platforms, allowing them to integrate tax forecasting, filing, and transcript access. The company's AI-powered tax engine aims to streamline the tax experience for clients, providing white-labeled self-service or professional-led options. It helps financial platforms offer a holistic financial experience by addressing clients' tax needs.",51-100,,Ben Borodach,"Financial Services, FinTech, Tax Consulting, Tax Preparation"
Kognitos,San Jose,California,Series B,"Jun 24, 2025",$1M to $10M,Active,www.kognitos.com,"Kognitos is an AI platform that automates business operations through neurosymbolic AI. It provides pre-built AI agents that analyze data and extract key information without requiring coding skills. Users can automate processes using plain English, making it accessible for sales teams to streamline their workflows. The platform emphasizes governance and tool consolidation, allowing organizations to enhance efficiency in their operations. Kognitos supports sales development representatives by simplifying data retrieval and analysis, enabling them to focus on strategic tasks rather than manual data management. Overall, Kognitos transforms how businesses approach automation and data handling.",101-250,sales@kognitos.com,Binny Gill,"Science and Engineering, Software, Artificial Intelligence (AI), Business Development"
MoldCo,Boston,Massachusetts,Seed,"Sep 18, 2025",,Active,www.moldco.com,"MoldCo offers a telehealth platform focused on addressing symptoms and health effects associated with mold exposure and environmental toxins. It connects members with licensed clinicians who conduct diagnostic evaluations via lab testing, biomarker panels, symptom intake questionnaires, and exposure assessments. Treatment plans are customized, often delivered to the member’s home, and include prescription-strength therapies, binders, peptides, and environmental remediation guidance. MoldCo also runs research initiatives to study mold toxicity, identify relevant biomarkers, and refine treatment protocols. The company emphasizes continuous provider support and follow-up throughout a patient’s care journey.",11-50,support@moldco.com,Ariana Thacker,"Health Care, Medical, Personal Health, Wellness"
Frontier Medicines,San Francisco,California,Series C,"Jun 25, 2024",$1M to $10M,Active,frontiermeds.com/,Frontier Medicines is a biopharmaceutical company that develops a chemoproteomics platform to accelerate the development of medicines. Its platform integrates advanced computational approaches and machine learning to discover and pharmacologically target new binding pockets on proteins that make them accessible to small-molecule drug discovery and development.,101-250,contact@frontiermeds.com,Chris Varma,"Biopharma, Biotechnology, Life Science, Pharmaceutical, Precision Medicine"
Freshpaint,San Francisco,California,Series B,"Jul 16, 2024",$1M to $10M,Active,freshpaint.io,"Freshpaint is a data platform that develops software that facilitates marketing by collecting customer data. It connects the customer data from the site or app to marketing and analytics tools. It also automates tedious work so engineering can focus on the product. Freshpaint is capable of integrating marketing and analytics tools with one click. The platform helps product, data, and growth teams set up the customer behavioral data they need to build a better product, drive engagement, and improve retention.

The company was co-founded by Michael Malis and Steven Fitzsimmons.",51-100,,Michael Malis,"Software, Analytics, Data Mining, Information Services, Marketing"
Tombot,Santa Clarita,California,Series A,"Jun 12, 2025",$1M to $10M,Active,www.tombot.com,"Tombot specializes in creating robotic animals and digital health solutions. The company targets a market of over 200 million individuals living with dementia or pre-dementia mild cognitive impairment. Research has demonstrated that robotic animals can effectively alleviate behavioral and psychological symptoms associated with dementia, including loneliness, anxiety, depression, hallucinations, and violent anger, while also reducing the dependence on harmful psychotropic medications. Tombot’s mission is encapsulated in its tagline, ""A dog for people who can’t have dogs.",1-10,tom.stevens@tombot.com,Hank Schorz,"Science and Engineering, Software, Assisted Living, Assistive Technology, Electronics, Home Health Care, Medical Device"
Luminary,San Mateo,California,Series B,"Sep 15, 2025",$10M to $50M,Active,luminary.ai,"Luminary enables engineers to encode physics into AI, transforming how physical systems are designed, built, and operated. What once required thousands of simulations and months of iteration can now be explored in seconds, unlocking a new era of speed, scale, and ambition in engineering.

Physics AI models enable designers and engineers to instantly predict the physical performance of products like cars, aircraft, electronics and turbomachinery. 

Customers span industries from aerospace and defense, automotive, industrial manufacturing and sporting goods, including Otto Aerospace, Joby Aviation and Sceye.",51-100,info@luminarycloud.com,Jason Lango,"Science and Engineering, Software, Analytics, Artificial Intelligence (AI), Information Technology, SaaS"
HealthEx,San Francisco,California,Series A,"Oct 21, 2024",$1M to $10M,Active,www.healthex.io,,11-50,,Anand Raghavan,"Health Care, Medical, Precision Medicine"
Gradial,Seattle,Washington,Series B,"Dec 3, 2025",$1M to $10M,Active,www.gradial.com,"Gradial delivers an AI-powered platform for enterprise marketing operations that automates the content supply chain for large organizations. The company’s software uses intelligent agents to handle content authoring, page production, campaign execution, quality assurance, brand compliance, and other routine marketing tasks, working alongside existing CMS and workflow tools. Gradial integrates with common enterprise systems so marketing teams can accelerate publishing, reduce manual handoffs, and manage large-scale content updates across channels. The platform supports enterprises in streamlining content workflows, enabling faster, more consistent, and brand-aligned digital marketing execution across multiple touchpoints.",11-50,,Anish Chadalavada,"Sales and Marketing, Science and Engineering, Software, Artificial Intelligence (AI), Content, Content Marketing, Enterprise Software"
Ocient,Chicago,Illinois,Series B,"Apr 22, 2025",$1M to $10M,Active,ocient.com,"Ocient is a developer of a data analytics platform designed to provide rapid analysis of massive datasets. The company's platform works on large datasets measured in tens of terabytes, petabytes, or exabytes with trillions or quadrillions of rows, as well as ingressing billions of rows per second, filtering, and computing aggregate results at rates of up to trillions of rows per second, allowing organizations to harness the power of large datasets at scale and velocity.",101-250,,Chris Gladwin,"Software, Analytics, Big Data, Computer, Database"
On.Energy,Miami,Florida,Series B,"Jan 28, 2025",$10M to $50M,Active,www.on.energy,"On.Energy develops, constructs, and operates turnkey solutions for smarter energy storage. It has its own analytics and AI-powered energy management software, as well as extensive industry knowledge, and it takes pride in developing integral solutions for smarter energy storage.",101-250,info@on.energy,Alan Cooper,"Sustainability, Analytics, Energy, Energy Management, Energy Storage, Renewable Energy"
Nava,New York,New York,Series C,"Oct 7, 2025",$50M to $100M,Active,www.navabenefits.com/,"Nava is a new kind of benefits brokerage on a mission to bring high-quality, affordable healthcare to employers and their employees. It offers healthcare tools, year-round employee advocacy, and ongoing measurement to monitor and recommend healthcare plans, thus enabling clients to provide the required benefits to their employees while lowering overall plan cost.",51-100,sales@nava.io,Brandon Weber,"Professional Services, Consulting, Employee Benefits, Health Care, Insurance, InsurTech"
Theom,San Jose,California,Series A,"May 12, 2025",$1M to $10M,Active,www.theom.ai,"Theom is an IT company that provides an AI-native data operations center platform to discover, track, and protect enterprise data in cloud environments. Its platform delivers immediate value by uncovering risks to data loss and prioritizing corrective actions and helps enterprises to focus on growing their business by securely using data in the cloud. Its data operations center platform also puts data context, usage, and risk intelligence at the core of governance and security operations, helping teams move fast without compromising customer trust.",11-50,support@theom.com,Navindra Yadav,"Internet Services, Privacy and Security, Science and Engineering, Artificial Intelligence (AI), Cloud Data Services, Cloud Security, Enterprise Software, Information Technology"
Every,San Francisco,California,Series A,"Sep 5, 2024",$1M to $10M,Active,every.io/,"Every provides a financial technology platform to manage back-office operations for startups. The platform supports incorporation services for Delaware C-Corps, banking and debit card services through a partner bank, treasury functions including investments in U.S. Treasury bills and money market funds, payroll processing across all states, and employee benefits administration. It also includes bookkeeping tools, financial statement preparation, and tax support. Every integrates these services to streamline administrative, financial, and compliance tasks for early-stage companies.",11-50,,Barry Peterson,"Lending and Investments, Payments, Science and Engineering, Artificial Intelligence (AI), Banking, Credit Cards, Financial Services, FinTech"
Self Protocol,San Francisco,California,Seed,"Nov 13, 2025",,Active,self.xyz,"Self is spearheading a secure, human-first internet by allowing users to verify their identities while maintaining their privacy. Self Protocol is an identity and proof-of-humanity solution that uses zero-knowledge technology to confirm personhood and distinctive traits, like age and nationality, without revealing private information.",11-50,,Eric Nakagawa,"Information Technology, Internet Services, Privacy and Security, Biometrics, Identity Management, Web3"
Navina,New York,New York,Series C,"Mar 25, 2025",$10M to $50M,Active,www.navina.ai,"Navina develops an AI-driven platform that restructures patient data into intuitive patient portraits for better diagnoses and care.

Born from the vision of replacing the time-consuming chaos of patient data with a logical, actionable platform, Navina enables physicians to assess even the most complex cases in minutes. Its technology restructures disorganized data into an intelligible patient portrait, intuitively organized to support sophisticated and empathetic patient care. By leveraging AI and machine learning, the platform ensures that the most important information is immediately clear, diagnostically linked, and contextually surfaced, providing physicians with a comprehensive view of each patient’s data.

The result is improved patient wellness and enhanced financial performance for both providers and payers. Navina is also a partner of the American Academy of Family Physicians (AAFP) Innovation Lab.",101-250,contact@navina.ai,Ronen Lavi,"Science and Engineering, Software, Artificial Intelligence (AI), Health Care, Health Diagnostics, Machine Learning, Medical"
Deep Cogito,San Francisco,California,Series A,"Apr 8, 2026",,Active,www.deepcogito.com/,,1-10,,Dhruv Malrana,"Software, Artificial Intelligence (AI), Machine Learning"
Neok Bio,Palo Alto,California,Series A,"Mar 30, 2026",,Active,www.neokbio.com/,,1-10,,,"Biotechnology, Oncology, Pharmaceutical"
Elicit,Oakland,California,Series A,"Feb 26, 2025",,Active,elicit.com,"Elicit is an artificial intelligence research assistant that uses language models to help users automate research workflows. This research assistant finds relevant papers without a perfect keyword match, summarizes takeaways from the papers, and extracts key information from the papers.",11-50,,Andreas Stuhlmüller,"Information Technology, Science and Engineering, Software, Artificial Intelligence (AI), Database, Data Center Automation"
Uwill,Natick,Massachusetts,Series A,"Jan 15, 2026",$100M to $500M,Active,www.uwill.com,"Uwill incorporates technologies that facilitate best-in-class video and message-based counseling within a secure environment. Uwill’s mission is to expand mental health access and services to colleges by building on technology-enabled models that have been validated in recent years. 

Uwill modernized and enhanced the current mental health campus offerings by creating a two-sided technology-based platform connecting students with experienced mental health professionals for when the need arises.",51-100,,Michael London,"Consulting, Health Care, Mental Health, Wellness"
Zeto,Santa Clara,California,Series B,"Jan 8, 2025",$1M to $10M,Active,zeto-inc.com/,"Zeto is a commercial stage medical technology startup transforming the way EEG (Electroencephalography) is done at hospitals. We are solving a problem unsolved since EEG was invented in 1924, i.e., an archaic, tedious approach that consumes time, requires a trained technician and puts the patient through a poor experience.

Our product is the first FDA cleared wireless, zero-prep, easy-to-wear headset with dry electrodes. The device is backed by a digital platform that offers instant upload, tools for analysis, and remote interpretation by neurologists. A process that takes over 30 mins by a technician just to set up will instead take just 5 minutes from putting on the headset to interpretable EEG.

Zeto has won several awards including $350,000 from the Epilepsy Foundation, 2018 MedTech Innovator Showcase company, 2018 Exponential Medicine MEDY Outstanding Pitch Award, 2017 Rosenman Innovator by UCSF's QB3.",11-50,info@zetoinc.com,Aswin Gunasekar,"Manufacturing, Software, Analytics, Apps, Health Care, Medical"
Sonic Fire Tech,Cleveland,Ohio,Seed,"Oct 6, 2025",,Active,www.sonicfiretech.com/,"Sonic Fire Tech develops acoustic-based fire suppression systems designed to prevent and control the spread of wildfires. The company’s patented technology uses sound waves to extinguish fires by disrupting the combustion process. Its system is installed within buildings, deploying through concealed ducting from attics to rain gutters to create an automated defense mechanism during fire events. The approach is engineered to mitigate fire damage without relying on water or chemicals, offering a sustainable and efficient fire prevention method.",1-10,contact@sonicfiretech.com,,"Home Improvement, Security"
Oloid,Sunnyvale,California,Series A,"Oct 24, 2024",$1M to $10M,Active,www.oloid.ai/,"OLOID is a passwordless authentication platform tailored for frontline workers and shared devices. Fortune 500 companies in manufacturing, retail, healthcare, pharmaceuticals, and other frontline industries rely on OLOID to securely authenticate deskless workers using non-smartphone enabled factors such as face, NFC, RFID badges, etc., all while meeting strict security and regulatory requirements. Headquartered in Sunnyvale, California, OLOID is backed by leading investors including Dell Technologies Capital, Yaletown Partners, Honeywell Ventures, Okta Ventures, Unusual Ventures, and Emergent Capital.",51-100,info@oloid.ai,Madhu Madhusudhanan,"SaaS, Software"
Helium,San Francisco,California,Seed,"Aug 14, 2025",,Active,tryhelium.com/,,1-10,founders@tryhelium.com,Anish Doshi,"Software, B2B, Developer Tools, Machine Learning"
Brandlight,New York,New York,Series A,"Feb 11, 2026",,Active,www.brandlight.ai,"Brandlight is a digital technology company that provides an AI-driven platform for monitoring, analyzing, and optimizing how brands appear and are represented across AI-generated search and conversational results on platforms. Its platform tracks real-time AI visibility signals, including brand mentions, sentiment, share of voice, and citation sources, to help marketing, content, and brand teams understand how AI models reference their content and narratives. Brandlight also offers analytics and governance tools that enable users to assess competitive context, identify content opportunities, and align AI-facing messaging with brand strategy. The company works with enterprise clients to integrate insights into digital strategies that bridge traditional SEO with emerging AI discovery workflows and support decision-making around content optimization and brand presence in AI-mediated interactions. Brandlight’s technology emphasizes multi-engine coverage and structured visibility intelligence tailored to evolving AI search landscapes.",11-50,support@brandlight.ai,Didi Dvash,"Sales and Marketing, Science and Engineering, Software, Artificial Intelligence (AI), Brand Marketing, Digital Marketing, Information Technology"
Sahara AI,Los Angeles,California,Series A,"Aug 14, 2024",,Active,saharaai.com,"Sahara AI is a decentralized AI network that enables freely and securely deploying autonomous AI with a high-performance, privacy-first network. Its collaboration network helps individuals and businesses deploy personalized, autonomous AI. It also offers a permissionless and privacy-centric network that allows cross-agent communication, knowledge transfer, and capitalization between individuals.",11-50,,Sean Ren,"Internet Services, Other, Science and Engineering, Artificial Intelligence (AI), Blockchain, Decentralized Finance (DeFi), Web3"
Athena Security Inc,Austin,Texas,Seed,"Jul 31, 2024",$1M to $10M,Active,www.athena-security.com,"Athena’s mission is to help save lives.   Athena Security's integrated suite of threat detection solutions offers a powerful shield for healthcare, educational institutions and anyone looking for protecting their entryway.  Our Weapons Detection System (WDS) software acts as a vigilant first line of defense, proactively identifying concealed weapons and other potential threats.  With AI-powered features inspired by DHS. Athena's WDS ensures a safe environment for patients, students, visitors and staff.  Newly released Holographic displays to help keep officers less distracted along with AR glasses to help officers never miss another alert. 

But true security goes beyond detection. Our Visitor Management System (VMS) seamlessly integrates with the WDS to provide comprehensive protection. By streamlining visitor check-in, capturing vital information, and performing real-time background checks, the Visitor Management System helps prevent unauthorized access by individuals with concerning histories.  This integration with systems like Epic enhances efficiency while strengthening security protocols,  Athena has put together best in class concealed weapons detection system with AI Software inspired by DHS that helps you run your secure entryway more efficiently.  Athena has installed casinos, schools, hospitals and even jewelry store / SMB's.  Athena is headquartered in Austin TX with offices in San Francisco California and an ""Experience Center"" in Jacksonville, Florida.",51-100,info@athenacameras.com,Christopher Ciabarra,"Hardware, Health Care, Information Technology, Artificial Intelligence (AI), Computer Vision, Cyber Security, Machine Learning"
Precede Biosciences,Boston,Massachusetts,Series B,"Jan 12, 2026",,Active,www.precede.bio,"Precede Biosciences is a biotechnology company that provides a blood-based approach to reveal disease-defining transcriptional biology. The company aims to increase drug development success rates and to contribute to a future in which every patient can receive a speedy, minimally invasive diagnosis and therapy tailored to the biology of their condition. It provides a genome-wide platform that simultaneously explores the dynamic, feature-rich space of gene promoters, gene enhancers, and the DNA methylome from a single milliliter (1 mL) of plasma. It is actively partnering with drug developers to accelerate the development of precision medicines by identifying the biology associated with response and resistance to treatment and by identifying targets mechanistically linked to disease biology.",11-50,INFO@PRECEDE.BIO,Rehan Verjee,"Biopharma, Biotechnology, Health Care, Life Science"
Klarity,San Francisco,California,Series B,"Jun 24, 2024",,Active,www.klarity.ai/,"Klarity's software simplifies your ASC 606 or IFRS 15 customer contract review process. Klarity normalizes your contract review controls through a standardized checklist, uses Machine Learning to review customer contracts for clauses with potential revenue impact, documents technical Revenue Recognition impact according to ASC 606 or IFRS 15, and stores all relevant documents (e.g. MSA, Order Form, RevRec schedule and Invoice) in one record. 

Klarity was founded by Andrew Antos, a Harvard lawyer, and Nischal Nadhamuni, an MIT Computer Science graduate.",101-250,hello@klaritylaw.com,Andrew Antoš,"Financial Services, Information Technology, Professional Services, Accounting, Artificial Intelligence (AI), Document Management, Document Preparation, Generative AI"
GoTu,Miami,Florida,Series A,"Nov 18, 2025",,Active,gotu.com,"GoTu is a technology‑driven dental workforce marketplace transforming how dental practices and professionals connect. As the largest dental talent marketplace in the United States, GoTu’s platform enables dental offices to fill short‑term and long‑term roles by connecting them directly with verified dental hygienists, dental assistants, associate dentists, and other qualified professionals.",101-250,community@joingotu.com,Cary Gahm,"Health Care, Mobile, Professional Services, Apps, Dental, Human Resources, Marketplace"
Seasats,San Diego,California,Series A,"Feb 17, 2026",$1M to $10M,Active,seasats.com,"Seasats designs and manufactures autonomous surface vehicles that gather maritime data and perform unmanned missions for defense, scientific research, and commercial operations. Its products include modular unmanned vessels capable of long-duration deployments, real-time sensing, and integration with various payloads for monitoring ocean conditions, surveillance, and environmental observation. The company provides options for customers to acquire or lease these vessels and supports payload integration and mission planning tools for remote operation. Seasats’ platforms are engineered to operate without onboard crews, enabling persistent presence and data collection across wide ocean areas.",11-50,info@seasats.com,Dan Flanigan,"Data and Analytics, Government and Military, Hardware, Artificial Intelligence (AI), Drones, Marine Technology, National Security, Robotics"
"Soaak Technologies, Inc.",San Diego,California,Series A,"Nov 19, 2024",$1M to $10M,Active,www.soaak.com/,"Soaak Technologies employs a comprehensive whole-person approach to enhance health and wellness, emphasizing mental health optimization through its innovative digital app. This app leverages clinically proven sound frequency compositions designed to improve mood, boost productivity, and reduce anxiety. It also aids in promoting restful and deep REM sleep. Beyond its digital offerings, Soaak extends its services through physical clinics. These clinics provide an array of treatments and approaches, including neurofeedback, talk therapy, functional medicine, holistic health services, biohacking, and thermography, among others. Demonstrating its global reach and effectiveness, Soaak has delivered over 21 million minutes of digital health services to users across 133 countries, showcasing its commitment to improving health and well-being on a global scale. Soaak Technologies just won its second award with the United States Air Force in February 2024.",11-50,info@soaak.com,Aaron Fournier,"Science and Engineering, Software, Artificial Intelligence (AI), Health Care, Mental Health, Personal Health, Wellness"
Tamarind Bio,San Francisco,California,Series A,"Feb 24, 2026",Less than $1M,Active,www.tamarind.bio/,,11-50,,Deniz Kavi,"Software, Artificial Intelligence (AI), Machine Learning, SaaS"
Loman AI,Austin,Texas,Seed,"Aug 26, 2025",,Active,www.loman.ai/,"Loman AI is building the world’s best AI phone answering platform for restaurants. The company’s voice AI handles calls 24/7, taking orders, booking reservations, answering menu questions, and more, all while integrating directly with a restaurant’s POS and reservation systems. By capturing every call and never putting customers on hold, Loman turns the phone from a burden into a profit center, driving upsells, higher order volume, and improved guest experiences.

Trusted by independent operators and multi-unit groups alike, Loman AI scales front-of-house operations without adding staff. Restaurants using Loman see higher productivity, reduced labor costs, and smoother service during peak hours. With multi-language support, seamless integrations, and the ability to handle unlimited simultaneous calls, Loman AI is redefining how restaurants engage with their guests.",11-50,hey@loman.ai,Jansen Derr,"Science and Engineering, Software, Artificial Intelligence (AI), Restaurants"
Lemurian Labs,Santa Clara,California,Series A,"Dec 3, 2025",$1M to $10M,Active,www.lemurianlabs.com,"Lemurian Labs has created a universal platform that works across any hardware and spans compiler technology and runtime orchestration. This streamlined, hardware-agnostic approach simplifies AI development, enabling organizations to write code once and deploy it seamlessly across edge, cloud and on-premise environments. By cutting through the complexity of fragmented software ecosystems, Lemurian Labs empowers businesses to build and scale AI efficiently, affordably and responsibly—unlocking the full potential of AI innovation without proprietary constraints.",11-50,info@lemurianlabs.com,Jay Dawani,"Internet Services, Other, Science and Engineering, Artificial Intelligence (AI), Cloud Management, Infrastructure, Machine Learning"
Natural,San Francisco,California,Seed,"Oct 23, 2025",,Active,www.natural.co,,1-10,hi@natural.co,Kahlil Lalji,"Science and Engineering, Software, Artificial Intelligence (AI), Financial Services"
Toma,San Francisco,California,Series A,"Jun 5, 2025",,Active,www.toma.com,The AI platform for underserved industries.,11-50,hi@toma.com,Anthony Krivonos,"Science and Engineering, Software, Transportation, Artificial Intelligence (AI), Automotive, Call Center"
Syncari,Newark,California,Series B,"Sep 10, 2025",$1M to $10M,Active,syncari.com,"Syncari is the first Agentic Master Data Management (MDM) platform built for the AI era. Trusted by Fortune 1000 enterprises, Syncari unifies, governs, and synchronizes data in real-time, creating structured, trusted, and AI-ready pipelines for LLMs, copilots, and autonomous agents. By eliminating silos and operationalizing trust at scale, Syncari empowers organizations to accelerate intelligent decision-making and unlock the full potential of their data. Learn more at www.syncari.com.
Platform Features:
*Agentic MDM Core: Automates data unification, governance, and synchronization across platforms.
*Unified Data Architecture: Seamlessly integrates and consolidates data from CRMs, ERPs, and BI tools.
*Data Reliability Engine: Advanced AI enhances data quality, consistency, and integrity across systems.
*No-Code Flexibility: Simplifies implementation with intuitive, no-code tools, empowering data teams and reducing reliance on IT.",51-100,info@syncari.com,Neelesh Shastry,"Internet Services, Manufacturing, Software, Health Care, Information Technology, Internet, SaaS"
Krane,Foster City,California,Seed,"Mar 25, 2026",,Active,krane.tech,,11-50,,Eshan Jayamanne,"Real Estate, Science and Engineering, Software, Artificial Intelligence (AI), Construction, Information Technology, Supply Chain Management"
Charm Security,New York,New York,Seed,"Feb 10, 2026",,Active,charmsecurity.co,"Charm Security is an AI-powered Scam and Fraud Defense platform that protects organizations and their customers from scams, social engineering, and other human-centric fraud. Our specialized AI Agents combine behavioral psychology and fraud expertise with real-time contextual intelligence to prevent scams and human-centric attacks, enable effective intervention and resolution, and reduce losses and operational costs, while enhancing trust and safeguarding organizational reputation.",11-50,roy@charmsecurity.co,Avichai Ben,"Information Technology, Payments, Privacy and Security, Artificial Intelligence (AI), Cyber Security, Financial Services, FinTech, Fraud Detection"
Swing Education,San Mateo,California,Series C,"Jul 15, 2025",$1M to $10M,Active,www.swingeducation.com,"Swing Education develops a substitute teaching platform to provide substitute teachers to fill staff absences. It handles  screening, paperwork, and assignments that allow teachers to obtain assignments for schools and place quality substitutes throughout the school year.",501-1000,contact@swingeducation.com,Asha Visweswaran,"EdTech, Education, E-Learning, Recruiting"
OpenLaw,San Francisco,California,Seed,"Jul 22, 2025",,Active,openlaw.com,"OpenLaw helps individuals find the right attorneys based on specialty, experience, and location, making the legal hiring process easier. Using a proprietary intake/distribution engine, OpenLaw automates client intake, triages case complexity, and instantly matches individuals with vetted attorneys across family, civil, traffic, criminal, and immigration law. Clients typically connect with an attorney in under five minutes, realizing up to 70% savings in fees and dramatically shorter case-initiation timelines. 

At the same time, OpenLaw empowers attorneys and small–medium law firms by delivering pre-qualified, well-matched cases directly to them and providing an integrated suite of practice-management tools—e-signatures, payments, scheduling, document portals, docket tracking, and AI assistance—so they can focus on practicing law rather than marketing or administrative tasks.",11-50,hello@openlaw.com,Abtin Gramian,"Professional Services, Software, Legal, Legal Tech, Marketplace, Project Management, SaaS"
Skyryse,El Segundo,California,Series C,"Feb 3, 2026",$10M to $50M,Active,www.skyryse.com,"Skyryse is an aerospace technology company that develops pilot assistance and autonomous flight systems designed to support safer, more accessible helicopter operations. The company’s technology integrates flight control software, sensors, and interface systems that help pilots execute complex maneuvers with enhanced precision and situational awareness, particularly in challenging environments such as urban, offshore, or emergency response missions. Skyryse provides solutions that automate key phases of flight, including takeoff, navigation, and landing, by translating high-level inputs into coordinated control actions that align with aircraft performance and safety parameters. The company also works with OEMs, operators, and regulatory partners to certify and deploy its systems within existing rotorcraft platforms, enabling integration with avionics, mission planning, and training workflows. Its platform supports real-time data processing, redundancy management, and human-machine interaction design to assist crews while maintaining compliance with aviation safety standards. Skyryse engages with technical teams and stakeholders across civil, commercial, and public safety aviation sectors to advance adoption of automated flight capabilities that enhance operational consistency and pilot effectiveness.",101-250,sales@skyryse.com,Mark Groden,"Science and Engineering, Software, Transportation, Aerospace, Air Transportation, Artificial Intelligence (AI), Hardware"
Oneleet,Wilmington,Delaware,Series A,"Oct 2, 2025",,Active,oneleet.com,"Oneleet helps companies achieve SOC 2, ISO 27001, and other compliance certifications by making them genuinely secure. We consolidate penetration testing, code scanning, cloud security, attack surface monitoring, MDM, and security training into one integrated platform, eliminating the need for multiple vendors and ending compliance theater.",101-250,info@oneleet.com,Bryan Onel,"Privacy and Security, Professional Services, Science and Engineering, Artificial Intelligence (AI), Compliance, Cyber Security, Penetration Testing, SaaS"
OpenInfer,San Mateo,California,Seed,"Feb 20, 2025",$1M to $10M,Active,www.openinfer.io/,"OpenInfer is an end-to-end enterprise inference structure that integrates dispersed, heterogeneous edge computation (CPUs, GPUs, and NPUs) into a single coordinated AI system. It focuses on hardware optimization and enterprise-grade software development to redefine artificial intelligence inference. The company's objective is to provide AI inference to enterprises, enabling seamless integration across client and cloud platforms.",11-50,contact@openinfer.io,Behnam Bastani,"Information Technology, Software, Agentic AI, Data Integration, GPU"
August,New York,New York,Seed,"Aug 5, 2025",,Active,www.august.law,"August specializes in configurable legal AI platforms tailored for law firms and legal professionals. August offers a personalized approach to legal AI deployment, working closely with client firms to build custom workflows and generate legal documents, such as Word or PDF files, according to specific firm standards. The company emphasizes secure ingestion of a firm’s sample matters, templates, and guidelines, delivering highly tailored AI-assisted legal work product rather than generalized outputs.",11-50,team@august.law,Joseph Parker,"Professional Services, Science and Engineering, Software, Artificial Intelligence (AI), Developer Platform, Information Technology, Legal"
Hamilton AI,San Francisco,California,Seed,"Mar 19, 2026",,Active,www.hamilton.ai,,1-10,wouter@hamilton.ai,,"Software, Aerospace, Artificial Intelligence (AI)"
Scala,Bellevue,Washington,Seed,"Feb 11, 2026",,Active,scala.ai,"Scala is an AI operations platform built for modern contact center and customer experience leaders. As CX organizations grow, they’re buried under disconnected systems, fragmented data, and endless dashboards that describe symptoms but rarely explain causes. Manual processes drain frontline teams, while leaders are left guessing why the same issues keep resurfacing across channels. 

Scala was created to bring order to that complexity.

With Scala, world-class operators see clearly, diagnose what matters, and act with confidence at scale.",11-50,info@scala.ai,Ardie Sameti,"Information Technology, Science and Engineering, Software, Artificial Intelligence (AI), Call Center, Generative AI"
